FREQ,IROLOBE2_MATUR,IROLOBE2_TYPE,DATE,YIELD
M,2Y,F,2000-01-01,4.334
M,2Y,F,2000-02-01,4.48
M,2Y,F,2000-03-01,4.531
M,2Y,F,2000-04-01,4.551
M,2Y,F,2000-05-01,4.982
M,2Y,F,2000-06-01,5.009
M,2Y,F,2000-07-01,5.146
M,2Y,F,2000-08-01,5.251
M,2Y,F,2000-09-01,5.198
M,2Y,F,2000-10-01,5.158
M,2Y,F,2000-11-01,5.116
M,2Y,F,2000-12-01,4.805
M,2Y,F,2001-01-01,4.522
M,2Y,F,2001-02-01,4.542
M,2Y,F,2001-03-01,4.419
M,2Y,F,2001-04-01,4.469
M,2Y,F,2001-05-01,4.525
M,2Y,F,2001-06-01,4.357
M,2Y,F,2001-07-01,4.351
M,2Y,F,2001-08-01,4.148
M,2Y,F,2001-09-01,3.806
M,2Y,F,2001-10-01,3.478
M,2Y,F,2001-11-01,3.388
M,2Y,F,2001-12-01,3.636
M,2Y,F,2002-01-01,3.818
M,2Y,F,2002-02-01,3.932
M,2Y,F,2002-03-01,4.188
M,2Y,F,2002-04-01,4.203
M,2Y,F,2002-05-01,4.277
M,2Y,F,2002-06-01,4.111
M,2Y,F,2002-07-01,3.867
M,2Y,F,2002-08-01,3.594
M,2Y,F,2002-09-01,3.339
M,2Y,F,2002-10-01,3.245
M,2Y,F,2002-11-01,3.158
M,2Y,F,2002-12-01,2.96
M,2Y,F,2003-01-01,2.741
M,2Y,F,2003-02-01,2.557
M,2Y,F,2003-03-01,2.531
M,2Y,F,2003-04-01,2.601
M,2Y,F,2003-05-01,2.345
M,2Y,F,2003-06-01,2.097
M,2Y,F,2003-07-01,2.278
M,2Y,F,2003-08-01,2.585
M,2Y,F,2003-09-01,2.53
M,2Y,F,2003-10-01,2.605
M,2Y,F,2003-11-01,2.739
M,2Y,F,2003-12-01,2.694
M,2Y,F,2004-01-01,2.501
M,2Y,F,2004-02-01,2.422
M,2Y,F,2004-03-01,2.255
M,2Y,F,2004-04-01,2.434
M,2Y,F,2004-05-01,2.593
M,2Y,F,2004-06-01,2.727
M,2Y,F,2004-07-01,2.65
M,2Y,F,2004-08-01,2.538
M,2Y,F,2004-09-01,2.6
M,2Y,F,2004-10-01,2.497
M,2Y,F,2004-11-01,2.46
M,2Y,F,2004-12-01,2.402
M,2Y,F,2005-01-01,2.42
M,2Y,F,2005-02-01,2.432
M,2Y,F,2005-03-01,2.481
M,2Y,F,2005-04-01,2.36
M,2Y,F,2005-05-01,2.251
M,2Y,F,2005-06-01,2.119
M,2Y,F,2005-07-01,2.19
M,2Y,F,2005-08-01,2.255
M,2Y,F,2005-09-01,2.228
M,2Y,F,2005-10-01,2.457
M,2Y,F,2005-11-01,2.721
M,2Y,F,2005-12-01,2.774
M,2Y,F,2006-01-01,2.825
M,2Y,F,2006-02-01,2.927
M,2Y,F,2006-03-01,3.137
M,2Y,F,2006-04-01,3.289
M,2Y,F,2006-05-01,3.355
M,2Y,F,2006-06-01,3.434
M,2Y,F,2006-07-01,3.553
M,2Y,F,2006-08-01,3.562
M,2Y,F,2006-09-01,3.598
M,2Y,F,2006-10-01,3.662
M,2Y,F,2006-11-01,3.679
M,2Y,F,2006-12-01,3.741
M,2Y,F,2007-01-01,3.916
M,2Y,F,2007-02-01,3.956
M,2Y,F,2007-03-01,3.918
M,2Y,F,2007-04-01,4.109
M,2Y,F,2007-05-01,4.263
M,2Y,F,2007-06-01,4.487
M,2Y,F,2007-07-01,4.497
M,2Y,F,2007-08-01,4.199
M,2Y,F,2007-09-01,4.091
M,2Y,F,2007-10-01,4.123
M,2Y,F,2007-11-01,3.966
M,2Y,F,2007-12-01,4.044
M,2Y,F,2008-01-01,3.771
M,2Y,F,2008-02-01,3.462
M,2Y,F,2008-03-01,3.565
M,2Y,F,2008-04-01,3.9
M,2Y,F,2008-05-01,4.145
M,2Y,F,2008-06-01,4.685
M,2Y,F,2008-07-01,4.603
M,2Y,F,2008-08-01,4.307
M,2Y,F,2008-09-01,4.145
M,2Y,F,2008-10-01,3.345
M,2Y,F,2008-11-01,2.981
M,2Y,F,2008-12-01,2.69
M,2Y,F,2009-01-01,2.231
M,2Y,F,2009-02-01,1.926
M,2Y,F,2009-03-01,1.795
M,2Y,F,2009-04-01,1.748
M,2Y,F,2009-05-01,1.559
M,2Y,F,2009-06-01,1.642
M,2Y,F,2009-07-01,1.416
M,2Y,F,2009-08-01,1.562
M,2Y,F,2009-09-01,1.375
M,2Y,F,2009-10-01,1.442
M,2Y,F,2009-11-01,1.4
M,2Y,F,2009-12-01,1.373
M,2Y,F,2010-01-01,1.326
M,2Y,F,2010-02-01,1.227
M,2Y,F,2010-03-01,1.087
M,2Y,F,2010-04-01,1.051
M,2Y,F,2010-05-01,0.938
M,2Y,F,2010-06-01,1.045
M,2Y,F,2010-07-01,1.028
M,2Y,F,2010-08-01,0.873
M,2Y,F,2010-09-01,1.072
M,2Y,F,2010-10-01,1.253
M,2Y,F,2010-11-01,1.496
M,2Y,F,2010-12-01,1.999
M,2Y,F,2011-01-01,2.081
M,2Y,F,2011-02-01,2.159
M,2Y,F,2011-03-01,2.171
M,2Y,F,2011-04-01,2.245
M,2Y,F,2011-05-01,2.23
M,2Y,F,2011-06-01,2.214
M,2Y,F,2011-07-01,2.312
M,2Y,F,2011-08-01,1.962
M,2Y,F,2011-09-01,1.96
M,2Y,F,2011-10-01,2.178
M,2Y,F,2011-11-01,3.44
M,2Y,F,2011-12-01,2.545
M,2Y,F,2012-01-01,1.875
M,2Y,F,2012-02-01,1.36
M,2Y,F,2012-03-01,1.13
M,2Y,F,2012-04-01,1.154
M,2Y,F,2012-05-01,0.897
M,2Y,F,2012-06-01,0.854
M,2Y,F,2012-07-01,0.4
M,2Y,F,2012-08-01,0.346
M,2Y,F,2012-09-01,0.332
M,2Y,F,2012-10-01,0.265
M,2Y,F,2012-11-01,0.178
M,2Y,F,2012-12-01,0.106
M,2Y,F,2013-01-01,0.297
M,2Y,F,2013-02-01,0.386
M,2Y,F,2013-03-01,0.275
M,2Y,F,2013-04-01,0.201
M,2Y,F,2013-05-01,0.165
M,2Y,F,2013-06-01,0.384
M,2Y,F,2013-07-01,0.364
M,2Y,F,2013-08-01,0.423
M,2Y,F,2013-09-01,0.468
M,2Y,F,2013-10-01,0.397
M,2Y,F,2013-11-01,0.279
M,2Y,F,2013-12-01,0.336
M,2Y,F,2014-01-01,0.322
M,2Y,F,2014-02-01,0.286
M,2Y,F,2014-03-01,0.289
M,2Y,F,2014-04-01,0.284
M,2Y,F,2014-05-01,0.221
M,2Y,F,2014-06-01,0.119
M,2Y,F,2014-07-01,0.071
M,2Y,F,2014-08-01,0.046
M,2Y,F,2014-09-01,-0.027
M,2Y,F,2014-10-01,-0.014
M,2Y,F,2014-11-01,-0.002
M,2Y,F,2014-12-01,-0.029
M,2Y,F,2015-01-01,-0.084
M,2Y,F,2015-02-01,-0.108
M,2Y,F,2015-03-01,-0.14
M,2Y,F,2015-04-01,-0.181
M,2Y,F,2015-05-01,-0.149
M,2Y,F,2015-06-01,-0.12
M,2Y,F,2015-07-01,-0.172
M,2Y,F,2015-08-01,-0.177
M,2Y,F,2015-09-01,-0.17
M,2Y,F,2015-10-01,-0.214
M,2Y,F,2015-11-01,-0.296
M,2Y,F,2015-12-01,-0.306
M,2Y,F,2016-01-01,-0.341
M,2Y,F,2016-02-01,-0.406
M,2Y,F,2016-03-01,-0.413
M,2Y,F,2016-04-01,-0.431
M,2Y,F,2016-05-01,-0.456
M,2Y,F,2016-06-01,-0.484
M,2Y,F,2016-07-01,-0.572
M,2Y,F,2016-08-01,-0.58
M,2Y,F,2016-09-01,-0.582
M,2Y,F,2016-10-01,-0.614
M,2Y,F,2016-11-01,-0.585
M,2Y,F,2016-12-01,-0.635
M,2Y,F,2017-01-01,-0.574
M,2Y,F,2017-02-01,-0.576
M,2Y,F,2017-03-01,-0.558
M,2Y,F,2017-04-01,-0.564
M,2Y,F,2017-05-01,-0.536
M,2Y,F,2017-06-01,-0.563
M,2Y,F,2017-07-01,-0.499
M,2Y,F,2017-08-01,-0.548
M,2Y,F,2017-09-01,-0.562
M,2Y,F,2017-10-01,-0.569
M,2Y,F,2017-11-01,-0.616
M,2Y,F,2017-12-01,-0.589
M,2Y,F,2018-01-01,-0.45
M,2Y,F,2018-02-01,-0.433
M,2Y,F,2018-03-01,-0.465
M,2Y,F,2018-04-01,-0.48
M,2Y,F,2018-05-01,-0.488
M,2Y,F,2018-06-01,-0.542
M,2Y,F,2018-07-01,-0.514
M,2Y,F,2018-08-01,-0.486
M,2Y,F,2018-09-01,-0.449
M,2Y,F,2018-10-01,-0.486
M,2Y,F,2018-11-01,-0.496
M,2Y,F,2018-12-01,-0.502
M,2Y,F,2019-01-01,-0.488
M,2Y,F,2019-02-01,-0.476
M,2Y,F,2019-03-01,-0.492
M,2Y,F,2019-04-01,-0.505
M,2Y,F,2019-05-01,-0.542
M,2Y,F,2019-06-01,-0.613
M,2Y,F,2019-07-01,-0.672
M,2Y,F,2019-08-01,-0.77
M,2Y,F,2019-09-01,-0.715
M,2Y,F,2019-10-01,-0.66
M,2Y,F,2019-11-01,-0.613
M,2Y,F,2019-12-01,-0.619
M,2Y,F,2020-01-01,-0.599
M,2Y,F,2020-02-01,-0.62
M,2Y,F,2020-03-01,-0.585
M,2Y,F,2020-04-01,-0.437
M,2Y,F,2020-05-01,-0.525
M,2Y,F,2020-06-01,-0.541
M,2Y,F,2020-07-01,-0.597
M,2Y,F,2020-08-01,-0.606
M,2Y,F,2020-09-01,-0.633
M,2Y,F,2020-10-01,-0.692
M,2Y,F,2020-11-01,-0.695
M,2Y,F,2020-12-01,-0.721
M,2Y,F,2021-01-01,-0.687
M,2Y,F,2021-02-01,-0.642
M,2Y,F,2021-03-01,-0.643
M,2Y,F,2021-04-01,-0.637
M,2Y,F,2021-05-01,-0.632
M,2Y,F,2021-06-01,-0.647
M,2Y,F,2021-07-01,-0.68
M,2Y,F,2021-08-01,-0.715
M,2Y,F,2021-09-01,-0.687
M,2Y,F,2021-10-01,-0.656
M,2Y,F,2021-11-01,-0.736
M,2Y,F,2021-12-01,-0.689
M,2Y,F,2022-01-01,-0.6
M,2Y,F,2022-02-01,-0.37
M,2Y,F,2022-03-01,-0.31
M,2Y,F,2022-04-01,0.08
M,2Y,F,2022-05-01,0.3
M,2Y,F,2022-06-01,0.9
M,2Y,F,2022-07-01,0.6
M,2Y,F,2022-08-01,0.72
M,2Y,F,2022-09-01,1.59
M,2Y,F,2022-10-01,1.99
M,2Y,F,2022-11-01,2.17
M,2Y,F,2022-12-01,2.34
M,2Y,F,2023-01-01,2.61
M,2Y,F,2023-02-01,2.83
M,2Y,F,2023-03-01,2.85
M,2Y,F,2023-04-01,2.84
M,2Y,F,2023-05-01,2.78
M,2Y,F,2023-06-01,3.05
M,2Y,F,2023-07-01,3.23
M,2Y,F,2023-08-01,3.22
M,2Y,F,2023-09-01,3.34
M,2Y,F,2023-10-01,3.36
M,2Y,F,2023-11-01,3.18
M,2Y,F,2023-12-01,2.79
M,2Y,F,2024-01-01,2.86
M,2Y,F,2024-02-01,3.09
M,2Y,F,2024-03-01,3.11
M,2Y,F,2024-04-01,3.15
M,2Y,F,2024-05-01,3.2
M,2Y,F,2024-06-01,3.18
M,2Y,F,2024-07-01,3.02
M,2Y,F,2024-08-01,2.69
M,2Y,F,2024-09-01,2.54
M,2Y,F,2024-10-01,2.43
M,2Y,F,2024-11-01,2.37
M,2Y,F,2024-12-01,2.2
M,2Y,F,2025-01-01,2.38
M,2Y,F,2025-02-01,2.27
M,2Y,F,2025-03-01,2.32
M,2Y,F,2025-04-01,2.02
M,2Y,F,2025-05-01,2.0
M,2Y,F,2025-06-01,2.0
M,2Y,F,2025-07-01,2.02
M,2Y,F,2025-08-01,2.07
M,2Y,F,2025-09-01,2.11
M,2Y,F,2025-10-01,2.08
M,2Y,F,2025-11-01,2.12
M,2Y,F,2025-12-01,2.21
M,2Y,F,2026-01-01,2.18
M,2Y,F,2026-02-01,2.12
M,2Y,F,2026-03-01,2.51
M,2Y,F,2026-04-01,2.63
M,2Y,F,2026-05-01,2.69
M,2Y,F,2026-06-01,2.67
M,2Y,F,2026-07-01,2.75
M,2Y,F,2026-08-01,2.85
M,2Y,F,2026-09-01,3.2
M,3Y,F,2000-01-01,4.775
M,3Y,F,2000-02-01,4.889
M,3Y,F,2000-03-01,4.854
M,3Y,F,2000-04-01,4.821
M,3Y,F,2000-05-01,5.201
M,3Y,F,2000-06-01,5.151
M,3Y,F,2000-07-01,5.29
M,3Y,F,2000-08-01,5.356
M,3Y,F,2000-09-01,5.295
M,3Y,F,2000-10-01,5.215
M,3Y,F,2000-11-01,5.172
M,3Y,F,2000-12-01,4.832
M,3Y,F,2001-01-01,4.605
M,3Y,F,2001-02-01,4.629
M,3Y,F,2001-03-01,4.492
M,3Y,F,2001-04-01,4.558
M,3Y,F,2001-05-01,4.644
M,3Y,F,2001-06-01,4.503
M,3Y,F,2001-07-01,4.495
M,3Y,F,2001-08-01,4.29
M,3Y,F,2001-09-01,4.007
M,3Y,F,2001-10-01,3.723
M,3Y,F,2001-11-01,3.668
M,3Y,F,2001-12-01,3.992
M,3Y,F,2002-01-01,4.171
M,3Y,F,2002-02-01,4.299
M,3Y,F,2002-03-01,4.578
M,3Y,F,2002-04-01,4.572
M,3Y,F,2002-05-01,4.609
M,3Y,F,2002-06-01,4.416
M,3Y,F,2002-07-01,4.166
M,3Y,F,2002-08-01,3.848
M,3Y,F,2002-09-01,3.562
M,3Y,F,2002-10-01,3.509
M,3Y,F,2002-11-01,3.434
M,3Y,F,2002-12-01,3.223
M,3Y,F,2003-01-01,2.985
M,3Y,F,2003-02-01,2.76
M,3Y,F,2003-03-01,2.774
M,3Y,F,2003-04-01,2.876
M,3Y,F,2003-05-01,2.566
M,3Y,F,2003-06-01,2.314
M,3Y,F,2003-07-01,2.585
M,3Y,F,2003-08-01,2.972
M,3Y,F,2003-09-01,2.923
M,3Y,F,2003-10-01,3.001
M,3Y,F,2003-11-01,3.153
M,3Y,F,2003-12-01,3.094
M,3Y,F,2004-01-01,2.879
M,3Y,F,2004-02-01,2.775
M,3Y,F,2004-03-01,2.568
M,3Y,F,2004-04-01,2.789
M,3Y,F,2004-05-01,2.973
M,3Y,F,2004-06-01,3.131
M,3Y,F,2004-07-01,3.019
M,3Y,F,2004-08-01,2.87
M,3Y,F,2004-09-01,2.908
M,3Y,F,2004-10-01,2.772
M,3Y,F,2004-11-01,2.696
M,3Y,F,2004-12-01,2.607
M,3Y,F,2005-01-01,2.63
M,3Y,F,2005-02-01,2.654
M,3Y,F,2005-03-01,2.726
M,3Y,F,2005-04-01,2.564
M,3Y,F,2005-05-01,2.424
M,3Y,F,2005-06-01,2.253
M,3Y,F,2005-07-01,2.33
M,3Y,F,2005-08-01,2.401
M,3Y,F,2005-09-01,2.35
M,3Y,F,2005-10-01,2.605
M,3Y,F,2005-11-01,2.867
M,3Y,F,2005-12-01,2.888
M,3Y,F,2006-01-01,2.939
M,3Y,F,2006-02-01,3.068
M,3Y,F,2006-03-01,3.303
M,3Y,F,2006-04-01,3.486
M,3Y,F,2006-05-01,3.525
M,3Y,F,2006-06-01,3.592
M,3Y,F,2006-07-01,3.687
M,3Y,F,2006-08-01,3.639
M,3Y,F,2006-09-01,3.625
M,3Y,F,2006-10-01,3.685
M,3Y,F,2006-11-01,3.666
M,3Y,F,2006-12-01,3.742
M,3Y,F,2007-01-01,3.944
M,3Y,F,2007-02-01,3.974
M,3Y,F,2007-03-01,3.902
M,3Y,F,2007-04-01,4.116
M,3Y,F,2007-05-01,4.273
M,3Y,F,2007-06-01,4.54
M,3Y,F,2007-07-01,4.529
M,3Y,F,2007-08-01,4.225
M,3Y,F,2007-09-01,4.129
M,3Y,F,2007-10-01,4.17
M,3Y,F,2007-11-01,3.948
M,3Y,F,2007-12-01,4.049
M,3Y,F,2008-01-01,3.76
M,3Y,F,2008-02-01,3.44
M,3Y,F,2008-03-01,3.54
M,3Y,F,2008-04-01,3.927
M,3Y,F,2008-05-01,4.188
M,3Y,F,2008-06-01,4.764
M,3Y,F,2008-07-01,4.683
M,3Y,F,2008-08-01,4.298
M,3Y,F,2008-09-01,4.131
M,3Y,F,2008-10-01,3.616
M,3Y,F,2008-11-01,3.337
M,3Y,F,2008-12-01,3.117
M,3Y,F,2009-01-01,2.765
M,3Y,F,2009-02-01,2.522
M,3Y,F,2009-03-01,2.435
M,3Y,F,2009-04-01,2.328
M,3Y,F,2009-05-01,2.133
M,3Y,F,2009-06-01,2.272
M,3Y,F,2009-07-01,2.01
M,3Y,F,2009-08-01,2.155
M,3Y,F,2009-09-01,1.959
M,3Y,F,2009-10-01,1.98
M,3Y,F,2009-11-01,1.938
M,3Y,F,2009-12-01,1.893
M,3Y,F,2010-01-01,1.876
M,3Y,F,2010-02-01,1.76
M,3Y,F,2010-03-01,1.549
M,3Y,F,2010-04-01,1.507
M,3Y,F,2010-05-01,1.331
M,3Y,F,2010-06-01,1.5
M,3Y,F,2010-07-01,1.416
M,3Y,F,2010-08-01,1.197
M,3Y,F,2010-09-01,1.426
M,3Y,F,2010-10-01,1.577
M,3Y,F,2010-11-01,1.9
M,3Y,F,2010-12-01,2.441
M,3Y,F,2011-01-01,2.65
M,3Y,F,2011-02-01,2.724
M,3Y,F,2011-03-01,2.706
M,3Y,F,2011-04-01,2.814
M,3Y,F,2011-05-01,2.782
M,3Y,F,2011-06-01,2.749
M,3Y,F,2011-07-01,2.845
M,3Y,F,2011-08-01,2.667
M,3Y,F,2011-09-01,2.662
M,3Y,F,2011-10-01,2.925
M,3Y,F,2011-11-01,4.04
M,3Y,F,2011-12-01,3.353
M,3Y,F,2012-01-01,2.617
M,3Y,F,2012-02-01,1.846
M,3Y,F,2012-03-01,1.637
M,3Y,F,2012-04-01,1.639
M,3Y,F,2012-05-01,1.336
M,3Y,F,2012-06-01,1.278
M,3Y,F,2012-07-01,0.732
M,3Y,F,2012-08-01,0.641
M,3Y,F,2012-09-01,0.62
M,3Y,F,2012-10-01,0.505
M,3Y,F,2012-11-01,0.393
M,3Y,F,2012-12-01,0.294
M,3Y,F,2013-01-01,0.512
M,3Y,F,2013-02-01,0.62
M,3Y,F,2013-03-01,0.453
M,3Y,F,2013-04-01,0.356
M,3Y,F,2013-05-01,0.322
M,3Y,F,2013-06-01,0.647
M,3Y,F,2013-07-01,0.623
M,3Y,F,2013-08-01,0.712
M,3Y,F,2013-09-01,0.778
M,3Y,F,2013-10-01,0.671
M,3Y,F,2013-11-01,0.507
M,3Y,F,2013-12-01,0.572
M,3Y,F,2014-01-01,0.559
M,3Y,F,2014-02-01,0.471
M,3Y,F,2014-03-01,0.443
M,3Y,F,2014-04-01,0.429
M,3Y,F,2014-05-01,0.346
M,3Y,F,2014-06-01,0.236
M,3Y,F,2014-07-01,0.16
M,3Y,F,2014-08-01,0.116
M,3Y,F,2014-09-01,0.031
M,3Y,F,2014-10-01,0.039
M,3Y,F,2014-11-01,0.035
M,3Y,F,2014-12-01,0.007
M,3Y,F,2015-01-01,-0.04
M,3Y,F,2015-02-01,-0.079
M,3Y,F,2015-03-01,-0.119
M,3Y,F,2015-04-01,-0.157
M,3Y,F,2015-05-01,-0.09
M,3Y,F,2015-06-01,-0.034
M,3Y,F,2015-07-01,-0.101
M,3Y,F,2015-08-01,-0.114
M,3Y,F,2015-09-01,-0.105
M,3Y,F,2015-10-01,-0.165
M,3Y,F,2015-11-01,-0.241
M,3Y,F,2015-12-01,-0.23
M,3Y,F,2016-01-01,-0.27
M,3Y,F,2016-02-01,-0.369
M,3Y,F,2016-03-01,-0.375
M,3Y,F,2016-04-01,-0.383
M,3Y,F,2016-05-01,-0.404
M,3Y,F,2016-06-01,-0.441
M,3Y,F,2016-07-01,-0.556
M,3Y,F,2016-08-01,-0.563
M,3Y,F,2016-09-01,-0.559
M,3Y,F,2016-10-01,-0.555
M,3Y,F,2016-11-01,-0.48
M,3Y,F,2016-12-01,-0.544
M,3Y,F,2017-01-01,-0.512
M,3Y,F,2017-02-01,-0.51
M,3Y,F,2017-03-01,-0.482
M,3Y,F,2017-04-01,-0.518
M,3Y,F,2017-05-01,-0.484
M,3Y,F,2017-06-01,-0.517
M,3Y,F,2017-07-01,-0.414
M,3Y,F,2017-08-01,-0.499
M,3Y,F,2017-09-01,-0.512
M,3Y,F,2017-10-01,-0.511
M,3Y,F,2017-11-01,-0.556
M,3Y,F,2017-12-01,-0.511
M,3Y,F,2018-01-01,-0.337
M,3Y,F,2018-02-01,-0.288
M,3Y,F,2018-03-01,-0.334
M,3Y,F,2018-04-01,-0.365
M,3Y,F,2018-05-01,-0.378
M,3Y,F,2018-06-01,-0.46
M,3Y,F,2018-07-01,-0.444
M,3Y,F,2018-08-01,-0.406
M,3Y,F,2018-09-01,-0.346
M,3Y,F,2018-10-01,-0.344
M,3Y,F,2018-11-01,-0.38
M,3Y,F,2018-12-01,-0.399
M,3Y,F,2019-01-01,-0.405
M,3Y,F,2019-02-01,-0.406
M,3Y,F,2019-03-01,-0.424
M,3Y,F,2019-04-01,-0.45
M,3Y,F,2019-05-01,-0.484
M,3Y,F,2019-06-01,-0.607
M,3Y,F,2019-07-01,-0.667
M,3Y,F,2019-08-01,-0.78
M,3Y,F,2019-09-01,-0.715
M,3Y,F,2019-10-01,-0.646
M,3Y,F,2019-11-01,-0.578
M,3Y,F,2019-12-01,-0.577
M,3Y,F,2020-01-01,-0.559
M,3Y,F,2020-02-01,-0.61
M,3Y,F,2020-03-01,-0.54
M,3Y,F,2020-04-01,-0.406
M,3Y,F,2020-05-01,-0.519
M,3Y,F,2020-06-01,-0.543
M,3Y,F,2020-07-01,-0.609
M,3Y,F,2020-08-01,-0.622
M,3Y,F,2020-09-01,-0.659
M,3Y,F,2020-10-01,-0.718
M,3Y,F,2020-11-01,-0.731
M,3Y,F,2020-12-01,-0.738
M,3Y,F,2021-01-01,-0.709
M,3Y,F,2021-02-01,-0.643
M,3Y,F,2021-03-01,-0.648
M,3Y,F,2021-04-01,-0.628
M,3Y,F,2021-05-01,-0.601
M,3Y,F,2021-06-01,-0.619
M,3Y,F,2021-07-01,-0.684
M,3Y,F,2021-08-01,-0.736
M,3Y,F,2021-09-01,-0.68
M,3Y,F,2021-10-01,-0.612
M,3Y,F,2021-11-01,-0.688
M,3Y,F,2021-12-01,-0.641
M,3Y,F,2022-01-01,-0.5
M,3Y,F,2022-02-01,-0.16
M,3Y,F,2022-03-01,-0.07
M,3Y,F,2022-04-01,0.39
M,3Y,F,2022-05-01,0.59
M,3Y,F,2022-06-01,1.25
M,3Y,F,2022-07-01,0.76
M,3Y,F,2022-08-01,0.85
M,3Y,F,2022-09-01,1.71
M,3Y,F,2022-10-01,2.04
M,3Y,F,2022-11-01,2.13
M,3Y,F,2022-12-01,2.27
M,3Y,F,2023-01-01,2.5
M,3Y,F,2023-02-01,2.74
M,3Y,F,2023-03-01,2.76
M,3Y,F,2023-04-01,2.7
M,3Y,F,2023-05-01,2.62
M,3Y,F,2023-06-01,2.87
M,3Y,F,2023-07-01,3.05
M,3Y,F,2023-08-01,2.99
M,3Y,F,2023-09-01,3.11
M,3Y,F,2023-10-01,3.12
M,3Y,F,2023-11-01,2.9
M,3Y,F,2023-12-01,2.37
M,3Y,F,2024-01-01,2.5
M,3Y,F,2024-02-01,2.78
M,3Y,F,2024-03-01,2.8
M,3Y,F,2024-04-01,2.88
M,3Y,F,2024-05-01,2.97
M,3Y,F,2024-06-01,2.96
M,3Y,F,2024-07-01,2.8
M,3Y,F,2024-08-01,2.46
M,3Y,F,2024-09-01,2.33
M,3Y,F,2024-10-01,2.29
M,3Y,F,2024-11-01,2.33
M,3Y,F,2024-12-01,2.16
M,3Y,F,2025-01-01,2.42
M,3Y,F,2025-02-01,2.31
M,3Y,F,2025-03-01,2.41
M,3Y,F,2025-04-01,2.09
M,3Y,F,2025-05-01,2.11
M,3Y,F,2025-06-01,2.1
M,3Y,F,2025-07-01,2.15
M,3Y,F,2025-08-01,2.19
M,3Y,F,2025-09-01,2.23
M,3Y,F,2025-10-01,2.2
M,3Y,F,2025-11-01,2.24
M,3Y,F,2025-12-01,2.36
M,3Y,F,2026-01-01,2.33
M,3Y,F,2026-02-01,2.25
M,3Y,F,2026-03-01,2.63
M,3Y,F,2026-04-01,2.74
M,3Y,F,2026-05-01,2.8
M,3Y,F,2026-06-01,2.74
M,3Y,F,2026-07-01,2.85
M,3Y,F,2026-08-01,2.95
M,3Y,F,2026-09-01,3.35
M,10Y,F,2000-01-01,5.82
M,10Y,F,2000-02-01,5.762
M,10Y,F,2000-03-01,5.595
M,10Y,F,2000-04-01,5.497
M,10Y,F,2000-05-01,5.673
M,10Y,F,2000-06-01,5.515
M,10Y,F,2000-07-01,5.593
M,10Y,F,2000-08-01,5.555
M,10Y,F,2000-09-01,5.62
M,10Y,F,2000-10-01,5.584
M,10Y,F,2000-11-01,5.526
M,10Y,F,2000-12-01,5.289
M,10Y,F,2001-01-01,5.161
M,10Y,F,2001-02-01,5.115
M,10Y,F,2001-03-01,5.039
M,10Y,F,2001-04-01,5.174
M,10Y,F,2001-05-01,5.346
M,10Y,F,2001-06-01,5.303
M,10Y,F,2001-07-01,5.327
M,10Y,F,2001-08-01,5.142
M,10Y,F,2001-09-01,5.126
M,10Y,F,2001-10-01,4.891
M,10Y,F,2001-11-01,4.755
M,10Y,F,2001-12-01,4.996
M,10Y,F,2002-01-01,5.083
M,10Y,F,2002-02-01,5.135
M,10Y,F,2002-03-01,5.363
M,10Y,F,2002-04-01,5.356
M,10Y,F,2002-05-01,5.368
M,10Y,F,2002-06-01,5.23
M,10Y,F,2002-07-01,5.073
M,10Y,F,2002-08-01,4.796
M,10Y,F,2002-09-01,4.595
M,10Y,F,2002-10-01,4.667
M,10Y,F,2002-11-01,4.649
M,10Y,F,2002-12-01,4.476
M,10Y,F,2003-01-01,4.298
M,10Y,F,2003-02-01,4.057
M,10Y,F,2003-03-01,4.103
M,10Y,F,2003-04-01,4.24
M,10Y,F,2003-05-01,3.918
M,10Y,F,2003-06-01,3.717
M,10Y,F,2003-07-01,4.036
M,10Y,F,2003-08-01,4.208
M,10Y,F,2003-09-01,4.242
M,10Y,F,2003-10-01,4.32
M,10Y,F,2003-11-01,4.447
M,10Y,F,2003-12-01,4.397
M,10Y,F,2004-01-01,4.261
M,10Y,F,2004-02-01,4.193
M,10Y,F,2004-03-01,4.02
M,10Y,F,2004-04-01,4.223
M,10Y,F,2004-05-01,4.354
M,10Y,F,2004-06-01,4.423
M,10Y,F,2004-07-01,4.316
M,10Y,F,2004-08-01,4.167
M,10Y,F,2004-09-01,4.112
M,10Y,F,2004-10-01,3.999
M,10Y,F,2004-11-01,3.878
M,10Y,F,2004-12-01,3.674
M,10Y,F,2005-01-01,3.608
M,10Y,F,2005-02-01,3.591
M,10Y,F,2005-03-01,3.766
M,10Y,F,2005-04-01,3.571
M,10Y,F,2005-05-01,3.407
M,10Y,F,2005-06-01,3.24
M,10Y,F,2005-07-01,3.28
M,10Y,F,2005-08-01,3.304
M,10Y,F,2005-09-01,3.141
M,10Y,F,2005-10-01,3.301
M,10Y,F,2005-11-01,3.504
M,10Y,F,2005-12-01,3.395
M,10Y,F,2006-01-01,3.371
M,10Y,F,2006-02-01,3.514
M,10Y,F,2006-03-01,3.693
M,10Y,F,2006-04-01,3.954
M,10Y,F,2006-05-01,4.014
M,10Y,F,2006-06-01,4.005
M,10Y,F,2006-07-01,4.037
M,10Y,F,2006-08-01,3.909
M,10Y,F,2006-09-01,3.786
M,10Y,F,2006-10-01,3.836
M,10Y,F,2006-11-01,3.76
M,10Y,F,2006-12-01,3.826
M,10Y,F,2007-01-01,4.074
M,10Y,F,2007-02-01,4.108
M,10Y,F,2007-03-01,4.006
M,10Y,F,2007-04-01,4.223
M,10Y,F,2007-05-01,4.344
M,10Y,F,2007-06-01,4.642
M,10Y,F,2007-07-01,4.617
M,10Y,F,2007-08-01,4.454
M,10Y,F,2007-09-01,4.418
M,10Y,F,2007-10-01,4.452
M,10Y,F,2007-11-01,4.328
M,10Y,F,2007-12-01,4.476
M,10Y,F,2008-01-01,4.305
M,10Y,F,2008-02-01,4.216
M,10Y,F,2008-03-01,4.221
M,10Y,F,2008-04-01,4.375
M,10Y,F,2008-05-01,4.523
M,10Y,F,2008-06-01,4.859
M,10Y,F,2008-07-01,4.856
M,10Y,F,2008-08-01,4.598
M,10Y,F,2008-09-01,4.59
M,10Y,F,2008-10-01,4.488
M,10Y,F,2008-11-01,4.318
M,10Y,F,2008-12-01,3.909
M,10Y,F,2009-01-01,4.166
M,10Y,F,2009-02-01,4.214
M,10Y,F,2009-03-01,4.022
M,10Y,F,2009-04-01,3.928
M,10Y,F,2009-05-01,4.049
M,10Y,F,2009-06-01,4.147
M,10Y,F,2009-07-01,3.95
M,10Y,F,2009-08-01,3.822
M,10Y,F,2009-09-01,3.8
M,10Y,F,2009-10-01,3.769
M,10Y,F,2009-11-01,3.76
M,10Y,F,2009-12-01,3.73
M,10Y,F,2010-01-01,3.754
M,10Y,F,2010-02-01,3.641
M,10Y,F,2010-03-01,3.552
M,10Y,F,2010-04-01,3.484
M,10Y,F,2010-05-01,3.251
M,10Y,F,2010-06-01,3.427
M,10Y,F,2010-07-01,3.275
M,10Y,F,2010-08-01,2.991
M,10Y,F,2010-09-01,3.119
M,10Y,F,2010-10-01,3.228
M,10Y,F,2010-11-01,3.51
M,10Y,F,2010-12-01,3.994
M,10Y,F,2011-01-01,4.121
M,10Y,F,2011-02-01,4.14
M,10Y,F,2011-03-01,4.148
M,10Y,F,2011-04-01,4.227
M,10Y,F,2011-05-01,4.164
M,10Y,F,2011-06-01,4.097
M,10Y,F,2011-07-01,4.204
M,10Y,F,2011-08-01,4.083
M,10Y,F,2011-09-01,3.875
M,10Y,F,2011-10-01,4.198
M,10Y,F,2011-11-01,4.888
M,10Y,F,2011-12-01,4.36
M,10Y,F,2012-01-01,4.144
M,10Y,F,2012-02-01,3.605
M,10Y,F,2012-03-01,3.452
M,10Y,F,2012-04-01,3.457
M,10Y,F,2012-05-01,3.241
M,10Y,F,2012-06-01,3.124
M,10Y,F,2012-07-01,2.676
M,10Y,F,2012-08-01,2.53
M,10Y,F,2012-09-01,2.609
M,10Y,F,2012-10-01,2.448
M,10Y,F,2012-11-01,2.314
M,10Y,F,2012-12-01,2.146
M,10Y,F,2013-01-01,2.305
M,10Y,F,2013-02-01,2.4
M,10Y,F,2013-03-01,2.198
M,10Y,F,2013-04-01,1.996
M,10Y,F,2013-05-01,2.038
M,10Y,F,2013-06-01,2.458
M,10Y,F,2013-07-01,2.563
M,10Y,F,2013-08-01,2.684
M,10Y,F,2013-09-01,2.803
M,10Y,F,2013-10-01,2.636
M,10Y,F,2013-11-01,2.508
M,10Y,F,2013-12-01,2.551
M,10Y,F,2014-01-01,2.523
M,10Y,F,2014-02-01,2.332
M,10Y,F,2014-03-01,2.219
M,10Y,F,2014-04-01,2.118
M,10Y,F,2014-05-01,1.972
M,10Y,F,2014-06-01,1.824
M,10Y,F,2014-07-01,1.625
M,10Y,F,2014-08-01,1.424
M,10Y,F,2014-09-01,1.345
M,10Y,F,2014-10-01,1.237
M,10Y,F,2014-11-01,1.14
M,10Y,F,2014-12-01,0.98
M,10Y,F,2015-01-01,0.715
M,10Y,F,2015-02-01,0.596
M,10Y,F,2015-03-01,0.458
M,10Y,F,2015-04-01,0.4
M,10Y,F,2015-05-01,0.856
M,10Y,F,2015-06-01,1.209
M,10Y,F,2015-07-01,1.161
M,10Y,F,2015-08-01,1.033
M,10Y,F,2015-09-01,1.039
M,10Y,F,2015-10-01,0.904
M,10Y,F,2015-11-01,0.91
M,10Y,F,2015-12-01,0.981
M,10Y,F,2016-01-01,0.908
M,10Y,F,2016-02-01,0.668
M,10Y,F,2016-03-01,0.575
M,10Y,F,2016-04-01,0.537
M,10Y,F,2016-05-01,0.539
M,10Y,F,2016-06-01,0.422
M,10Y,F,2016-07-01,0.208
M,10Y,F,2016-08-01,0.168
M,10Y,F,2016-09-01,0.211
M,10Y,F,2016-10-01,0.319
M,10Y,F,2016-11-01,0.645
M,10Y,F,2016-12-01,0.688
M,10Y,F,2017-01-01,0.79
M,10Y,F,2017-02-01,0.813
M,10Y,F,2017-03-01,0.84
M,10Y,F,2017-04-01,0.761
M,10Y,F,2017-05-01,0.761
M,10Y,F,2017-06-01,0.627
M,10Y,F,2017-07-01,0.85
M,10Y,F,2017-08-01,0.745
M,10Y,F,2017-09-01,0.728
M,10Y,F,2017-10-01,0.732
M,10Y,F,2017-11-01,0.63
M,10Y,F,2017-12-01,0.586
M,10Y,F,2018-01-01,0.781
M,10Y,F,2018-02-01,0.961
M,10Y,F,2018-03-01,0.852
M,10Y,F,2018-04-01,0.795
M,10Y,F,2018-05-01,0.817
M,10Y,F,2018-06-01,0.786
M,10Y,F,2018-07-01,0.685
M,10Y,F,2018-08-01,0.736
M,10Y,F,2018-09-01,0.796
M,10Y,F,2018-10-01,0.886
M,10Y,F,2018-11-01,0.855
M,10Y,F,2018-12-01,0.796
M,10Y,F,2019-01-01,0.761
M,10Y,F,2019-02-01,0.641
M,10Y,F,2019-03-01,0.5
M,10Y,F,2019-04-01,0.446
M,10Y,F,2019-05-01,0.394
M,10Y,F,2019-06-01,0.142
M,10Y,F,2019-07-01,0.001
M,10Y,F,2019-08-01,-0.271
M,10Y,F,2019-09-01,-0.226
M,10Y,F,2019-10-01,-0.131
M,10Y,F,2019-11-01,-0.01
M,10Y,F,2019-12-01,0.033
M,10Y,F,2020-01-01,0.014
M,10Y,F,2020-02-01,-0.144
M,10Y,F,2020-03-01,-0.026
M,10Y,F,2020-04-01,0.12
M,10Y,F,2020-05-01,0.032
M,10Y,F,2020-06-01,-0.047
M,10Y,F,2020-07-01,-0.163
M,10Y,F,2020-08-01,-0.195
M,10Y,F,2020-09-01,-0.231
M,10Y,F,2020-10-01,-0.321
M,10Y,F,2020-11-01,-0.349
M,10Y,F,2020-12-01,-0.356
M,10Y,F,2021-01-01,-0.316
M,10Y,F,2021-02-01,-0.148
M,10Y,F,2021-03-01,-0.063
M,10Y,F,2021-04-01,-0.005
M,10Y,F,2021-05-01,0.132
M,10Y,F,2021-06-01,0.082
M,10Y,F,2021-07-01,-0.056
M,10Y,F,2021-08-01,-0.151
M,10Y,F,2021-09-01,-0.003
M,10Y,F,2021-10-01,0.16
M,10Y,F,2021-11-01,0.078
M,10Y,F,2021-12-01,0.034
M,10Y,F,2022-01-01,0.29
M,10Y,F,2022-02-01,0.63
M,10Y,F,2022-03-01,0.79
M,10Y,F,2022-04-01,1.28
M,10Y,F,2022-05-01,1.57
M,10Y,F,2022-06-01,2.14
M,10Y,F,2022-07-01,1.79
M,10Y,F,2022-08-01,1.72
M,10Y,F,2022-09-01,2.47
M,10Y,F,2022-10-01,2.87
M,10Y,F,2022-11-01,2.68
M,10Y,F,2022-12-01,2.74
M,10Y,F,2023-01-01,2.84
M,10Y,F,2023-02-01,3.02
M,10Y,F,2023-03-01,3.06
M,10Y,F,2023-04-01,3.04
M,10Y,F,2023-05-01,3.03
M,10Y,F,2023-06-01,3.05
M,10Y,F,2023-07-01,3.15
M,10Y,F,2023-08-01,3.23
M,10Y,F,2023-09-01,3.34
M,10Y,F,2023-10-01,3.55
M,10Y,F,2023-11-01,3.26
M,10Y,F,2023-12-01,2.74
M,10Y,F,2024-01-01,2.82
M,10Y,F,2024-02-01,2.9
M,10Y,F,2024-03-01,2.87
M,10Y,F,2024-04-01,2.98
M,10Y,F,2024-05-01,3.05
M,10Y,F,2024-06-01,3.09
M,10Y,F,2024-07-01,3.04
M,10Y,F,2024-08-01,2.82
M,10Y,F,2024-09-01,2.78
M,10Y,F,2024-10-01,2.84
M,10Y,F,2024-11-01,2.92
M,10Y,F,2024-12-01,2.79
M,10Y,F,2025-01-01,3.11
M,10Y,F,2025-02-01,2.98
M,10Y,F,2025-03-01,3.3
M,10Y,F,2025-04-01,3.12
M,10Y,F,2025-05-01,3.12
M,10Y,F,2025-06-01,3.08
M,10Y,F,2025-07-01,3.21
M,10Y,F,2025-08-01,3.25
M,10Y,F,2025-09-01,3.29
M,10Y,F,2025-10-01,3.22
M,10Y,F,2025-11-01,3.25
M,10Y,F,2025-12-01,3.38
M,10Y,F,2026-01-01,3.36
M,10Y,F,2026-02-01,3.25
M,10Y,F,2026-03-01,3.48
M,10Y,F,2026-04-01,3.56
M,10Y,F,2026-05-01,3.59
M,10Y,F,2026-06-01,3.51
M,10Y,F,2026-07-01,3.64
M,10Y,F,2026-08-01,3.76
M,10Y,F,2026-09-01,4.12
M,18Y,F,2000-01-01,6.17
M,18Y,F,2000-02-01,6.001
M,18Y,F,2000-03-01,5.807
M,18Y,F,2000-04-01,5.732
M,18Y,F,2000-05-01,5.845
M,18Y,F,2000-06-01,5.714
M,18Y,F,2000-07-01,5.767
M,18Y,F,2000-08-01,5.697
M,18Y,F,2000-09-01,5.809
M,18Y,F,2000-10-01,5.807
M,18Y,F,2000-11-01,5.802
M,18Y,F,2000-12-01,5.628
M,18Y,F,2001-01-01,5.549
M,18Y,F,2001-02-01,5.561
M,18Y,F,2001-03-01,5.538
M,18Y,F,2001-04-01,5.659
M,18Y,F,2001-05-01,5.788
M,18Y,F,2001-06-01,5.733
M,18Y,F,2001-07-01,5.73
M,18Y,F,2001-08-01,5.58
M,18Y,F,2001-09-01,5.63
M,18Y,F,2001-10-01,5.354
M,18Y,F,2001-11-01,5.113
M,18Y,F,2001-12-01,5.259
M,18Y,F,2002-01-01,5.351
M,18Y,F,2002-02-01,5.428
M,18Y,F,2002-03-01,5.624
M,18Y,F,2002-04-01,5.638
M,18Y,F,2002-05-01,5.617
M,18Y,F,2002-06-01,5.501
M,18Y,F,2002-07-01,5.369
M,18Y,F,2002-08-01,5.134
M,18Y,F,2002-09-01,4.974
M,18Y,F,2002-10-01,5.115
M,18Y,F,2002-11-01,5.105
M,18Y,F,2002-12-01,4.906
M,18Y,F,2003-01-01,4.744
M,18Y,F,2003-02-01,4.632
M,18Y,F,2003-03-01,4.664
M,18Y,F,2003-04-01,4.788
M,18Y,F,2003-05-01,4.527
M,18Y,F,2003-06-01,4.374
M,18Y,F,2003-07-01,4.657
M,18Y,F,2003-08-01,4.728
M,18Y,F,2003-09-01,4.78
M,18Y,F,2003-10-01,4.823
M,18Y,F,2003-11-01,4.887
M,18Y,F,2003-12-01,4.826
M,18Y,F,2004-01-01,4.744
M,18Y,F,2004-02-01,4.728
M,18Y,F,2004-03-01,4.573
M,18Y,F,2004-04-01,4.719
M,18Y,F,2004-05-01,4.824
M,18Y,F,2004-06-01,4.824
M,18Y,F,2004-07-01,4.712
M,18Y,F,2004-08-01,4.57
M,18Y,F,2004-09-01,4.503
M,18Y,F,2004-10-01,4.4
M,18Y,F,2004-11-01,4.27
M,18Y,F,2004-12-01,4.04
M,18Y,F,2005-01-01,3.95
M,18Y,F,2005-02-01,3.873
M,18Y,F,2005-03-01,4.049
M,18Y,F,2005-04-01,3.871
M,18Y,F,2005-05-01,3.688
M,18Y,F,2005-06-01,3.544
M,18Y,F,2005-07-01,3.598
M,18Y,F,2005-08-01,3.575
M,18Y,F,2005-09-01,3.399
M,18Y,F,2005-10-01,3.5
M,18Y,F,2005-11-01,3.656
M,18Y,F,2005-12-01,3.503
M,18Y,F,2006-01-01,3.516
M,18Y,F,2006-02-01,3.711
M,18Y,F,2006-03-01,3.867
M,18Y,F,2006-04-01,4.145
M,18Y,F,2006-05-01,4.219
M,18Y,F,2006-06-01,4.209
M,18Y,F,2006-07-01,4.229
M,18Y,F,2006-08-01,4.086
M,18Y,F,2006-09-01,3.94
M,18Y,F,2006-10-01,3.946
M,18Y,F,2006-11-01,3.853
M,18Y,F,2006-12-01,3.92
M,18Y,F,2007-01-01,4.167
M,18Y,F,2007-02-01,4.196
M,18Y,F,2007-03-01,4.122
M,18Y,F,2007-04-01,4.346
M,18Y,F,2007-05-01,4.445
M,18Y,F,2007-06-01,4.742
M,18Y,F,2007-07-01,4.697
M,18Y,F,2007-08-01,4.59
M,18Y,F,2007-09-01,4.595
M,18Y,F,2007-10-01,4.615
M,18Y,F,2007-11-01,4.552
M,18Y,F,2007-12-01,4.693
M,18Y,F,2008-01-01,4.592
M,18Y,F,2008-02-01,4.583
M,18Y,F,2008-03-01,4.63
M,18Y,F,2008-04-01,4.717
M,18Y,F,2008-05-01,4.816
M,18Y,F,2008-06-01,5.015
M,18Y,F,2008-07-01,5.05
M,18Y,F,2008-08-01,4.86
M,18Y,F,2008-09-01,4.887
M,18Y,F,2008-10-01,4.76
M,18Y,F,2008-11-01,4.65
M,18Y,F,2008-12-01,4.091
M,18Y,F,2009-01-01,4.485
M,18Y,F,2009-02-01,4.563
M,18Y,F,2009-03-01,4.568
M,18Y,F,2009-04-01,4.435
M,18Y,F,2009-05-01,4.491
M,18Y,F,2009-06-01,4.599
M,18Y,F,2009-07-01,4.42
M,18Y,F,2009-08-01,4.222
M,18Y,F,2009-09-01,4.296
M,18Y,F,2009-10-01,4.315
M,18Y,F,2009-11-01,4.313
M,18Y,F,2009-12-01,4.279
M,18Y,F,2010-01-01,4.288
M,18Y,F,2010-02-01,4.194
M,18Y,F,2010-03-01,4.068
M,18Y,F,2010-04-01,4.0
M,18Y,F,2010-05-01,3.872
M,18Y,F,2010-06-01,3.934
M,18Y,F,2010-07-01,3.78
M,18Y,F,2010-08-01,3.421
M,18Y,F,2010-09-01,3.478
M,18Y,F,2010-10-01,3.583
M,18Y,F,2010-11-01,3.809
M,18Y,F,2010-12-01,4.325
M,18Y,F,2011-01-01,4.481
M,18Y,F,2011-02-01,4.539
M,18Y,F,2011-03-01,4.523
M,18Y,F,2011-04-01,4.619
M,18Y,F,2011-05-01,4.595
M,18Y,F,2011-06-01,4.548
M,18Y,F,2011-07-01,4.549
M,18Y,F,2011-08-01,4.44
M,18Y,F,2011-09-01,4.227
M,18Y,F,2011-10-01,4.511
M,18Y,F,2011-11-01,5.085
M,18Y,F,2011-12-01,4.489
M,18Y,F,2012-01-01,4.344
M,18Y,F,2012-02-01,4.018
M,18Y,F,2012-03-01,3.86
M,18Y,F,2012-04-01,3.935
M,18Y,F,2012-05-01,3.733
M,18Y,F,2012-06-01,3.637
M,18Y,F,2012-07-01,3.391
M,18Y,F,2012-08-01,3.237
M,18Y,F,2012-09-01,3.311
M,18Y,F,2012-10-01,3.127
M,18Y,F,2012-11-01,3.039
M,18Y,F,2012-12-01,2.861
M,18Y,F,2013-01-01,2.987
M,18Y,F,2013-02-01,3.067
M,18Y,F,2013-03-01,2.947
M,18Y,F,2013-04-01,2.734
M,18Y,F,2013-05-01,2.755
M,18Y,F,2013-06-01,3.132
M,18Y,F,2013-07-01,3.258
M,18Y,F,2013-08-01,3.37
M,18Y,F,2013-09-01,3.511
M,18Y,F,2013-10-01,3.358
M,18Y,F,2013-11-01,3.22
M,18Y,F,2013-12-01,3.171
M,18Y,F,2014-01-01,3.144
M,18Y,F,2014-02-01,2.982
M,18Y,F,2014-03-01,2.895
M,18Y,F,2014-04-01,2.793
M,18Y,F,2014-05-01,2.63
M,18Y,F,2014-06-01,2.552
M,18Y,F,2014-07-01,2.336
M,18Y,F,2014-08-01,2.091
M,18Y,F,2014-09-01,2.075
M,18Y,F,2014-10-01,1.937
M,18Y,F,2014-11-01,1.828
M,18Y,F,2014-12-01,1.586
M,18Y,F,2015-01-01,1.236
M,18Y,F,2015-02-01,1.079
M,18Y,F,2015-03-01,0.885
M,18Y,F,2015-04-01,0.833
M,18Y,F,2015-05-01,1.375
M,18Y,F,2015-06-01,1.789
M,18Y,F,2015-07-01,1.794
M,18Y,F,2015-08-01,1.659
M,18Y,F,2015-09-01,1.702
M,18Y,F,2015-10-01,1.567
M,18Y,F,2015-11-01,1.603
M,18Y,F,2015-12-01,1.672
M,18Y,F,2016-01-01,1.633
M,18Y,F,2016-02-01,1.299
M,18Y,F,2016-03-01,1.244
M,18Y,F,2016-04-01,1.218
M,18Y,F,2016-05-01,1.194
M,18Y,F,2016-06-01,0.924
M,18Y,F,2016-07-01,0.646
M,18Y,F,2016-08-01,0.609
M,18Y,F,2016-09-01,0.705
M,18Y,F,2016-10-01,0.797
M,18Y,F,2016-11-01,1.087
M,18Y,F,2016-12-01,1.25
M,18Y,F,2017-01-01,1.41
M,18Y,F,2017-02-01,1.422
M,18Y,F,2017-03-01,1.314
M,18Y,F,2017-04-01,1.219
M,18Y,F,2017-05-01,1.261
M,18Y,F,2017-06-01,1.127
M,18Y,F,2017-07-01,1.322
M,18Y,F,2017-08-01,1.218
M,18Y,F,2017-09-01,1.238
M,18Y,F,2017-10-01,1.241
M,18Y,F,2017-11-01,1.138
M,18Y,F,2017-12-01,1.057
M,18Y,F,2018-01-01,1.208
M,18Y,F,2018-02-01,1.277
M,18Y,F,2018-03-01,1.212
M,18Y,F,2018-04-01,1.184
M,18Y,F,2018-05-01,1.273
M,18Y,F,2018-06-01,1.279
M,18Y,F,2018-07-01,1.277
M,18Y,F,2018-08-01,1.328
M,18Y,F,2018-09-01,1.379
M,18Y,F,2018-10-01,1.448
M,18Y,F,2018-11-01,1.469
M,18Y,F,2018-12-01,1.425
M,18Y,F,2019-01-01,1.357
M,18Y,F,2019-02-01,1.228
M,18Y,F,2019-03-01,1.093
M,18Y,F,2019-04-01,1.053
M,18Y,F,2019-05-01,0.994
M,18Y,F,2019-06-01,0.672
M,18Y,F,2019-07-01,0.51
M,18Y,F,2019-08-01,0.157
M,18Y,F,2019-09-01,0.218
M,18Y,F,2019-10-01,0.27
M,18Y,F,2019-11-01,0.403
M,18Y,F,2019-12-01,0.449
M,18Y,F,2020-01-01,0.437
M,18Y,F,2020-02-01,0.26
M,18Y,F,2020-03-01,0.342
M,18Y,F,2020-04-01,0.522
M,18Y,F,2020-05-01,0.493
M,18Y,F,2020-06-01,0.407
M,18Y,F,2020-07-01,0.262
M,18Y,F,2020-08-01,0.213
M,18Y,F,2020-09-01,0.166
M,18Y,F,2020-10-01,0.075
M,18Y,F,2020-11-01,0.041
M,18Y,F,2020-12-01,0.039
M,18Y,F,2021-01-01,0.074
M,18Y,F,2021-02-01,0.283
M,18Y,F,2021-03-01,0.404
M,18Y,F,2021-04-01,0.48
M,18Y,F,2021-05-01,0.629
M,18Y,F,2021-06-01,0.569
M,18Y,F,2021-07-01,0.398
M,18Y,F,2021-08-01,0.295
M,18Y,F,2021-09-01,0.436
M,18Y,F,2021-10-01,0.57
M,18Y,F,2021-11-01,0.48
M,18Y,F,2021-12-01,0.442
M,18Y,F,2022-01-01,0.67
M,18Y,F,2022-02-01,0.94
M,18Y,F,2022-03-01,1.17
M,18Y,F,2022-04-01,1.59
M,18Y,F,2022-05-01,1.94
M,18Y,F,2022-06-01,2.45
M,18Y,F,2022-07-01,2.32
M,18Y,F,2022-08-01,2.18
M,18Y,F,2022-09-01,2.8
M,18Y,F,2022-10-01,3.24
M,18Y,F,2022-11-01,3.01
M,18Y,F,2022-12-01,2.91
M,18Y,F,2023-01-01,3.07
M,18Y,F,2023-02-01,3.24
M,18Y,F,2023-03-01,3.33
M,18Y,F,2023-04-01,3.36
M,18Y,F,2023-05-01,3.39
M,18Y,F,2023-06-01,3.35
M,18Y,F,2023-07-01,3.36
M,18Y,F,2023-08-01,3.55
M,18Y,F,2023-09-01,3.68
M,18Y,F,2023-10-01,3.96
M,18Y,F,2023-11-01,3.68
M,18Y,F,2023-12-01,3.11
M,18Y,F,2024-01-01,3.22
M,18Y,F,2024-02-01,3.3
M,18Y,F,2024-03-01,3.25
M,18Y,F,2024-04-01,3.36
M,18Y,F,2024-05-01,3.4
M,18Y,F,2024-06-01,3.46
M,18Y,F,2024-07-01,3.43
M,18Y,F,2024-08-01,3.25
M,18Y,F,2024-09-01,3.25
M,18Y,F,2024-10-01,3.3
M,18Y,F,2024-11-01,3.32
M,18Y,F,2024-12-01,3.2
M,18Y,F,2025-01-01,3.54
M,18Y,F,2025-02-01,3.43
M,18Y,F,2025-03-01,3.8
M,18Y,F,2025-04-01,3.67
M,18Y,F,2025-05-01,3.73
M,18Y,F,2025-06-01,3.69
M,18Y,F,2025-07-01,3.86
M,18Y,F,2025-08-01,3.9
M,18Y,F,2025-09-01,3.96
M,18Y,F,2025-10-01,3.86
M,18Y,F,2025-11-01,3.86
M,18Y,F,2025-12-01,3.96
M,18Y,F,2026-01-01,3.97
M,18Y,F,2026-02-01,3.88
M,18Y,F,2026-03-01,4.0
M,18Y,F,2026-04-01,4.1
M,18Y,F,2026-05-01,4.11
M,18Y,F,2026-06-01,4.04
M,18Y,F,2026-07-01,4.16
M,18Y,F,2026-08-01,4.28
M,18Y,F,2026-09-01,4.58
M,7Y,F,2000-01-01,5.544
M,7Y,F,2000-02-01,5.556
M,7Y,F,2000-03-01,5.416
M,7Y,F,2000-04-01,5.344
M,7Y,F,2000-05-01,5.576
M,7Y,F,2000-06-01,5.435
M,7Y,F,2000-07-01,5.507
M,7Y,F,2000-08-01,5.493
M,7Y,F,2000-09-01,5.526
M,7Y,F,2000-10-01,5.47
M,7Y,F,2000-11-01,5.419
M,7Y,F,2000-12-01,5.122
M,7Y,F,2001-01-01,4.962
M,7Y,F,2001-02-01,4.938
M,7Y,F,2001-03-01,4.845
M,7Y,F,2001-04-01,4.961
M,7Y,F,2001-05-01,5.123
M,7Y,F,2001-06-01,5.05
M,7Y,F,2001-07-01,5.063
M,7Y,F,2001-08-01,4.874
M,7Y,F,2001-09-01,4.767
M,7Y,F,2001-10-01,4.537
M,7Y,F,2001-11-01,4.443
M,7Y,F,2001-12-01,4.712
M,7Y,F,2002-01-01,4.851
M,7Y,F,2002-02-01,4.96
M,7Y,F,2002-03-01,5.19
M,7Y,F,2002-04-01,5.174
M,7Y,F,2002-05-01,5.185
M,7Y,F,2002-06-01,5.024
M,7Y,F,2002-07-01,4.848
M,7Y,F,2002-08-01,4.551
M,7Y,F,2002-09-01,4.298
M,7Y,F,2002-10-01,4.332
M,7Y,F,2002-11-01,4.292
M,7Y,F,2002-12-01,4.093
M,7Y,F,2003-01-01,3.884
M,7Y,F,2003-02-01,3.652
M,7Y,F,2003-03-01,3.69
M,7Y,F,2003-04-01,3.819
M,7Y,F,2003-05-01,3.481
M,7Y,F,2003-06-01,3.246
M,7Y,F,2003-07-01,3.585
M,7Y,F,2003-08-01,3.845
M,7Y,F,2003-09-01,3.849
M,7Y,F,2003-10-01,3.934
M,7Y,F,2003-11-01,4.079
M,7Y,F,2003-12-01,4.021
M,7Y,F,2004-01-01,3.852
M,7Y,F,2004-02-01,3.767
M,7Y,F,2004-03-01,3.57
M,7Y,F,2004-04-01,3.801
M,7Y,F,2004-05-01,3.956
M,7Y,F,2004-06-01,4.056
M,7Y,F,2004-07-01,3.938
M,7Y,F,2004-08-01,3.78
M,7Y,F,2004-09-01,3.742
M,7Y,F,2004-10-01,3.607
M,7Y,F,2004-11-01,3.489
M,7Y,F,2004-12-01,3.313
M,7Y,F,2005-01-01,3.275
M,7Y,F,2005-02-01,3.282
M,7Y,F,2005-03-01,3.426
M,7Y,F,2005-04-01,3.224
M,7Y,F,2005-05-01,3.052
M,7Y,F,2005-06-01,2.885
M,7Y,F,2005-07-01,2.93
M,7Y,F,2005-08-01,2.968
M,7Y,F,2005-09-01,2.833
M,7Y,F,2005-10-01,3.035
M,7Y,F,2005-11-01,3.276
M,7Y,F,2005-12-01,3.202
M,7Y,F,2006-01-01,3.205
M,7Y,F,2006-02-01,3.363
M,7Y,F,2006-03-01,3.568
M,7Y,F,2006-04-01,3.825
M,7Y,F,2006-05-01,3.87
M,7Y,F,2006-06-01,3.874
M,7Y,F,2006-07-01,3.923
M,7Y,F,2006-08-01,3.803
M,7Y,F,2006-09-01,3.701
M,7Y,F,2006-10-01,3.765
M,7Y,F,2006-11-01,3.71
M,7Y,F,2006-12-01,3.788
M,7Y,F,2007-01-01,4.009
M,7Y,F,2007-02-01,4.044
M,7Y,F,2007-03-01,3.951
M,7Y,F,2007-04-01,4.169
M,7Y,F,2007-05-01,4.302
M,7Y,F,2007-06-01,4.589
M,7Y,F,2007-07-01,4.567
M,7Y,F,2007-08-01,4.34
M,7Y,F,2007-09-01,4.271
M,7Y,F,2007-10-01,4.29
M,7Y,F,2007-11-01,4.102
M,7Y,F,2007-12-01,4.231
M,7Y,F,2008-01-01,4.002
M,7Y,F,2008-02-01,3.827
M,7Y,F,2008-03-01,3.803
M,7Y,F,2008-04-01,4.115
M,7Y,F,2008-05-01,4.314
M,7Y,F,2008-06-01,4.733
M,7Y,F,2008-07-01,4.715
M,7Y,F,2008-08-01,4.379
M,7Y,F,2008-09-01,4.369
M,7Y,F,2008-10-01,4.212
M,7Y,F,2008-11-01,3.874
M,7Y,F,2008-12-01,3.701
M,7Y,F,2009-01-01,3.808
M,7Y,F,2009-02-01,3.787
M,7Y,F,2009-03-01,3.697
M,7Y,F,2009-04-01,3.542
M,7Y,F,2009-05-01,3.55
M,7Y,F,2009-06-01,3.701
M,7Y,F,2009-07-01,3.45
M,7Y,F,2009-08-01,3.307
M,7Y,F,2009-09-01,3.22
M,7Y,F,2009-10-01,3.165
M,7Y,F,2009-11-01,3.136
M,7Y,F,2009-12-01,3.115
M,7Y,F,2010-01-01,3.168
M,7Y,F,2010-02-01,3.08
M,7Y,F,2010-03-01,2.994
M,7Y,F,2010-04-01,2.954
M,7Y,F,2010-05-01,2.748
M,7Y,F,2010-06-01,2.987
M,7Y,F,2010-07-01,2.809
M,7Y,F,2010-08-01,2.535
M,7Y,F,2010-09-01,2.653
M,7Y,F,2010-10-01,2.736
M,7Y,F,2010-11-01,3.024
M,7Y,F,2010-12-01,3.599
M,7Y,F,2011-01-01,3.79
M,7Y,F,2011-02-01,3.815
M,7Y,F,2011-03-01,3.823
M,7Y,F,2011-04-01,3.945
M,7Y,F,2011-05-01,3.869
M,7Y,F,2011-06-01,3.795
M,7Y,F,2011-07-01,3.882
M,7Y,F,2011-08-01,3.727
M,7Y,F,2011-09-01,3.55
M,7Y,F,2011-10-01,3.886
M,7Y,F,2011-11-01,4.594
M,7Y,F,2011-12-01,3.986
M,7Y,F,2012-01-01,3.661
M,7Y,F,2012-02-01,2.991
M,7Y,F,2012-03-01,2.837
M,7Y,F,2012-04-01,2.889
M,7Y,F,2012-05-01,2.663
M,7Y,F,2012-06-01,2.579
M,7Y,F,2012-07-01,2.083
M,7Y,F,2012-08-01,1.956
M,7Y,F,2012-09-01,2.004
M,7Y,F,2012-10-01,1.851
M,7Y,F,2012-11-01,1.689
M,7Y,F,2012-12-01,1.467
M,7Y,F,2013-01-01,1.611
M,7Y,F,2013-02-01,1.677
M,7Y,F,2013-03-01,1.472
M,7Y,F,2013-04-01,1.287
M,7Y,F,2013-05-01,1.334
M,7Y,F,2013-06-01,1.756
M,7Y,F,2013-07-01,1.812
M,7Y,F,2013-08-01,1.96
M,7Y,F,2013-09-01,2.062
M,7Y,F,2013-10-01,1.901
M,7Y,F,2013-11-01,1.714
M,7Y,F,2013-12-01,1.755
M,7Y,F,2014-01-01,1.752
M,7Y,F,2014-02-01,1.596
M,7Y,F,2014-03-01,1.499
M,7Y,F,2014-04-01,1.405
M,7Y,F,2014-05-01,1.263
M,7Y,F,2014-06-01,1.107
M,7Y,F,2014-07-01,0.928
M,7Y,F,2014-08-01,0.767
M,7Y,F,2014-09-01,0.717
M,7Y,F,2014-10-01,0.643
M,7Y,F,2014-11-01,0.554
M,7Y,F,2014-12-01,0.467
M,7Y,F,2015-01-01,0.29
M,7Y,F,2015-02-01,0.207
M,7Y,F,2015-03-01,0.137
M,7Y,F,2015-04-01,0.109
M,7Y,F,2015-05-01,0.424
M,7Y,F,2015-06-01,0.69
M,7Y,F,2015-07-01,0.608
M,7Y,F,2015-08-01,0.494
M,7Y,F,2015-09-01,0.496
M,7Y,F,2015-10-01,0.383
M,7Y,F,2015-11-01,0.352
M,7Y,F,2015-12-01,0.41
M,7Y,F,2016-01-01,0.351
M,7Y,F,2016-02-01,0.127
M,7Y,F,2016-03-01,0.053
M,7Y,F,2016-04-01,0.03
M,7Y,F,2016-05-01,0.031
M,7Y,F,2016-06-01,-0.06
M,7Y,F,2016-07-01,-0.252
M,7Y,F,2016-08-01,-0.288
M,7Y,F,2016-09-01,-0.266
M,7Y,F,2016-10-01,-0.193
M,7Y,F,2016-11-01,0.048
M,7Y,F,2016-12-01,0.113
M,7Y,F,2017-01-01,0.2
M,7Y,F,2017-02-01,0.217
M,7Y,F,2017-03-01,0.265
M,7Y,F,2017-04-01,0.19
M,7Y,F,2017-05-01,0.21
M,7Y,F,2017-06-01,0.122
M,7Y,F,2017-07-01,0.349
M,7Y,F,2017-08-01,0.254
M,7Y,F,2017-09-01,0.222
M,7Y,F,2017-10-01,0.242
M,7Y,F,2017-11-01,0.159
M,7Y,F,2017-12-01,0.142
M,7Y,F,2018-01-01,0.357
M,7Y,F,2018-02-01,0.537
M,7Y,F,2018-03-01,0.449
M,7Y,F,2018-04-01,0.408
M,7Y,F,2018-05-01,0.427
M,7Y,F,2018-06-01,0.373
M,7Y,F,2018-07-01,0.286
M,7Y,F,2018-08-01,0.332
M,7Y,F,2018-09-01,0.409
M,7Y,F,2018-10-01,0.477
M,7Y,F,2018-11-01,0.45
M,7Y,F,2018-12-01,0.412
M,7Y,F,2019-01-01,0.328
M,7Y,F,2019-02-01,0.195
M,7Y,F,2019-03-01,0.083
M,7Y,F,2019-04-01,0.04
M,7Y,F,2019-05-01,-0.007
M,7Y,F,2019-06-01,-0.196
M,7Y,F,2019-07-01,-0.303
M,7Y,F,2019-08-01,-0.519
M,7Y,F,2019-09-01,-0.456
M,7Y,F,2019-10-01,-0.35
M,7Y,F,2019-11-01,-0.237
M,7Y,F,2019-12-01,-0.209
M,7Y,F,2020-01-01,-0.226
M,7Y,F,2020-02-01,-0.358
M,7Y,F,2020-03-01,-0.199
M,7Y,F,2020-04-01,-0.073
M,7Y,F,2020-05-01,-0.184
M,7Y,F,2020-06-01,-0.264
M,7Y,F,2020-07-01,-0.374
M,7Y,F,2020-08-01,-0.41
M,7Y,F,2020-09-01,-0.457
M,7Y,F,2020-10-01,-0.528
M,7Y,F,2020-11-01,-0.548
M,7Y,F,2020-12-01,-0.564
M,7Y,F,2021-01-01,-0.528
M,7Y,F,2021-02-01,-0.402
M,7Y,F,2021-03-01,-0.355
M,7Y,F,2021-04-01,-0.315
M,7Y,F,2021-05-01,-0.208
M,7Y,F,2021-06-01,-0.247
M,7Y,F,2021-07-01,-0.372
M,7Y,F,2021-08-01,-0.458
M,7Y,F,2021-09-01,-0.34
M,7Y,F,2021-10-01,-0.182
M,7Y,F,2021-11-01,-0.264
M,7Y,F,2021-12-01,-0.296
M,7Y,F,2022-01-01,-0.07
M,7Y,F,2022-02-01,0.31
M,7Y,F,2022-03-01,0.43
M,7Y,F,2022-04-01,0.94
M,7Y,F,2022-05-01,1.16
M,7Y,F,2022-06-01,1.75
M,7Y,F,2022-07-01,1.36
M,7Y,F,2022-08-01,1.33
M,7Y,F,2022-09-01,2.12
M,7Y,F,2022-10-01,2.53
M,7Y,F,2022-11-01,2.43
M,7Y,F,2022-12-01,2.46
M,7Y,F,2023-01-01,2.56
M,7Y,F,2023-02-01,2.76
M,7Y,F,2023-03-01,2.8
M,7Y,F,2023-04-01,2.78
M,7Y,F,2023-05-01,2.73
M,7Y,F,2023-06-01,2.8
M,7Y,F,2023-07-01,2.92
M,7Y,F,2023-08-01,2.98
M,7Y,F,2023-09-01,3.13
M,7Y,F,2023-10-01,3.28
M,7Y,F,2023-11-01,3.01
M,7Y,F,2023-12-01,2.49
M,7Y,F,2024-01-01,2.58
M,7Y,F,2024-02-01,2.7
M,7Y,F,2024-03-01,2.7
M,7Y,F,2024-04-01,2.81
M,7Y,F,2024-05-01,2.88
M,7Y,F,2024-06-01,2.92
M,7Y,F,2024-07-01,2.85
M,7Y,F,2024-08-01,2.6
M,7Y,F,2024-09-01,2.54
M,7Y,F,2024-10-01,2.6
M,7Y,F,2024-11-01,2.69
M,7Y,F,2024-12-01,2.54
M,7Y,F,2025-01-01,2.85
M,7Y,F,2025-02-01,2.71
M,7Y,F,2025-03-01,2.97
M,7Y,F,2025-04-01,2.72
M,7Y,F,2025-05-01,2.74
M,7Y,F,2025-06-01,2.73
M,7Y,F,2025-07-01,2.83
M,7Y,F,2025-08-01,2.87
M,7Y,F,2025-09-01,2.9
M,7Y,F,2025-10-01,2.84
M,7Y,F,2025-11-01,2.87
M,7Y,F,2025-12-01,2.99
M,7Y,F,2026-01-01,2.97
M,7Y,F,2026-02-01,2.85
M,7Y,F,2026-03-01,3.12
M,7Y,F,2026-04-01,3.2
M,7Y,F,2026-05-01,3.23
M,7Y,F,2026-06-01,3.16
M,7Y,F,2026-07-01,3.3
M,7Y,F,2026-08-01,3.41
M,7Y,F,2026-09-01,3.79
M,25Y,F,2000-01-01,6.298
M,25Y,F,2000-02-01,6.085
M,25Y,F,2000-03-01,5.906
M,25Y,F,2000-04-01,5.814
M,25Y,F,2000-05-01,5.902
M,25Y,F,2000-06-01,5.777
M,25Y,F,2000-07-01,5.83
M,25Y,F,2000-08-01,5.739
M,25Y,F,2000-09-01,5.893
M,25Y,F,2000-10-01,5.923
M,25Y,F,2000-11-01,5.9
M,25Y,F,2000-12-01,5.769
M,25Y,F,2001-01-01,5.682
M,25Y,F,2001-02-01,5.653
M,25Y,F,2001-03-01,5.637
M,25Y,F,2001-04-01,5.781
M,25Y,F,2001-05-01,5.912
M,25Y,F,2001-06-01,5.874
M,25Y,F,2001-07-01,5.859
M,25Y,F,2001-08-01,5.697
M,25Y,F,2001-09-01,5.799
M,25Y,F,2001-10-01,5.535
M,25Y,F,2001-11-01,5.273
M,25Y,F,2001-12-01,5.382
M,25Y,F,2002-01-01,5.438
M,25Y,F,2002-02-01,5.499
M,25Y,F,2002-03-01,5.699
M,25Y,F,2002-04-01,5.722
M,25Y,F,2002-05-01,5.694
M,25Y,F,2002-06-01,5.557
M,25Y,F,2002-07-01,5.414
M,25Y,F,2002-08-01,5.196
M,25Y,F,2002-09-01,5.059
M,25Y,F,2002-10-01,5.175
M,25Y,F,2002-11-01,5.187
M,25Y,F,2002-12-01,5.032
M,25Y,F,2003-01-01,4.879
M,25Y,F,2003-02-01,4.763
M,25Y,F,2003-03-01,4.825
M,25Y,F,2003-04-01,4.928
M,25Y,F,2003-05-01,4.684
M,25Y,F,2003-06-01,4.554
M,25Y,F,2003-07-01,4.838
M,25Y,F,2003-08-01,4.874
M,25Y,F,2003-09-01,4.937
M,25Y,F,2003-10-01,4.983
M,25Y,F,2003-11-01,5.053
M,25Y,F,2003-12-01,4.998
M,25Y,F,2004-01-01,4.915
M,25Y,F,2004-02-01,4.892
M,25Y,F,2004-03-01,4.741
M,25Y,F,2004-04-01,4.871
M,25Y,F,2004-05-01,4.989
M,25Y,F,2004-06-01,5.01
M,25Y,F,2004-07-01,4.902
M,25Y,F,2004-08-01,4.766
M,25Y,F,2004-09-01,4.695
M,25Y,F,2004-10-01,4.607
M,25Y,F,2004-11-01,4.474
M,25Y,F,2004-12-01,4.247
M,25Y,F,2005-01-01,4.132
M,25Y,F,2005-02-01,4.02
M,25Y,F,2005-03-01,4.212
M,25Y,F,2005-04-01,4.061
M,25Y,F,2005-05-01,3.87
M,25Y,F,2005-06-01,3.719
M,25Y,F,2005-07-01,3.76
M,25Y,F,2005-08-01,3.734
M,25Y,F,2005-09-01,3.567
M,25Y,F,2005-10-01,3.666
M,25Y,F,2005-11-01,3.805
M,25Y,F,2005-12-01,3.659
M,25Y,F,2006-01-01,3.612
M,25Y,F,2006-02-01,3.774
M,25Y,F,2006-03-01,3.93
M,25Y,F,2006-04-01,4.237
M,25Y,F,2006-05-01,4.318
M,25Y,F,2006-06-01,4.311
M,25Y,F,2006-07-01,4.326
M,25Y,F,2006-08-01,4.177
M,25Y,F,2006-09-01,4.014
M,25Y,F,2006-10-01,4.007
M,25Y,F,2006-11-01,3.906
M,25Y,F,2006-12-01,3.972
M,25Y,F,2007-01-01,4.203
M,25Y,F,2007-02-01,4.24
M,25Y,F,2007-03-01,4.182
M,25Y,F,2007-04-01,4.407
M,25Y,F,2007-05-01,4.497
M,25Y,F,2007-06-01,4.787
M,25Y,F,2007-07-01,4.743
M,25Y,F,2007-08-01,4.621
M,25Y,F,2007-09-01,4.647
M,25Y,F,2007-10-01,4.66
M,25Y,F,2007-11-01,4.602
M,25Y,F,2007-12-01,4.737
M,25Y,F,2008-01-01,4.663
M,25Y,F,2008-02-01,4.664
M,25Y,F,2008-03-01,4.713
M,25Y,F,2008-04-01,4.799
M,25Y,F,2008-05-01,4.891
M,25Y,F,2008-06-01,5.024
M,25Y,F,2008-07-01,5.051
M,25Y,F,2008-08-01,4.871
M,25Y,F,2008-09-01,4.924
M,25Y,F,2008-10-01,4.706
M,25Y,F,2008-11-01,4.618
M,25Y,F,2008-12-01,4.11
M,25Y,F,2009-01-01,4.554
M,25Y,F,2009-02-01,4.615
M,25Y,F,2009-03-01,4.689
M,25Y,F,2009-04-01,4.56
M,25Y,F,2009-05-01,4.662
M,25Y,F,2009-06-01,4.717
M,25Y,F,2009-07-01,4.531
M,25Y,F,2009-08-01,4.343
M,25Y,F,2009-09-01,4.432
M,25Y,F,2009-10-01,4.418
M,25Y,F,2009-11-01,4.431
M,25Y,F,2009-12-01,4.389
M,25Y,F,2010-01-01,4.411
M,25Y,F,2010-02-01,4.324
M,25Y,F,2010-03-01,4.24
M,25Y,F,2010-04-01,4.19
M,25Y,F,2010-05-01,4.085
M,25Y,F,2010-06-01,4.13
M,25Y,F,2010-07-01,3.999
M,25Y,F,2010-08-01,3.631
M,25Y,F,2010-09-01,3.644
M,25Y,F,2010-10-01,3.72
M,25Y,F,2010-11-01,3.883
M,25Y,F,2010-12-01,4.407
M,25Y,F,2011-01-01,4.579
M,25Y,F,2011-02-01,4.649
M,25Y,F,2011-03-01,4.614
M,25Y,F,2011-04-01,4.727
M,25Y,F,2011-05-01,4.687
M,25Y,F,2011-06-01,4.677
M,25Y,F,2011-07-01,4.682
M,25Y,F,2011-08-01,4.575
M,25Y,F,2011-09-01,4.374
M,25Y,F,2011-10-01,4.639
M,25Y,F,2011-11-01,5.142
M,25Y,F,2011-12-01,4.497
M,25Y,F,2012-01-01,4.383
M,25Y,F,2012-02-01,4.106
M,25Y,F,2012-03-01,3.953
M,25Y,F,2012-04-01,3.945
M,25Y,F,2012-05-01,3.736
M,25Y,F,2012-06-01,3.663
M,25Y,F,2012-07-01,3.521
M,25Y,F,2012-08-01,3.394
M,25Y,F,2012-09-01,3.468
M,25Y,F,2012-10-01,3.297
M,25Y,F,2012-11-01,3.231
M,25Y,F,2012-12-01,3.078
M,25Y,F,2013-01-01,3.174
M,25Y,F,2013-02-01,3.23
M,25Y,F,2013-03-01,3.138
M,25Y,F,2013-04-01,2.94
M,25Y,F,2013-05-01,2.956
M,25Y,F,2013-06-01,3.319
M,25Y,F,2013-07-01,3.39
M,25Y,F,2013-08-01,3.509
M,25Y,F,2013-09-01,3.686
M,25Y,F,2013-10-01,3.569
M,25Y,F,2013-11-01,3.426
M,25Y,F,2013-12-01,3.335
M,25Y,F,2014-01-01,3.321
M,25Y,F,2014-02-01,3.182
M,25Y,F,2014-03-01,3.108
M,25Y,F,2014-04-01,3.013
M,25Y,F,2014-05-01,2.851
M,25Y,F,2014-06-01,2.799
M,25Y,F,2014-07-01,2.591
M,25Y,F,2014-08-01,2.336
M,25Y,F,2014-09-01,2.37
M,25Y,F,2014-10-01,2.237
M,25Y,F,2014-11-01,2.132
M,25Y,F,2014-12-01,1.877
M,25Y,F,2015-01-01,1.505
M,25Y,F,2015-02-01,1.298
M,25Y,F,2015-03-01,1.066
M,25Y,F,2015-04-01,1.006
M,25Y,F,2015-05-01,1.579
M,25Y,F,2015-06-01,1.995
M,25Y,F,2015-07-01,2.012
M,25Y,F,2015-08-01,1.877
M,25Y,F,2015-09-01,1.93
M,25Y,F,2015-10-01,1.795
M,25Y,F,2015-11-01,1.853
M,25Y,F,2015-12-01,1.909
M,25Y,F,2016-01-01,1.872
M,25Y,F,2016-02-01,1.541
M,25Y,F,2016-03-01,1.541
M,25Y,F,2016-04-01,1.53
M,25Y,F,2016-05-01,1.516
M,25Y,F,2016-06-01,1.208
M,25Y,F,2016-07-01,0.915
M,25Y,F,2016-08-01,0.881
M,25Y,F,2016-09-01,0.999
M,25Y,F,2016-10-01,1.097
M,25Y,F,2016-11-01,1.369
M,25Y,F,2016-12-01,1.541
M,25Y,F,2017-01-01,1.728
M,25Y,F,2017-02-01,1.763
M,25Y,F,2017-03-01,1.686
M,25Y,F,2017-04-01,1.583
M,25Y,F,2017-05-01,1.642
M,25Y,F,2017-06-01,1.505
M,25Y,F,2017-07-01,1.69
M,25Y,F,2017-08-01,1.597
M,25Y,F,2017-09-01,1.63
M,25Y,F,2017-10-01,1.631
M,25Y,F,2017-11-01,1.53
M,25Y,F,2017-12-01,1.442
M,25Y,F,2018-01-01,1.575
M,25Y,F,2018-02-01,1.586
M,25Y,F,2018-03-01,1.521
M,25Y,F,2018-04-01,1.491
M,25Y,F,2018-05-01,1.589
M,25Y,F,2018-06-01,1.623
M,25Y,F,2018-07-01,1.565
M,25Y,F,2018-08-01,1.619
M,25Y,F,2018-09-01,1.67
M,25Y,F,2018-10-01,1.727
M,25Y,F,2018-11-01,1.754
M,25Y,F,2018-12-01,1.714
M,25Y,F,2019-01-01,1.655
M,25Y,F,2019-02-01,1.56
M,25Y,F,2019-03-01,1.443
M,25Y,F,2019-04-01,1.41
M,25Y,F,2019-05-01,1.353
M,25Y,F,2019-06-01,1.009
M,25Y,F,2019-07-01,0.847
M,25Y,F,2019-08-01,0.467
M,25Y,F,2019-09-01,0.524
M,25Y,F,2019-10-01,0.568
M,25Y,F,2019-11-01,0.693
M,25Y,F,2019-12-01,0.734
M,25Y,F,2020-01-01,0.726
M,25Y,F,2020-02-01,0.527
M,25Y,F,2020-03-01,0.555
M,25Y,F,2020-04-01,0.736
M,25Y,F,2020-05-01,0.711
M,25Y,F,2020-06-01,0.645
M,25Y,F,2020-07-01,0.505
M,25Y,F,2020-08-01,0.444
M,25Y,F,2020-09-01,0.393
M,25Y,F,2020-10-01,0.304
M,25Y,F,2020-11-01,0.274
M,25Y,F,2020-12-01,0.273
M,25Y,F,2021-01-01,0.313
M,25Y,F,2021-02-01,0.538
M,25Y,F,2021-03-01,0.669
M,25Y,F,2021-04-01,0.746
M,25Y,F,2021-05-01,0.898
M,25Y,F,2021-06-01,0.843
M,25Y,F,2021-07-01,0.679
M,25Y,F,2021-08-01,0.566
M,25Y,F,2021-09-01,0.716
M,25Y,F,2021-10-01,0.82
M,25Y,F,2021-11-01,0.712
M,25Y,F,2021-12-01,0.67
M,25Y,F,2022-01-01,0.9
M,25Y,F,2022-02-01,1.14
M,25Y,F,2022-03-01,1.35
M,25Y,F,2022-04-01,1.72
M,25Y,F,2022-05-01,2.04
M,25Y,F,2022-06-01,2.6
M,25Y,F,2022-07-01,2.46
M,25Y,F,2022-08-01,2.3
M,25Y,F,2022-09-01,2.82
M,25Y,F,2022-10-01,3.25
M,25Y,F,2022-11-01,3.01
M,25Y,F,2022-12-01,2.89
M,25Y,F,2023-01-01,3.08
M,25Y,F,2023-02-01,3.29
M,25Y,F,2023-03-01,3.42
M,25Y,F,2023-04-01,3.47
M,25Y,F,2023-05-01,3.52
M,25Y,F,2023-06-01,3.47
M,25Y,F,2023-07-01,3.47
M,25Y,F,2023-08-01,3.65
M,25Y,F,2023-09-01,3.79
M,25Y,F,2023-10-01,4.09
M,25Y,F,2023-11-01,3.81
M,25Y,F,2023-12-01,3.25
M,25Y,F,2024-01-01,3.37
M,25Y,F,2024-02-01,3.44
M,25Y,F,2024-03-01,3.37
M,25Y,F,2024-04-01,3.48
M,25Y,F,2024-05-01,3.51
M,25Y,F,2024-06-01,3.58
M,25Y,F,2024-07-01,3.57
M,25Y,F,2024-08-01,3.4
M,25Y,F,2024-09-01,3.41
M,25Y,F,2024-10-01,3.47
M,25Y,F,2024-11-01,3.46
M,25Y,F,2024-12-01,3.35
M,25Y,F,2025-01-01,3.7
M,25Y,F,2025-02-01,3.6
M,25Y,F,2025-03-01,3.98
M,25Y,F,2025-04-01,3.88
M,25Y,F,2025-05-01,3.94
M,25Y,F,2025-06-01,3.9
M,25Y,F,2025-07-01,4.08
M,25Y,F,2025-08-01,4.15
M,25Y,F,2025-09-01,4.23
M,25Y,F,2025-10-01,4.12
M,25Y,F,2025-11-01,4.14
M,25Y,F,2025-12-01,4.25
M,25Y,F,2026-01-01,4.26
M,25Y,F,2026-02-01,4.18
M,25Y,F,2026-03-01,4.26
M,25Y,F,2026-04-01,4.35
M,25Y,F,2026-05-01,4.37
M,25Y,F,2026-06-01,4.31
M,25Y,F,2026-07-01,4.44
M,25Y,F,2026-08-01,4.55
M,25Y,F,2026-09-01,4.8
M,8Y,F,2000-01-01,5.658
M,8Y,F,2000-02-01,5.647
M,8Y,F,2000-03-01,5.5
M,8Y,F,2000-04-01,5.419
M,8Y,F,2000-05-01,5.62
M,8Y,F,2000-06-01,5.47
M,8Y,F,2000-07-01,5.536
M,8Y,F,2000-08-01,5.512
M,8Y,F,2000-09-01,5.559
M,8Y,F,2000-10-01,5.513
M,8Y,F,2000-11-01,5.459
M,8Y,F,2000-12-01,5.183
M,8Y,F,2001-01-01,5.036
M,8Y,F,2001-02-01,4.998
M,8Y,F,2001-03-01,4.912
M,8Y,F,2001-04-01,5.036
M,8Y,F,2001-05-01,5.204
M,8Y,F,2001-06-01,5.144
M,8Y,F,2001-07-01,5.163
M,8Y,F,2001-08-01,4.976
M,8Y,F,2001-09-01,4.903
M,8Y,F,2001-10-01,4.676
M,8Y,F,2001-11-01,4.569
M,8Y,F,2001-12-01,4.827
M,8Y,F,2002-01-01,4.952
M,8Y,F,2002-02-01,5.054
M,8Y,F,2002-03-01,5.273
M,8Y,F,2002-04-01,5.257
M,8Y,F,2002-05-01,5.268
M,8Y,F,2002-06-01,5.114
M,8Y,F,2002-07-01,4.946
M,8Y,F,2002-08-01,4.653
M,8Y,F,2002-09-01,4.417
M,8Y,F,2002-10-01,4.461
M,8Y,F,2002-11-01,4.429
M,8Y,F,2002-12-01,4.238
M,8Y,F,2003-01-01,4.042
M,8Y,F,2003-02-01,3.814
M,8Y,F,2003-03-01,3.849
M,8Y,F,2003-04-01,3.979
M,8Y,F,2003-05-01,3.644
M,8Y,F,2003-06-01,3.425
M,8Y,F,2003-07-01,3.754
M,8Y,F,2003-08-01,3.983
M,8Y,F,2003-09-01,3.995
M,8Y,F,2003-10-01,4.078
M,8Y,F,2003-11-01,4.221
M,8Y,F,2003-12-01,4.165
M,8Y,F,2004-01-01,4.01
M,8Y,F,2004-02-01,3.928
M,8Y,F,2004-03-01,3.741
M,8Y,F,2004-04-01,3.961
M,8Y,F,2004-05-01,4.109
M,8Y,F,2004-06-01,4.198
M,8Y,F,2004-07-01,4.083
M,8Y,F,2004-08-01,3.928
M,8Y,F,2004-09-01,3.884
M,8Y,F,2004-10-01,3.759
M,8Y,F,2004-11-01,3.641
M,8Y,F,2004-12-01,3.454
M,8Y,F,2005-01-01,3.4
M,8Y,F,2005-02-01,3.4
M,8Y,F,2005-03-01,3.558
M,8Y,F,2005-04-01,3.355
M,8Y,F,2005-05-01,3.185
M,8Y,F,2005-06-01,3.018
M,8Y,F,2005-07-01,3.06
M,8Y,F,2005-08-01,3.093
M,8Y,F,2005-09-01,2.949
M,8Y,F,2005-10-01,3.135
M,8Y,F,2005-11-01,3.361
M,8Y,F,2005-12-01,3.276
M,8Y,F,2006-01-01,3.27
M,8Y,F,2006-02-01,3.422
M,8Y,F,2006-03-01,3.619
M,8Y,F,2006-04-01,3.881
M,8Y,F,2006-05-01,3.93
M,8Y,F,2006-06-01,3.929
M,8Y,F,2006-07-01,3.97
M,8Y,F,2006-08-01,3.845
M,8Y,F,2006-09-01,3.732
M,8Y,F,2006-10-01,3.79
M,8Y,F,2006-11-01,3.729
M,8Y,F,2006-12-01,3.799
M,8Y,F,2007-01-01,4.032
M,8Y,F,2007-02-01,4.068
M,8Y,F,2007-03-01,3.97
M,8Y,F,2007-04-01,4.187
M,8Y,F,2007-05-01,4.318
M,8Y,F,2007-06-01,4.61
M,8Y,F,2007-07-01,4.585
M,8Y,F,2007-08-01,4.376
M,8Y,F,2007-09-01,4.321
M,8Y,F,2007-10-01,4.343
M,8Y,F,2007-11-01,4.172
M,8Y,F,2007-12-01,4.306
M,8Y,F,2008-01-01,4.099
M,8Y,F,2008-02-01,3.95
M,8Y,F,2008-03-01,3.927
M,8Y,F,2008-04-01,4.186
M,8Y,F,2008-05-01,4.376
M,8Y,F,2008-06-01,4.766
M,8Y,F,2008-07-01,4.75
M,8Y,F,2008-08-01,4.437
M,8Y,F,2008-09-01,4.432
M,8Y,F,2008-10-01,4.314
M,8Y,F,2008-11-01,4.046
M,8Y,F,2008-12-01,3.788
M,8Y,F,2009-01-01,3.951
M,8Y,F,2009-02-01,3.965
M,8Y,F,2009-03-01,3.836
M,8Y,F,2009-04-01,3.695
M,8Y,F,2009-05-01,3.751
M,8Y,F,2009-06-01,3.881
M,8Y,F,2009-07-01,3.652
M,8Y,F,2009-08-01,3.499
M,8Y,F,2009-09-01,3.435
M,8Y,F,2009-10-01,3.383
M,8Y,F,2009-11-01,3.359
M,8Y,F,2009-12-01,3.346
M,8Y,F,2010-01-01,3.39
M,8Y,F,2010-02-01,3.297
M,8Y,F,2010-03-01,3.21
M,8Y,F,2010-04-01,3.158
M,8Y,F,2010-05-01,2.949
M,8Y,F,2010-06-01,3.17
M,8Y,F,2010-07-01,2.994
M,8Y,F,2010-08-01,2.717
M,8Y,F,2010-09-01,2.832
M,8Y,F,2010-10-01,2.916
M,8Y,F,2010-11-01,3.208
M,8Y,F,2010-12-01,3.748
M,8Y,F,2011-01-01,3.922
M,8Y,F,2011-02-01,3.944
M,8Y,F,2011-03-01,3.947
M,8Y,F,2011-04-01,4.019
M,8Y,F,2011-05-01,3.948
M,8Y,F,2011-06-01,3.884
M,8Y,F,2011-07-01,3.97
M,8Y,F,2011-08-01,3.821
M,8Y,F,2011-09-01,3.632
M,8Y,F,2011-10-01,3.961
M,8Y,F,2011-11-01,4.682
M,8Y,F,2011-12-01,4.11
M,8Y,F,2012-01-01,3.829
M,8Y,F,2012-02-01,3.211
M,8Y,F,2012-03-01,3.052
M,8Y,F,2012-04-01,3.098
M,8Y,F,2012-05-01,2.874
M,8Y,F,2012-06-01,2.771
M,8Y,F,2012-07-01,2.311
M,8Y,F,2012-08-01,2.188
M,8Y,F,2012-09-01,2.246
M,8Y,F,2012-10-01,2.087
M,8Y,F,2012-11-01,1.92
M,8Y,F,2012-12-01,1.712
M,8Y,F,2013-01-01,1.866
M,8Y,F,2013-02-01,1.939
M,8Y,F,2013-03-01,1.713
M,8Y,F,2013-04-01,1.507
M,8Y,F,2013-05-01,1.559
M,8Y,F,2013-06-01,1.978
M,8Y,F,2013-07-01,2.055
M,8Y,F,2013-08-01,2.203
M,8Y,F,2013-09-01,2.316
M,8Y,F,2013-10-01,2.159
M,8Y,F,2013-11-01,1.991
M,8Y,F,2013-12-01,2.031
M,8Y,F,2014-01-01,2.023
M,8Y,F,2014-02-01,1.849
M,8Y,F,2014-03-01,1.746
M,8Y,F,2014-04-01,1.649
M,8Y,F,2014-05-01,1.505
M,8Y,F,2014-06-01,1.354
M,8Y,F,2014-07-01,1.167
M,8Y,F,2014-08-01,0.99
M,8Y,F,2014-09-01,0.936
M,8Y,F,2014-10-01,0.849
M,8Y,F,2014-11-01,0.752
M,8Y,F,2014-12-01,0.635
M,8Y,F,2015-01-01,0.434
M,8Y,F,2015-02-01,0.334
M,8Y,F,2015-03-01,0.245
M,8Y,F,2015-04-01,0.206
M,8Y,F,2015-05-01,0.575
M,8Y,F,2015-06-01,0.881
M,8Y,F,2015-07-01,0.802
M,8Y,F,2015-08-01,0.676
M,8Y,F,2015-09-01,0.678
M,8Y,F,2015-10-01,0.556
M,8Y,F,2015-11-01,0.541
M,8Y,F,2015-12-01,0.61
M,8Y,F,2016-01-01,0.546
M,8Y,F,2016-02-01,0.306
M,8Y,F,2016-03-01,0.225
M,8Y,F,2016-04-01,0.191
M,8Y,F,2016-05-01,0.196
M,8Y,F,2016-06-01,0.098
M,8Y,F,2016-07-01,-0.099
M,8Y,F,2016-08-01,-0.14
M,8Y,F,2016-09-01,-0.11
M,8Y,F,2016-10-01,-0.023
M,8Y,F,2016-11-01,0.255
M,8Y,F,2016-12-01,0.33
M,8Y,F,2017-01-01,0.422
M,8Y,F,2017-02-01,0.443
M,8Y,F,2017-03-01,0.487
M,8Y,F,2017-04-01,0.407
M,8Y,F,2017-05-01,0.424
M,8Y,F,2017-06-01,0.321
M,8Y,F,2017-07-01,0.551
M,8Y,F,2017-08-01,0.457
M,8Y,F,2017-09-01,0.429
M,8Y,F,2017-10-01,0.439
M,8Y,F,2017-11-01,0.344
M,8Y,F,2017-12-01,0.315
M,8Y,F,2018-01-01,0.529
M,8Y,F,2018-02-01,0.712
M,8Y,F,2018-03-01,0.616
M,8Y,F,2018-04-01,0.567
M,8Y,F,2018-05-01,0.59
M,8Y,F,2018-06-01,0.544
M,8Y,F,2018-07-01,0.446
M,8Y,F,2018-08-01,0.494
M,8Y,F,2018-09-01,0.565
M,8Y,F,2018-10-01,0.638
M,8Y,F,2018-11-01,0.612
M,8Y,F,2018-12-01,0.566
M,8Y,F,2019-01-01,0.485
M,8Y,F,2019-02-01,0.341
M,8Y,F,2019-03-01,0.216
M,8Y,F,2019-04-01,0.175
M,8Y,F,2019-05-01,0.126
M,8Y,F,2019-06-01,-0.083
M,8Y,F,2019-07-01,-0.199
M,8Y,F,2019-08-01,-0.438
M,8Y,F,2019-09-01,-0.381
M,8Y,F,2019-10-01,-0.276
M,8Y,F,2019-11-01,-0.157
M,8Y,F,2019-12-01,-0.122
M,8Y,F,2020-01-01,-0.141
M,8Y,F,2020-02-01,-0.288
M,8Y,F,2020-03-01,-0.145
M,8Y,F,2020-04-01,-0.011
M,8Y,F,2020-05-01,-0.117
M,8Y,F,2020-06-01,-0.192
M,8Y,F,2020-07-01,-0.305
M,8Y,F,2020-08-01,-0.339
M,8Y,F,2020-09-01,-0.382
M,8Y,F,2020-10-01,-0.462
M,8Y,F,2020-11-01,-0.486
M,8Y,F,2020-12-01,-0.498
M,8Y,F,2021-01-01,-0.46
M,8Y,F,2021-02-01,-0.32
M,8Y,F,2021-03-01,-0.26
M,8Y,F,2021-04-01,-0.215
M,8Y,F,2021-05-01,-0.094
M,8Y,F,2021-06-01,-0.139
M,8Y,F,2021-07-01,-0.269
M,8Y,F,2021-08-01,-0.36
M,8Y,F,2021-09-01,-0.232
M,8Y,F,2021-10-01,-0.067
M,8Y,F,2021-11-01,-0.149
M,8Y,F,2021-12-01,-0.186
M,8Y,F,2022-01-01,0.05
M,8Y,F,2022-02-01,0.42
M,8Y,F,2022-03-01,0.56
M,8Y,F,2022-04-01,1.05
M,8Y,F,2022-05-01,1.3
M,8Y,F,2022-06-01,1.89
M,8Y,F,2022-07-01,1.51
M,8Y,F,2022-08-01,1.46
M,8Y,F,2022-09-01,2.23
M,8Y,F,2022-10-01,2.64
M,8Y,F,2022-11-01,2.51
M,8Y,F,2022-12-01,2.55
M,8Y,F,2023-01-01,2.64
M,8Y,F,2023-02-01,2.84
M,8Y,F,2023-03-01,2.87
M,8Y,F,2023-04-01,2.85
M,8Y,F,2023-05-01,2.81
M,8Y,F,2023-06-01,2.87
M,8Y,F,2023-07-01,2.98
M,8Y,F,2023-08-01,3.06
M,8Y,F,2023-09-01,3.2
M,8Y,F,2023-10-01,3.37
M,8Y,F,2023-11-01,3.09
M,8Y,F,2023-12-01,2.57
M,8Y,F,2024-01-01,2.66
M,8Y,F,2024-02-01,2.77
M,8Y,F,2024-03-01,2.75
M,8Y,F,2024-04-01,2.86
M,8Y,F,2024-05-01,2.93
M,8Y,F,2024-06-01,2.97
M,8Y,F,2024-07-01,2.91
M,8Y,F,2024-08-01,2.67
M,8Y,F,2024-09-01,2.61
M,8Y,F,2024-10-01,2.67
M,8Y,F,2024-11-01,2.76
M,8Y,F,2024-12-01,2.62
M,8Y,F,2025-01-01,2.94
M,8Y,F,2025-02-01,2.81
M,8Y,F,2025-03-01,3.1
M,8Y,F,2025-04-01,2.86
M,8Y,F,2025-05-01,2.88
M,8Y,F,2025-06-01,2.86
M,8Y,F,2025-07-01,2.97
M,8Y,F,2025-08-01,3.01
M,8Y,F,2025-09-01,3.04
M,8Y,F,2025-10-01,2.97
M,8Y,F,2025-11-01,3.0
M,8Y,F,2025-12-01,3.13
M,8Y,F,2026-01-01,3.11
M,8Y,F,2026-02-01,2.99
M,8Y,F,2026-03-01,3.24
M,8Y,F,2026-04-01,3.32
M,8Y,F,2026-05-01,3.35
M,8Y,F,2026-06-01,3.27
M,8Y,F,2026-07-01,3.41
M,8Y,F,2026-08-01,3.52
M,8Y,F,2026-09-01,3.9
M,20Y,F,2000-01-01,6.222
M,20Y,F,2000-02-01,6.036
M,20Y,F,2000-03-01,5.844
M,20Y,F,2000-04-01,5.767
M,20Y,F,2000-05-01,5.872
M,20Y,F,2000-06-01,5.742
M,20Y,F,2000-07-01,5.792
M,20Y,F,2000-08-01,5.717
M,20Y,F,2000-09-01,5.842
M,20Y,F,2000-10-01,5.85
M,20Y,F,2000-11-01,5.846
M,20Y,F,2000-12-01,5.686
M,20Y,F,2001-01-01,5.606
M,20Y,F,2001-02-01,5.611
M,20Y,F,2001-03-01,5.593
M,20Y,F,2001-04-01,5.718
M,20Y,F,2001-05-01,5.844
M,20Y,F,2001-06-01,5.796
M,20Y,F,2001-07-01,5.786
M,20Y,F,2001-08-01,5.633
M,20Y,F,2001-09-01,5.703
M,20Y,F,2001-10-01,5.429
M,20Y,F,2001-11-01,5.177
M,20Y,F,2001-12-01,5.307
M,20Y,F,2002-01-01,5.389
M,20Y,F,2002-02-01,5.463
M,20Y,F,2002-03-01,5.657
M,20Y,F,2002-04-01,5.678
M,20Y,F,2002-05-01,5.653
M,20Y,F,2002-06-01,5.534
M,20Y,F,2002-07-01,5.4
M,20Y,F,2002-08-01,5.173
M,20Y,F,2002-09-01,5.022
M,20Y,F,2002-10-01,5.16
M,20Y,F,2002-11-01,5.156
M,20Y,F,2002-12-01,4.967
M,20Y,F,2003-01-01,4.81
M,20Y,F,2003-02-01,4.71
M,20Y,F,2003-03-01,4.747
M,20Y,F,2003-04-01,4.864
M,20Y,F,2003-05-01,4.614
M,20Y,F,2003-06-01,4.47
M,20Y,F,2003-07-01,4.752
M,20Y,F,2003-08-01,4.807
M,20Y,F,2003-09-01,4.862
M,20Y,F,2003-10-01,4.905
M,20Y,F,2003-11-01,4.966
M,20Y,F,2003-12-01,4.907
M,20Y,F,2004-01-01,4.829
M,20Y,F,2004-02-01,4.812
M,20Y,F,2004-03-01,4.661
M,20Y,F,2004-04-01,4.8
M,20Y,F,2004-05-01,4.903
M,20Y,F,2004-06-01,4.892
M,20Y,F,2004-07-01,4.78
M,20Y,F,2004-08-01,4.64
M,20Y,F,2004-09-01,4.571
M,20Y,F,2004-10-01,4.474
M,20Y,F,2004-11-01,4.342
M,20Y,F,2004-12-01,4.112
M,20Y,F,2005-01-01,4.013
M,20Y,F,2005-02-01,3.924
M,20Y,F,2005-03-01,4.103
M,20Y,F,2005-04-01,3.934
M,20Y,F,2005-05-01,3.747
M,20Y,F,2005-06-01,3.604
M,20Y,F,2005-07-01,3.656
M,20Y,F,2005-08-01,3.63
M,20Y,F,2005-09-01,3.454
M,20Y,F,2005-10-01,3.55
M,20Y,F,2005-11-01,3.701
M,20Y,F,2005-12-01,3.546
M,20Y,F,2006-01-01,3.546
M,20Y,F,2006-02-01,3.734
M,20Y,F,2006-03-01,3.891
M,20Y,F,2006-04-01,4.178
M,20Y,F,2006-05-01,4.253
M,20Y,F,2006-06-01,4.245
M,20Y,F,2006-07-01,4.264
M,20Y,F,2006-08-01,4.118
M,20Y,F,2006-09-01,3.965
M,20Y,F,2006-10-01,3.967
M,20Y,F,2006-11-01,3.871
M,20Y,F,2006-12-01,3.941
M,20Y,F,2007-01-01,4.179
M,20Y,F,2007-02-01,4.211
M,20Y,F,2007-03-01,4.143
M,20Y,F,2007-04-01,4.371
M,20Y,F,2007-05-01,4.464
M,20Y,F,2007-06-01,4.759
M,20Y,F,2007-07-01,4.71
M,20Y,F,2007-08-01,4.601
M,20Y,F,2007-09-01,4.614
M,20Y,F,2007-10-01,4.626
M,20Y,F,2007-11-01,4.563
M,20Y,F,2007-12-01,4.697
M,20Y,F,2008-01-01,4.607
M,20Y,F,2008-02-01,4.593
M,20Y,F,2008-03-01,4.641
M,20Y,F,2008-04-01,4.741
M,20Y,F,2008-05-01,4.844
M,20Y,F,2008-06-01,5.02
M,20Y,F,2008-07-01,5.06
M,20Y,F,2008-08-01,4.866
M,20Y,F,2008-09-01,4.906
M,20Y,F,2008-10-01,4.757
M,20Y,F,2008-11-01,4.643
M,20Y,F,2008-12-01,4.1
M,20Y,F,2009-01-01,4.508
M,20Y,F,2009-02-01,4.583
M,20Y,F,2009-03-01,4.643
M,20Y,F,2009-04-01,4.496
M,20Y,F,2009-05-01,4.544
M,20Y,F,2009-06-01,4.645
M,20Y,F,2009-07-01,4.464
M,20Y,F,2009-08-01,4.255
M,20Y,F,2009-09-01,4.339
M,20Y,F,2009-10-01,4.352
M,20Y,F,2009-11-01,4.354
M,20Y,F,2009-12-01,4.322
M,20Y,F,2010-01-01,4.336
M,20Y,F,2010-02-01,4.25
M,20Y,F,2010-03-01,4.132
M,20Y,F,2010-04-01,4.066
M,20Y,F,2010-05-01,3.954
M,20Y,F,2010-06-01,4.005
M,20Y,F,2010-07-01,3.852
M,20Y,F,2010-08-01,3.483
M,20Y,F,2010-09-01,3.52
M,20Y,F,2010-10-01,3.616
M,20Y,F,2010-11-01,3.824
M,20Y,F,2010-12-01,4.353
M,20Y,F,2011-01-01,4.521
M,20Y,F,2011-02-01,4.587
M,20Y,F,2011-03-01,4.563
M,20Y,F,2011-04-01,4.659
M,20Y,F,2011-05-01,4.635
M,20Y,F,2011-06-01,4.6
M,20Y,F,2011-07-01,4.589
M,20Y,F,2011-08-01,4.479
M,20Y,F,2011-09-01,4.27
M,20Y,F,2011-10-01,4.548
M,20Y,F,2011-11-01,5.099
M,20Y,F,2011-12-01,4.483
M,20Y,F,2012-01-01,4.345
M,20Y,F,2012-02-01,4.047
M,20Y,F,2012-03-01,3.883
M,20Y,F,2012-04-01,3.934
M,20Y,F,2012-05-01,3.73
M,20Y,F,2012-06-01,3.645
M,20Y,F,2012-07-01,3.453
M,20Y,F,2012-08-01,3.311
M,20Y,F,2012-09-01,3.378
M,20Y,F,2012-10-01,3.196
M,20Y,F,2012-11-01,3.11
M,20Y,F,2012-12-01,2.927
M,20Y,F,2013-01-01,3.04
M,20Y,F,2013-02-01,3.108
M,20Y,F,2013-03-01,2.997
M,20Y,F,2013-04-01,2.785
M,20Y,F,2013-05-01,2.807
M,20Y,F,2013-06-01,3.177
M,20Y,F,2013-07-01,3.293
M,20Y,F,2013-08-01,3.412
M,20Y,F,2013-09-01,3.563
M,20Y,F,2013-10-01,3.42
M,20Y,F,2013-11-01,3.273
M,20Y,F,2013-12-01,3.207
M,20Y,F,2014-01-01,3.186
M,20Y,F,2014-02-01,3.03
M,20Y,F,2014-03-01,2.953
M,20Y,F,2014-04-01,2.853
M,20Y,F,2014-05-01,2.69
M,20Y,F,2014-06-01,2.626
M,20Y,F,2014-07-01,2.415
M,20Y,F,2014-08-01,2.165
M,20Y,F,2014-09-01,2.173
M,20Y,F,2014-10-01,2.034
M,20Y,F,2014-11-01,1.923
M,20Y,F,2014-12-01,1.675
M,20Y,F,2015-01-01,1.319
M,20Y,F,2015-02-01,1.151
M,20Y,F,2015-03-01,0.948
M,20Y,F,2015-04-01,0.897
M,20Y,F,2015-05-01,1.448
M,20Y,F,2015-06-01,1.867
M,20Y,F,2015-07-01,1.875
M,20Y,F,2015-08-01,1.741
M,20Y,F,2015-09-01,1.79
M,20Y,F,2015-10-01,1.656
M,20Y,F,2015-11-01,1.699
M,20Y,F,2015-12-01,1.765
M,20Y,F,2016-01-01,1.731
M,20Y,F,2016-02-01,1.387
M,20Y,F,2016-03-01,1.348
M,20Y,F,2016-04-01,1.327
M,20Y,F,2016-05-01,1.304
M,20Y,F,2016-06-01,1.013
M,20Y,F,2016-07-01,0.728
M,20Y,F,2016-08-01,0.693
M,20Y,F,2016-09-01,0.798
M,20Y,F,2016-10-01,0.889
M,20Y,F,2016-11-01,1.17
M,20Y,F,2016-12-01,1.347
M,20Y,F,2017-01-01,1.519
M,20Y,F,2017-02-01,1.534
M,20Y,F,2017-03-01,1.421
M,20Y,F,2017-04-01,1.323
M,20Y,F,2017-05-01,1.374
M,20Y,F,2017-06-01,1.242
M,20Y,F,2017-07-01,1.432
M,20Y,F,2017-08-01,1.332
M,20Y,F,2017-09-01,1.358
M,20Y,F,2017-10-01,1.361
M,20Y,F,2017-11-01,1.258
M,20Y,F,2017-12-01,1.174
M,20Y,F,2018-01-01,1.316
M,20Y,F,2018-02-01,1.366
M,20Y,F,2018-03-01,1.305
M,20Y,F,2018-04-01,1.279
M,20Y,F,2018-05-01,1.378
M,20Y,F,2018-06-01,1.391
M,20Y,F,2018-07-01,1.383
M,20Y,F,2018-08-01,1.436
M,20Y,F,2018-09-01,1.489
M,20Y,F,2018-10-01,1.55
M,20Y,F,2018-11-01,1.578
M,20Y,F,2018-12-01,1.535
M,20Y,F,2019-01-01,1.463
M,20Y,F,2019-02-01,1.333
M,20Y,F,2019-03-01,1.205
M,20Y,F,2019-04-01,1.17
M,20Y,F,2019-05-01,1.112
M,20Y,F,2019-06-01,0.782
M,20Y,F,2019-07-01,0.62
M,20Y,F,2019-08-01,0.255
M,20Y,F,2019-09-01,0.315
M,20Y,F,2019-10-01,0.366
M,20Y,F,2019-11-01,0.496
M,20Y,F,2019-12-01,0.542
M,20Y,F,2020-01-01,0.532
M,20Y,F,2020-02-01,0.348
M,20Y,F,2020-03-01,0.415
M,20Y,F,2020-04-01,0.596
M,20Y,F,2020-05-01,0.575
M,20Y,F,2020-06-01,0.49
M,20Y,F,2020-07-01,0.347
M,20Y,F,2020-08-01,0.292
M,20Y,F,2020-09-01,0.242
M,20Y,F,2020-10-01,0.152
M,20Y,F,2020-11-01,0.12
M,20Y,F,2020-12-01,0.118
M,20Y,F,2021-01-01,0.156
M,20Y,F,2021-02-01,0.366
M,20Y,F,2021-03-01,0.493
M,20Y,F,2021-04-01,0.568
M,20Y,F,2021-05-01,0.719
M,20Y,F,2021-06-01,0.659
M,20Y,F,2021-07-01,0.489
M,20Y,F,2021-08-01,0.384
M,20Y,F,2021-09-01,0.526
M,20Y,F,2021-10-01,0.65
M,20Y,F,2021-11-01,0.557
M,20Y,F,2021-12-01,0.518
M,20Y,F,2022-01-01,0.74
M,20Y,F,2022-02-01,1.0
M,20Y,F,2022-03-01,1.24
M,20Y,F,2022-04-01,1.63
M,20Y,F,2022-05-01,1.98
M,20Y,F,2022-06-01,2.5
M,20Y,F,2022-07-01,2.39
M,20Y,F,2022-08-01,2.23
M,20Y,F,2022-09-01,2.82
M,20Y,F,2022-10-01,3.27
M,20Y,F,2022-11-01,3.03
M,20Y,F,2022-12-01,2.91
M,20Y,F,2023-01-01,3.08
M,20Y,F,2023-02-01,3.26
M,20Y,F,2023-03-01,3.37
M,20Y,F,2023-04-01,3.4
M,20Y,F,2023-05-01,3.44
M,20Y,F,2023-06-01,3.4
M,20Y,F,2023-07-01,3.4
M,20Y,F,2023-08-01,3.59
M,20Y,F,2023-09-01,3.72
M,20Y,F,2023-10-01,4.01
M,20Y,F,2023-11-01,3.74
M,20Y,F,2023-12-01,3.17
M,20Y,F,2024-01-01,3.28
M,20Y,F,2024-02-01,3.36
M,20Y,F,2024-03-01,3.3
M,20Y,F,2024-04-01,3.41
M,20Y,F,2024-05-01,3.45
M,20Y,F,2024-06-01,3.51
M,20Y,F,2024-07-01,3.48
M,20Y,F,2024-08-01,3.32
M,20Y,F,2024-09-01,3.31
M,20Y,F,2024-10-01,3.37
M,20Y,F,2024-11-01,3.38
M,20Y,F,2024-12-01,3.26
M,20Y,F,2025-01-01,3.6
M,20Y,F,2025-02-01,3.49
M,20Y,F,2025-03-01,3.88
M,20Y,F,2025-04-01,3.75
M,20Y,F,2025-05-01,3.81
M,20Y,F,2025-06-01,3.78
M,20Y,F,2025-07-01,3.95
M,20Y,F,2025-08-01,4.0
M,20Y,F,2025-09-01,4.07
M,20Y,F,2025-10-01,3.96
M,20Y,F,2025-11-01,3.96
M,20Y,F,2025-12-01,4.06
M,20Y,F,2026-01-01,4.07
M,20Y,F,2026-02-01,3.99
M,20Y,F,2026-03-01,4.09
M,20Y,F,2026-04-01,4.19
M,20Y,F,2026-05-01,4.2
M,20Y,F,2026-06-01,4.13
M,20Y,F,2026-07-01,4.26
M,20Y,F,2026-08-01,4.37
M,20Y,F,2026-09-01,4.66
M,22Y,F,2000-01-01,6.261
M,22Y,F,2000-02-01,6.062
M,22Y,F,2000-03-01,5.874
M,22Y,F,2000-04-01,5.793
M,22Y,F,2000-05-01,5.888
M,22Y,F,2000-06-01,5.761
M,22Y,F,2000-07-01,5.812
M,22Y,F,2000-08-01,5.729
M,22Y,F,2000-09-01,5.869
M,22Y,F,2000-10-01,5.889
M,22Y,F,2000-11-01,5.876
M,22Y,F,2000-12-01,5.73
M,22Y,F,2001-01-01,5.647
M,22Y,F,2001-02-01,5.638
M,22Y,F,2001-03-01,5.621
M,22Y,F,2001-04-01,5.755
M,22Y,F,2001-05-01,5.883
M,22Y,F,2001-06-01,5.838
M,22Y,F,2001-07-01,5.826
M,22Y,F,2001-08-01,5.668
M,22Y,F,2001-09-01,5.756
M,22Y,F,2001-10-01,5.487
M,22Y,F,2001-11-01,5.228
M,22Y,F,2001-12-01,5.346
M,22Y,F,2002-01-01,5.416
M,22Y,F,2002-02-01,5.485
M,22Y,F,2002-03-01,5.683
M,22Y,F,2002-04-01,5.703
M,22Y,F,2002-05-01,5.677
M,22Y,F,2002-06-01,5.552
M,22Y,F,2002-07-01,5.416
M,22Y,F,2002-08-01,5.194
M,22Y,F,2002-09-01,5.051
M,22Y,F,2002-10-01,5.183
M,22Y,F,2002-11-01,5.185
M,22Y,F,2002-12-01,5.01
M,22Y,F,2003-01-01,4.854
M,22Y,F,2003-02-01,4.755
M,22Y,F,2003-03-01,4.802
M,22Y,F,2003-04-01,4.912
M,22Y,F,2003-05-01,4.668
M,22Y,F,2003-06-01,4.534
M,22Y,F,2003-07-01,4.814
M,22Y,F,2003-08-01,4.858
M,22Y,F,2003-09-01,4.917
M,22Y,F,2003-10-01,4.962
M,22Y,F,2003-11-01,5.025
M,22Y,F,2003-12-01,4.967
M,22Y,F,2004-01-01,4.889
M,22Y,F,2004-02-01,4.87
M,22Y,F,2004-03-01,4.721
M,22Y,F,2004-04-01,4.854
M,22Y,F,2004-05-01,4.959
M,22Y,F,2004-06-01,4.947
M,22Y,F,2004-07-01,4.838
M,22Y,F,2004-08-01,4.699
M,22Y,F,2004-09-01,4.63
M,22Y,F,2004-10-01,4.536
M,22Y,F,2004-11-01,4.403
M,22Y,F,2004-12-01,4.174
M,22Y,F,2005-01-01,4.068
M,22Y,F,2005-02-01,3.97
M,22Y,F,2005-03-01,4.153
M,22Y,F,2005-04-01,3.99
M,22Y,F,2005-05-01,3.803
M,22Y,F,2005-06-01,3.657
M,22Y,F,2005-07-01,3.707
M,22Y,F,2005-08-01,3.677
M,22Y,F,2005-09-01,3.505
M,22Y,F,2005-10-01,3.6
M,22Y,F,2005-11-01,3.746
M,22Y,F,2005-12-01,3.592
M,22Y,F,2006-01-01,3.574
M,22Y,F,2006-02-01,3.752
M,22Y,F,2006-03-01,3.91
M,22Y,F,2006-04-01,4.207
M,22Y,F,2006-05-01,4.282
M,22Y,F,2006-06-01,4.277
M,22Y,F,2006-07-01,4.295
M,22Y,F,2006-08-01,4.145
M,22Y,F,2006-09-01,3.986
M,22Y,F,2006-10-01,3.985
M,22Y,F,2006-11-01,3.886
M,22Y,F,2006-12-01,3.956
M,22Y,F,2007-01-01,4.189
M,22Y,F,2007-02-01,4.224
M,22Y,F,2007-03-01,4.162
M,22Y,F,2007-04-01,4.389
M,22Y,F,2007-05-01,4.483
M,22Y,F,2007-06-01,4.773
M,22Y,F,2007-07-01,4.725
M,22Y,F,2007-08-01,4.607
M,22Y,F,2007-09-01,4.629
M,22Y,F,2007-10-01,4.638
M,22Y,F,2007-11-01,4.577
M,22Y,F,2007-12-01,4.709
M,22Y,F,2008-01-01,4.628
M,22Y,F,2008-02-01,4.615
M,22Y,F,2008-03-01,4.663
M,22Y,F,2008-04-01,4.765
M,22Y,F,2008-05-01,4.867
M,22Y,F,2008-06-01,5.023
M,22Y,F,2008-07-01,5.059
M,22Y,F,2008-08-01,4.871
M,22Y,F,2008-09-01,4.917
M,22Y,F,2008-10-01,4.737
M,22Y,F,2008-11-01,4.631
M,22Y,F,2008-12-01,4.106
M,22Y,F,2009-01-01,4.53
M,22Y,F,2009-02-01,4.599
M,22Y,F,2009-03-01,4.683
M,22Y,F,2009-04-01,4.536
M,22Y,F,2009-05-01,4.601
M,22Y,F,2009-06-01,4.684
M,22Y,F,2009-07-01,4.5
M,22Y,F,2009-08-01,4.295
M,22Y,F,2009-09-01,4.385
M,22Y,F,2009-10-01,4.387
M,22Y,F,2009-11-01,4.396
M,22Y,F,2009-12-01,4.36
M,22Y,F,2010-01-01,4.379
M,22Y,F,2010-02-01,4.294
M,22Y,F,2010-03-01,4.192
M,22Y,F,2010-04-01,4.129
M,22Y,F,2010-05-01,4.019
M,22Y,F,2010-06-01,4.065
M,22Y,F,2010-07-01,3.917
M,22Y,F,2010-08-01,3.546
M,22Y,F,2010-09-01,3.568
M,22Y,F,2010-10-01,3.656
M,22Y,F,2010-11-01,3.844
M,22Y,F,2010-12-01,4.377
M,22Y,F,2011-01-01,4.55
M,22Y,F,2011-02-01,4.62
M,22Y,F,2011-03-01,4.59
M,22Y,F,2011-04-01,4.691
M,22Y,F,2011-05-01,4.663
M,22Y,F,2011-06-01,4.64
M,22Y,F,2011-07-01,4.629
M,22Y,F,2011-08-01,4.52
M,22Y,F,2011-09-01,4.315
M,22Y,F,2011-10-01,4.587
M,22Y,F,2011-11-01,5.115
M,22Y,F,2011-12-01,4.485
M,22Y,F,2012-01-01,4.357
M,22Y,F,2012-02-01,4.072
M,22Y,F,2012-03-01,3.911
M,22Y,F,2012-04-01,3.935
M,22Y,F,2012-05-01,3.729
M,22Y,F,2012-06-01,3.652
M,22Y,F,2012-07-01,3.493
M,22Y,F,2012-08-01,3.361
M,22Y,F,2012-09-01,3.427
M,22Y,F,2012-10-01,3.248
M,22Y,F,2012-11-01,3.169
M,22Y,F,2012-12-01,2.993
M,22Y,F,2013-01-01,3.097
M,22Y,F,2013-02-01,3.157
M,22Y,F,2013-03-01,3.056
M,22Y,F,2013-04-01,2.848
M,22Y,F,2013-05-01,2.868
M,22Y,F,2013-06-01,3.234
M,22Y,F,2013-07-01,3.333
M,22Y,F,2013-08-01,3.455
M,22Y,F,2013-09-01,3.615
M,22Y,F,2013-10-01,3.482
M,22Y,F,2013-11-01,3.334
M,22Y,F,2013-12-01,3.254
M,22Y,F,2014-01-01,3.238
M,22Y,F,2014-02-01,3.089
M,22Y,F,2014-03-01,3.015
M,22Y,F,2014-04-01,2.918
M,22Y,F,2014-05-01,2.755
M,22Y,F,2014-06-01,2.702
M,22Y,F,2014-07-01,2.491
M,22Y,F,2014-08-01,2.238
M,22Y,F,2014-09-01,2.261
M,22Y,F,2014-10-01,2.125
M,22Y,F,2014-11-01,2.016
M,22Y,F,2014-12-01,1.763
M,22Y,F,2015-01-01,1.4
M,22Y,F,2015-02-01,1.217
M,22Y,F,2015-03-01,1.004
M,22Y,F,2015-04-01,0.951
M,22Y,F,2015-05-01,1.511
M,22Y,F,2015-06-01,1.93
M,22Y,F,2015-07-01,1.942
M,22Y,F,2015-08-01,1.808
M,22Y,F,2015-09-01,1.86
M,22Y,F,2015-10-01,1.726
M,22Y,F,2015-11-01,1.775
M,22Y,F,2015-12-01,1.838
M,22Y,F,2016-01-01,1.805
M,22Y,F,2016-02-01,1.462
M,22Y,F,2016-03-01,1.438
M,22Y,F,2016-04-01,1.42
M,22Y,F,2016-05-01,1.401
M,22Y,F,2016-06-01,1.098
M,22Y,F,2016-07-01,0.806
M,22Y,F,2016-08-01,0.772
M,22Y,F,2016-09-01,0.884
M,22Y,F,2016-10-01,0.978
M,22Y,F,2016-11-01,1.253
M,22Y,F,2016-12-01,1.434
M,22Y,F,2017-01-01,1.615
M,22Y,F,2017-02-01,1.636
M,22Y,F,2017-03-01,1.53
M,22Y,F,2017-04-01,1.431
M,22Y,F,2017-05-01,1.487
M,22Y,F,2017-06-01,1.355
M,22Y,F,2017-07-01,1.543
M,22Y,F,2017-08-01,1.445
M,22Y,F,2017-09-01,1.476
M,22Y,F,2017-10-01,1.476
M,22Y,F,2017-11-01,1.376
M,22Y,F,2017-12-01,1.289
M,22Y,F,2018-01-01,1.425
M,22Y,F,2018-02-01,1.457
M,22Y,F,2018-03-01,1.399
M,22Y,F,2018-04-01,1.372
M,22Y,F,2018-05-01,1.472
M,22Y,F,2018-06-01,1.496
M,22Y,F,2018-07-01,1.472
M,22Y,F,2018-08-01,1.525
M,22Y,F,2018-09-01,1.577
M,22Y,F,2018-10-01,1.637
M,22Y,F,2018-11-01,1.666
M,22Y,F,2018-12-01,1.626
M,22Y,F,2019-01-01,1.556
M,22Y,F,2019-02-01,1.434
M,22Y,F,2019-03-01,1.31
M,22Y,F,2019-04-01,1.276
M,22Y,F,2019-05-01,1.217
M,22Y,F,2019-06-01,0.882
M,22Y,F,2019-07-01,0.72
M,22Y,F,2019-08-01,0.347
M,22Y,F,2019-09-01,0.408
M,22Y,F,2019-10-01,0.454
M,22Y,F,2019-11-01,0.583
M,22Y,F,2019-12-01,0.629
M,22Y,F,2020-01-01,0.617
M,22Y,F,2020-02-01,0.427
M,22Y,F,2020-03-01,0.479
M,22Y,F,2020-04-01,0.66
M,22Y,F,2020-05-01,0.64
M,22Y,F,2020-06-01,0.564
M,22Y,F,2020-07-01,0.421
M,22Y,F,2020-08-01,0.362
M,22Y,F,2020-09-01,0.311
M,22Y,F,2020-10-01,0.222
M,22Y,F,2020-11-01,0.191
M,22Y,F,2020-12-01,0.19
M,22Y,F,2021-01-01,0.227
M,22Y,F,2021-02-01,0.443
M,22Y,F,2021-03-01,0.573
M,22Y,F,2021-04-01,0.651
M,22Y,F,2021-05-01,0.801
M,22Y,F,2021-06-01,0.743
M,22Y,F,2021-07-01,0.574
M,22Y,F,2021-08-01,0.465
M,22Y,F,2021-09-01,0.61
M,22Y,F,2021-10-01,0.726
M,22Y,F,2021-11-01,0.628
M,22Y,F,2021-12-01,0.589
M,22Y,F,2022-01-01,0.82
M,22Y,F,2022-02-01,1.06
M,22Y,F,2022-03-01,1.29
M,22Y,F,2022-04-01,1.67
M,22Y,F,2022-05-01,2.01
M,22Y,F,2022-06-01,2.55
M,22Y,F,2022-07-01,2.43
M,22Y,F,2022-08-01,2.27
M,22Y,F,2022-09-01,2.83
M,22Y,F,2022-10-01,3.27
M,22Y,F,2022-11-01,3.03
M,22Y,F,2022-12-01,2.9
M,22Y,F,2023-01-01,3.08
M,22Y,F,2023-02-01,3.28
M,22Y,F,2023-03-01,3.4
M,22Y,F,2023-04-01,3.44
M,22Y,F,2023-05-01,3.48
M,22Y,F,2023-06-01,3.43
M,22Y,F,2023-07-01,3.43
M,22Y,F,2023-08-01,3.62
M,22Y,F,2023-09-01,3.76
M,22Y,F,2023-10-01,4.05
M,22Y,F,2023-11-01,3.78
M,22Y,F,2023-12-01,3.21
M,22Y,F,2024-01-01,3.33
M,22Y,F,2024-02-01,3.41
M,22Y,F,2024-03-01,3.34
M,22Y,F,2024-04-01,3.45
M,22Y,F,2024-05-01,3.48
M,22Y,F,2024-06-01,3.55
M,22Y,F,2024-07-01,3.53
M,22Y,F,2024-08-01,3.36
M,22Y,F,2024-09-01,3.36
M,22Y,F,2024-10-01,3.43
M,22Y,F,2024-11-01,3.42
M,22Y,F,2024-12-01,3.31
M,22Y,F,2025-01-01,3.65
M,22Y,F,2025-02-01,3.55
M,22Y,F,2025-03-01,3.93
M,22Y,F,2025-04-01,3.82
M,22Y,F,2025-05-01,3.88
M,22Y,F,2025-06-01,3.85
M,22Y,F,2025-07-01,4.02
M,22Y,F,2025-08-01,4.08
M,22Y,F,2025-09-01,4.15
M,22Y,F,2025-10-01,4.05
M,22Y,F,2025-11-01,4.05
M,22Y,F,2025-12-01,4.15
M,22Y,F,2026-01-01,4.16
M,22Y,F,2026-02-01,4.08
M,22Y,F,2026-03-01,4.17
M,22Y,F,2026-04-01,4.26
M,22Y,F,2026-05-01,4.28
M,22Y,F,2026-06-01,4.21
M,22Y,F,2026-07-01,4.34
M,22Y,F,2026-08-01,4.45
M,22Y,F,2026-09-01,4.72
M,14Y,F,2000-01-01,6.031
M,14Y,F,2000-02-01,5.904
M,14Y,F,2000-03-01,5.712
M,14Y,F,2000-04-01,5.627
M,14Y,F,2000-05-01,5.77
M,14Y,F,2000-06-01,5.622
M,14Y,F,2000-07-01,5.692
M,14Y,F,2000-08-01,5.639
M,14Y,F,2000-09-01,5.726
M,14Y,F,2000-10-01,5.703
M,14Y,F,2000-11-01,5.681
M,14Y,F,2000-12-01,5.479
M,14Y,F,2001-01-01,5.385
M,14Y,F,2001-02-01,5.382
M,14Y,F,2001-03-01,5.339
M,14Y,F,2001-04-01,5.461
M,14Y,F,2001-05-01,5.608
M,14Y,F,2001-06-01,5.557
M,14Y,F,2001-07-01,5.569
M,14Y,F,2001-08-01,5.408
M,14Y,F,2001-09-01,5.429
M,14Y,F,2001-10-01,5.159
M,14Y,F,2001-11-01,4.959
M,14Y,F,2001-12-01,5.148
M,14Y,F,2002-01-01,5.24
M,14Y,F,2002-02-01,5.304
M,14Y,F,2002-03-01,5.514
M,14Y,F,2002-04-01,5.521
M,14Y,F,2002-05-01,5.515
M,14Y,F,2002-06-01,5.392
M,14Y,F,2002-07-01,5.252
M,14Y,F,2002-08-01,5.001
M,14Y,F,2002-09-01,4.83
M,14Y,F,2002-10-01,4.95
M,14Y,F,2002-11-01,4.937
M,14Y,F,2002-12-01,4.744
M,14Y,F,2003-01-01,4.577
M,14Y,F,2003-02-01,4.399
M,14Y,F,2003-03-01,4.438
M,14Y,F,2003-04-01,4.571
M,14Y,F,2003-05-01,4.284
M,14Y,F,2003-06-01,4.106
M,14Y,F,2003-07-01,4.403
M,14Y,F,2003-08-01,4.512
M,14Y,F,2003-09-01,4.557
M,14Y,F,2003-10-01,4.611
M,14Y,F,2003-11-01,4.697
M,14Y,F,2003-12-01,4.638
M,14Y,F,2004-01-01,4.533
M,14Y,F,2004-02-01,4.503
M,14Y,F,2004-03-01,4.34
M,14Y,F,2004-04-01,4.509
M,14Y,F,2004-05-01,4.626
M,14Y,F,2004-06-01,4.66
M,14Y,F,2004-07-01,4.552
M,14Y,F,2004-08-01,4.404
M,14Y,F,2004-09-01,4.34
M,14Y,F,2004-10-01,4.232
M,14Y,F,2004-11-01,4.103
M,14Y,F,2004-12-01,3.882
M,14Y,F,2005-01-01,3.802
M,14Y,F,2005-02-01,3.754
M,14Y,F,2005-03-01,3.927
M,14Y,F,2005-04-01,3.74
M,14Y,F,2005-05-01,3.567
M,14Y,F,2005-06-01,3.414
M,14Y,F,2005-07-01,3.464
M,14Y,F,2005-08-01,3.457
M,14Y,F,2005-09-01,3.281
M,14Y,F,2005-10-01,3.402
M,14Y,F,2005-11-01,3.576
M,14Y,F,2005-12-01,3.436
M,14Y,F,2006-01-01,3.452
M,14Y,F,2006-02-01,3.636
M,14Y,F,2006-03-01,3.797
M,14Y,F,2006-04-01,4.058
M,14Y,F,2006-05-01,4.133
M,14Y,F,2006-06-01,4.119
M,14Y,F,2006-07-01,4.142
M,14Y,F,2006-08-01,4.009
M,14Y,F,2006-09-01,3.872
M,14Y,F,2006-10-01,3.9
M,14Y,F,2006-11-01,3.814
M,14Y,F,2006-12-01,3.875
M,14Y,F,2007-01-01,4.133
M,14Y,F,2007-02-01,4.161
M,14Y,F,2007-03-01,4.07
M,14Y,F,2007-04-01,4.29
M,14Y,F,2007-05-01,4.395
M,14Y,F,2007-06-01,4.697
M,14Y,F,2007-07-01,4.663
M,14Y,F,2007-08-01,4.55
M,14Y,F,2007-09-01,4.542
M,14Y,F,2007-10-01,4.576
M,14Y,F,2007-11-01,4.5
M,14Y,F,2007-12-01,4.655
M,14Y,F,2008-01-01,4.529
M,14Y,F,2008-02-01,4.518
M,14Y,F,2008-03-01,4.558
M,14Y,F,2008-04-01,4.62
M,14Y,F,2008-05-01,4.724
M,14Y,F,2008-06-01,4.975
M,14Y,F,2008-07-01,4.999
M,14Y,F,2008-08-01,4.798
M,14Y,F,2008-09-01,4.797
M,14Y,F,2008-10-01,4.696
M,14Y,F,2008-11-01,4.601
M,14Y,F,2008-12-01,4.044
M,14Y,F,2009-01-01,4.402
M,14Y,F,2009-02-01,4.474
M,14Y,F,2009-03-01,4.328
M,14Y,F,2009-04-01,4.248
M,14Y,F,2009-05-01,4.366
M,14Y,F,2009-06-01,4.456
M,14Y,F,2009-07-01,4.285
M,14Y,F,2009-08-01,4.14
M,14Y,F,2009-09-01,4.179
M,14Y,F,2009-10-01,4.185
M,14Y,F,2009-11-01,4.184
M,14Y,F,2009-12-01,4.141
M,14Y,F,2010-01-01,4.15
M,14Y,F,2010-02-01,4.033
M,14Y,F,2010-03-01,3.923
M,14Y,F,2010-04-01,3.845
M,14Y,F,2010-05-01,3.643
M,14Y,F,2010-06-01,3.746
M,14Y,F,2010-07-01,3.604
M,14Y,F,2010-08-01,3.287
M,14Y,F,2010-09-01,3.395
M,14Y,F,2010-10-01,3.517
M,14Y,F,2010-11-01,3.773
M,14Y,F,2010-12-01,4.245
M,14Y,F,2011-01-01,4.362
M,14Y,F,2011-02-01,4.394
M,14Y,F,2011-03-01,4.401
M,14Y,F,2011-04-01,4.512
M,14Y,F,2011-05-01,4.47
M,14Y,F,2011-06-01,4.399
M,14Y,F,2011-07-01,4.466
M,14Y,F,2011-08-01,4.362
M,14Y,F,2011-09-01,4.14
M,14Y,F,2011-10-01,4.444
M,14Y,F,2011-11-01,5.062
M,14Y,F,2011-12-01,4.524
M,14Y,F,2012-01-01,4.357
M,14Y,F,2012-02-01,3.946
M,14Y,F,2012-03-01,3.807
M,14Y,F,2012-04-01,3.851
M,14Y,F,2012-05-01,3.646
M,14Y,F,2012-06-01,3.528
M,14Y,F,2012-07-01,3.151
M,14Y,F,2012-08-01,2.984
M,14Y,F,2012-09-01,3.07
M,14Y,F,2012-10-01,2.902
M,14Y,F,2012-11-01,2.808
M,14Y,F,2012-12-01,2.657
M,14Y,F,2013-01-01,2.811
M,14Y,F,2013-02-01,2.913
M,14Y,F,2013-03-01,2.767
M,14Y,F,2013-04-01,2.567
M,14Y,F,2013-05-01,2.587
M,14Y,F,2013-06-01,2.989
M,14Y,F,2013-07-01,3.12
M,14Y,F,2013-08-01,3.216
M,14Y,F,2013-09-01,3.343
M,14Y,F,2013-10-01,3.17
M,14Y,F,2013-11-01,3.058
M,14Y,F,2013-12-01,3.061
M,14Y,F,2014-01-01,3.024
M,14Y,F,2014-02-01,2.85
M,14Y,F,2014-03-01,2.738
M,14Y,F,2014-04-01,2.636
M,14Y,F,2014-05-01,2.477
M,14Y,F,2014-06-01,2.356
M,14Y,F,2014-07-01,2.142
M,14Y,F,2014-08-01,1.91
M,14Y,F,2014-09-01,1.837
M,14Y,F,2014-10-01,1.705
M,14Y,F,2014-11-01,1.601
M,14Y,F,2014-12-01,1.385
M,14Y,F,2015-01-01,1.061
M,14Y,F,2015-02-01,0.918
M,14Y,F,2015-03-01,0.731
M,14Y,F,2015-04-01,0.669
M,14Y,F,2015-05-01,1.196
M,14Y,F,2015-06-01,1.591
M,14Y,F,2015-07-01,1.58
M,14Y,F,2015-08-01,1.449
M,14Y,F,2015-09-01,1.474
M,14Y,F,2015-10-01,1.332
M,14Y,F,2015-11-01,1.356
M,14Y,F,2015-12-01,1.424
M,14Y,F,2016-01-01,1.37
M,14Y,F,2016-02-01,1.086
M,14Y,F,2016-03-01,1.001
M,14Y,F,2016-04-01,0.966
M,14Y,F,2016-05-01,0.95
M,14Y,F,2016-06-01,0.748
M,14Y,F,2016-07-01,0.494
M,14Y,F,2016-08-01,0.453
M,14Y,F,2016-09-01,0.525
M,14Y,F,2016-10-01,0.625
M,14Y,F,2016-11-01,0.942
M,14Y,F,2016-12-01,1.037
M,14Y,F,2017-01-01,1.17
M,14Y,F,2017-02-01,1.19
M,14Y,F,2017-03-01,1.14
M,14Y,F,2017-04-01,1.052
M,14Y,F,2017-05-01,1.064
M,14Y,F,2017-06-01,0.919
M,14Y,F,2017-07-01,1.123
M,14Y,F,2017-08-01,1.011
M,14Y,F,2017-09-01,1.015
M,14Y,F,2017-10-01,1.015
M,14Y,F,2017-11-01,0.91
M,14Y,F,2017-12-01,0.845
M,14Y,F,2018-01-01,1.012
M,14Y,F,2018-02-01,1.135
M,14Y,F,2018-03-01,1.05
M,14Y,F,2018-04-01,1.005
M,14Y,F,2018-05-01,1.063
M,14Y,F,2018-06-01,1.048
M,14Y,F,2018-07-01,1.02
M,14Y,F,2018-08-01,1.071
M,14Y,F,2018-09-01,1.125
M,14Y,F,2018-10-01,1.208
M,14Y,F,2018-11-01,1.201
M,14Y,F,2018-12-01,1.147
M,14Y,F,2019-01-01,1.119
M,14Y,F,2019-02-01,1.005
M,14Y,F,2019-03-01,0.86
M,14Y,F,2019-04-01,0.804
M,14Y,F,2019-05-01,0.743
M,14Y,F,2019-06-01,0.442
M,14Y,F,2019-07-01,0.282
M,14Y,F,2019-08-01,-0.039
M,14Y,F,2019-09-01,0.011
M,14Y,F,2019-10-01,0.081
M,14Y,F,2019-11-01,0.208
M,14Y,F,2019-12-01,0.258
M,14Y,F,2020-01-01,0.24
M,14Y,F,2020-02-01,0.078
M,14Y,F,2020-03-01,0.18
M,14Y,F,2020-04-01,0.347
M,14Y,F,2020-05-01,0.293
M,14Y,F,2020-06-01,0.205
M,14Y,F,2020-07-01,0.074
M,14Y,F,2020-08-01,0.038
M,14Y,F,2020-09-01,-0.003
M,14Y,F,2020-10-01,-0.098
M,14Y,F,2020-11-01,-0.133
M,14Y,F,2020-12-01,-0.133
M,14Y,F,2021-01-01,-0.097
M,14Y,F,2021-02-01,0.107
M,14Y,F,2021-03-01,0.216
M,14Y,F,2021-04-01,0.289
M,14Y,F,2021-05-01,0.435
M,14Y,F,2021-06-01,0.376
M,14Y,F,2021-07-01,0.218
M,14Y,F,2021-08-01,0.117
M,14Y,F,2021-09-01,0.267
M,14Y,F,2021-10-01,0.416
M,14Y,F,2021-11-01,0.331
M,14Y,F,2021-12-01,0.287
M,14Y,F,2022-01-01,0.53
M,14Y,F,2022-02-01,0.83
M,14Y,F,2022-03-01,1.04
M,14Y,F,2022-04-01,1.5
M,14Y,F,2022-05-01,1.83
M,14Y,F,2022-06-01,2.36
M,14Y,F,2022-07-01,2.14
M,14Y,F,2022-08-01,2.02
M,14Y,F,2022-09-01,2.71
M,14Y,F,2022-10-01,3.13
M,14Y,F,2022-11-01,2.9
M,14Y,F,2022-12-01,2.88
M,14Y,F,2023-01-01,3.02
M,14Y,F,2023-02-01,3.19
M,14Y,F,2023-03-01,3.25
M,14Y,F,2023-04-01,3.25
M,14Y,F,2023-05-01,3.26
M,14Y,F,2023-06-01,3.24
M,14Y,F,2023-07-01,3.29
M,14Y,F,2023-08-01,3.43
M,14Y,F,2023-09-01,3.54
M,14Y,F,2023-10-01,3.8
M,14Y,F,2023-11-01,3.51
M,14Y,F,2023-12-01,2.97
M,14Y,F,2024-01-01,3.06
M,14Y,F,2024-02-01,3.14
M,14Y,F,2024-03-01,3.09
M,14Y,F,2024-04-01,3.2
M,14Y,F,2024-05-01,3.25
M,14Y,F,2024-06-01,3.31
M,14Y,F,2024-07-01,3.26
M,14Y,F,2024-08-01,3.07
M,14Y,F,2024-09-01,3.06
M,14Y,F,2024-10-01,3.11
M,14Y,F,2024-11-01,3.16
M,14Y,F,2024-12-01,3.03
M,14Y,F,2025-01-01,3.37
M,14Y,F,2025-02-01,3.25
M,14Y,F,2025-03-01,3.6
M,14Y,F,2025-04-01,3.46
M,14Y,F,2025-05-01,3.48
M,14Y,F,2025-06-01,3.44
M,14Y,F,2025-07-01,3.59
M,14Y,F,2025-08-01,3.63
M,14Y,F,2025-09-01,3.68
M,14Y,F,2025-10-01,3.59
M,14Y,F,2025-11-01,3.6
M,14Y,F,2025-12-01,3.72
M,14Y,F,2026-01-01,3.72
M,14Y,F,2026-02-01,3.62
M,14Y,F,2026-03-01,3.79
M,14Y,F,2026-04-01,3.88
M,14Y,F,2026-05-01,3.9
M,14Y,F,2026-06-01,3.82
M,14Y,F,2026-07-01,3.94
M,14Y,F,2026-08-01,4.06
M,14Y,F,2026-09-01,4.39
M,17Y,F,2000-01-01,6.14
M,17Y,F,2000-02-01,5.981
M,17Y,F,2000-03-01,5.785
M,17Y,F,2000-04-01,5.71
M,17Y,F,2000-05-01,5.831
M,17Y,F,2000-06-01,5.695
M,17Y,F,2000-07-01,5.751
M,17Y,F,2000-08-01,5.685
M,17Y,F,2000-09-01,5.79
M,17Y,F,2000-10-01,5.784
M,17Y,F,2000-11-01,5.778
M,17Y,F,2000-12-01,5.596
M,17Y,F,2001-01-01,5.515
M,17Y,F,2001-02-01,5.528
M,17Y,F,2001-03-01,5.502
M,17Y,F,2001-04-01,5.622
M,17Y,F,2001-05-01,5.752
M,17Y,F,2001-06-01,5.696
M,17Y,F,2001-07-01,5.697
M,17Y,F,2001-08-01,5.545
M,17Y,F,2001-09-01,5.588
M,17Y,F,2001-10-01,5.31
M,17Y,F,2001-11-01,5.077
M,17Y,F,2001-12-01,5.233
M,17Y,F,2002-01-01,5.328
M,17Y,F,2002-02-01,5.403
M,17Y,F,2002-03-01,5.602
M,17Y,F,2002-04-01,5.615
M,17Y,F,2002-05-01,5.597
M,17Y,F,2002-06-01,5.48
M,17Y,F,2002-07-01,5.345
M,17Y,F,2002-08-01,5.107
M,17Y,F,2002-09-01,4.946
M,17Y,F,2002-10-01,5.083
M,17Y,F,2002-11-01,5.071
M,17Y,F,2002-12-01,4.87
M,17Y,F,2003-01-01,4.705
M,17Y,F,2003-02-01,4.583
M,17Y,F,2003-03-01,4.615
M,17Y,F,2003-04-01,4.74
M,17Y,F,2003-05-01,4.475
M,17Y,F,2003-06-01,4.316
M,17Y,F,2003-07-01,4.601
M,17Y,F,2003-08-01,4.682
M,17Y,F,2003-09-01,4.731
M,17Y,F,2003-10-01,4.774
M,17Y,F,2003-11-01,4.842
M,17Y,F,2003-12-01,4.781
M,17Y,F,2004-01-01,4.696
M,17Y,F,2004-02-01,4.678
M,17Y,F,2004-03-01,4.519
M,17Y,F,2004-04-01,4.669
M,17Y,F,2004-05-01,4.781
M,17Y,F,2004-06-01,4.788
M,17Y,F,2004-07-01,4.675
M,17Y,F,2004-08-01,4.533
M,17Y,F,2004-09-01,4.465
M,17Y,F,2004-10-01,4.361
M,17Y,F,2004-11-01,4.231
M,17Y,F,2004-12-01,4.004
M,17Y,F,2005-01-01,3.914
M,17Y,F,2005-02-01,3.845
M,17Y,F,2005-03-01,4.02
M,17Y,F,2005-04-01,3.838
M,17Y,F,2005-05-01,3.658
M,17Y,F,2005-06-01,3.512
M,17Y,F,2005-07-01,3.566
M,17Y,F,2005-08-01,3.547
M,17Y,F,2005-09-01,3.37
M,17Y,F,2005-10-01,3.474
M,17Y,F,2005-11-01,3.634
M,17Y,F,2005-12-01,3.483
M,17Y,F,2006-01-01,3.501
M,17Y,F,2006-02-01,3.695
M,17Y,F,2006-03-01,3.852
M,17Y,F,2006-04-01,4.126
M,17Y,F,2006-05-01,4.201
M,17Y,F,2006-06-01,4.189
M,17Y,F,2006-07-01,4.208
M,17Y,F,2006-08-01,4.068
M,17Y,F,2006-09-01,3.922
M,17Y,F,2006-10-01,3.937
M,17Y,F,2006-11-01,3.845
M,17Y,F,2006-12-01,3.909
M,17Y,F,2007-01-01,4.16
M,17Y,F,2007-02-01,4.19
M,17Y,F,2007-03-01,4.11
M,17Y,F,2007-04-01,4.335
M,17Y,F,2007-05-01,4.433
M,17Y,F,2007-06-01,4.732
M,17Y,F,2007-07-01,4.689
M,17Y,F,2007-08-01,4.583
M,17Y,F,2007-09-01,4.587
M,17Y,F,2007-10-01,4.611
M,17Y,F,2007-11-01,4.546
M,17Y,F,2007-12-01,4.691
M,17Y,F,2008-01-01,4.585
M,17Y,F,2008-02-01,4.578
M,17Y,F,2008-03-01,4.623
M,17Y,F,2008-04-01,4.7
M,17Y,F,2008-05-01,4.8
M,17Y,F,2008-06-01,5.009
M,17Y,F,2008-07-01,5.044
M,17Y,F,2008-08-01,4.852
M,17Y,F,2008-09-01,4.872
M,17Y,F,2008-10-01,4.754
M,17Y,F,2008-11-01,4.651
M,17Y,F,2008-12-01,4.085
M,17Y,F,2009-01-01,4.47
M,17Y,F,2009-02-01,4.549
M,17Y,F,2009-03-01,4.517
M,17Y,F,2009-04-01,4.398
M,17Y,F,2009-05-01,4.466
M,17Y,F,2009-06-01,4.571
M,17Y,F,2009-07-01,4.398
M,17Y,F,2009-08-01,4.209
M,17Y,F,2009-09-01,4.276
M,17Y,F,2009-10-01,4.295
M,17Y,F,2009-11-01,4.292
M,17Y,F,2009-12-01,4.255
M,17Y,F,2010-01-01,4.264
M,17Y,F,2010-02-01,4.165
M,17Y,F,2010-03-01,4.038
M,17Y,F,2010-04-01,3.968
M,17Y,F,2010-05-01,3.826
M,17Y,F,2010-06-01,3.895
M,17Y,F,2010-07-01,3.742
M,17Y,F,2010-08-01,3.391
M,17Y,F,2010-09-01,3.46
M,17Y,F,2010-10-01,3.57
M,17Y,F,2010-11-01,3.803
M,17Y,F,2010-12-01,4.311
M,17Y,F,2011-01-01,4.457
M,17Y,F,2011-02-01,4.51
M,17Y,F,2011-03-01,4.499
M,17Y,F,2011-04-01,4.598
M,17Y,F,2011-05-01,4.572
M,17Y,F,2011-06-01,4.518
M,17Y,F,2011-07-01,4.53
M,17Y,F,2011-08-01,4.423
M,17Y,F,2011-09-01,4.206
M,17Y,F,2011-10-01,4.496
M,17Y,F,2011-11-01,5.079
M,17Y,F,2011-12-01,4.496
M,17Y,F,2012-01-01,4.345
M,17Y,F,2012-02-01,4.003
M,17Y,F,2012-03-01,3.849
M,17Y,F,2012-04-01,3.932
M,17Y,F,2012-05-01,3.728
M,17Y,F,2012-06-01,3.624
M,17Y,F,2012-07-01,3.346
M,17Y,F,2012-08-01,3.188
M,17Y,F,2012-09-01,3.264
M,17Y,F,2012-10-01,3.085
M,17Y,F,2012-11-01,2.998
M,17Y,F,2012-12-01,2.826
M,17Y,F,2013-01-01,2.958
M,17Y,F,2013-02-01,3.044
M,17Y,F,2013-03-01,2.917
M,17Y,F,2013-04-01,2.707
M,17Y,F,2013-05-01,2.727
M,17Y,F,2013-06-01,3.112
M,17Y,F,2013-07-01,3.243
M,17Y,F,2013-08-01,3.348
M,17Y,F,2013-09-01,3.484
M,17Y,F,2013-10-01,3.325
M,17Y,F,2013-11-01,3.194
M,17Y,F,2013-12-01,3.158
M,17Y,F,2014-01-01,3.127
M,17Y,F,2014-02-01,2.962
M,17Y,F,2014-03-01,2.869
M,17Y,F,2014-04-01,2.766
M,17Y,F,2014-05-01,2.603
M,17Y,F,2014-06-01,2.513
M,17Y,F,2014-07-01,2.299
M,17Y,F,2014-08-01,2.054
M,17Y,F,2014-09-01,2.025
M,17Y,F,2014-10-01,1.887
M,17Y,F,2014-11-01,1.778
M,17Y,F,2014-12-01,1.54
M,17Y,F,2015-01-01,1.195
M,17Y,F,2015-02-01,1.042
M,17Y,F,2015-03-01,0.849
M,17Y,F,2015-04-01,0.798
M,17Y,F,2015-05-01,1.334
M,17Y,F,2015-06-01,1.745
M,17Y,F,2015-07-01,1.746
M,17Y,F,2015-08-01,1.614
M,17Y,F,2015-09-01,1.653
M,17Y,F,2015-10-01,1.515
M,17Y,F,2015-11-01,1.55
M,17Y,F,2015-12-01,1.617
M,17Y,F,2016-01-01,1.576
M,17Y,F,2016-02-01,1.249
M,17Y,F,2016-03-01,1.188
M,17Y,F,2016-04-01,1.16
M,17Y,F,2016-05-01,1.136
M,17Y,F,2016-06-01,0.879
M,17Y,F,2016-07-01,0.606
M,17Y,F,2016-08-01,0.569
M,17Y,F,2016-09-01,0.66
M,17Y,F,2016-10-01,0.752
M,17Y,F,2016-11-01,1.049
M,17Y,F,2016-12-01,1.198
M,17Y,F,2017-01-01,1.352
M,17Y,F,2017-02-01,1.365
M,17Y,F,2017-03-01,1.264
M,17Y,F,2017-04-01,1.171
M,17Y,F,2017-05-01,1.208
M,17Y,F,2017-06-01,1.071
M,17Y,F,2017-07-01,1.27
M,17Y,F,2017-08-01,1.162
M,17Y,F,2017-09-01,1.179
M,17Y,F,2017-10-01,1.181
M,17Y,F,2017-11-01,1.076
M,17Y,F,2017-12-01,1.001
M,17Y,F,2018-01-01,1.154
M,17Y,F,2018-02-01,1.236
M,17Y,F,2018-03-01,1.168
M,17Y,F,2018-04-01,1.136
M,17Y,F,2018-05-01,1.22
M,17Y,F,2018-06-01,1.22
M,17Y,F,2018-07-01,1.217
M,17Y,F,2018-08-01,1.269
M,17Y,F,2018-09-01,1.322
M,17Y,F,2018-10-01,1.393
M,17Y,F,2018-11-01,1.407
M,17Y,F,2018-12-01,1.362
M,17Y,F,2019-01-01,1.3
M,17Y,F,2019-02-01,1.173
M,17Y,F,2019-03-01,1.034
M,17Y,F,2019-04-01,0.992
M,17Y,F,2019-05-01,0.934
M,17Y,F,2019-06-01,0.616
M,17Y,F,2019-07-01,0.453
M,17Y,F,2019-08-01,0.107
M,17Y,F,2019-09-01,0.166
M,17Y,F,2019-10-01,0.222
M,17Y,F,2019-11-01,0.353
M,17Y,F,2019-12-01,0.402
M,17Y,F,2020-01-01,0.388
M,17Y,F,2020-02-01,0.216
M,17Y,F,2020-03-01,0.304
M,17Y,F,2020-04-01,0.482
M,17Y,F,2020-05-01,0.449
M,17Y,F,2020-06-01,0.36
M,17Y,F,2020-07-01,0.218
M,17Y,F,2020-08-01,0.172
M,17Y,F,2020-09-01,0.125
M,17Y,F,2020-10-01,0.033
M,17Y,F,2020-11-01,-0.001
M,17Y,F,2020-12-01,-0.002
M,17Y,F,2021-01-01,0.034
M,17Y,F,2021-02-01,0.24
M,17Y,F,2021-03-01,0.359
M,17Y,F,2021-04-01,0.434
M,17Y,F,2021-05-01,0.581
M,17Y,F,2021-06-01,0.521
M,17Y,F,2021-07-01,0.352
M,17Y,F,2021-08-01,0.249
M,17Y,F,2021-09-01,0.39
M,17Y,F,2021-10-01,0.53
M,17Y,F,2021-11-01,0.442
M,17Y,F,2021-12-01,0.403
M,17Y,F,2022-01-01,0.63
M,17Y,F,2022-02-01,0.91
M,17Y,F,2022-03-01,1.14
M,17Y,F,2022-04-01,1.57
M,17Y,F,2022-05-01,1.91
M,17Y,F,2022-06-01,2.43
M,17Y,F,2022-07-01,2.28
M,17Y,F,2022-08-01,2.14
M,17Y,F,2022-09-01,2.78
M,17Y,F,2022-10-01,3.23
M,17Y,F,2022-11-01,2.99
M,17Y,F,2022-12-01,2.9
M,17Y,F,2023-01-01,3.06
M,17Y,F,2023-02-01,3.23
M,17Y,F,2023-03-01,3.32
M,17Y,F,2023-04-01,3.34
M,17Y,F,2023-05-01,3.36
M,17Y,F,2023-06-01,3.32
M,17Y,F,2023-07-01,3.35
M,17Y,F,2023-08-01,3.52
M,17Y,F,2023-09-01,3.65
M,17Y,F,2023-10-01,3.92
M,17Y,F,2023-11-01,3.65
M,17Y,F,2023-12-01,3.08
M,17Y,F,2024-01-01,3.19
M,17Y,F,2024-02-01,3.27
M,17Y,F,2024-03-01,3.21
M,17Y,F,2024-04-01,3.33
M,17Y,F,2024-05-01,3.36
M,17Y,F,2024-06-01,3.42
M,17Y,F,2024-07-01,3.39
M,17Y,F,2024-08-01,3.21
M,17Y,F,2024-09-01,3.2
M,17Y,F,2024-10-01,3.26
M,17Y,F,2024-11-01,3.28
M,17Y,F,2024-12-01,3.16
M,17Y,F,2025-01-01,3.5
M,17Y,F,2025-02-01,3.39
M,17Y,F,2025-03-01,3.76
M,17Y,F,2025-04-01,3.63
M,17Y,F,2025-05-01,3.68
M,17Y,F,2025-06-01,3.64
M,17Y,F,2025-07-01,3.8
M,17Y,F,2025-08-01,3.84
M,17Y,F,2025-09-01,3.9
M,17Y,F,2025-10-01,3.8
M,17Y,F,2025-11-01,3.8
M,17Y,F,2025-12-01,3.9
M,17Y,F,2026-01-01,3.91
M,17Y,F,2026-02-01,3.82
M,17Y,F,2026-03-01,3.95
M,17Y,F,2026-04-01,4.05
M,17Y,F,2026-05-01,4.06
M,17Y,F,2026-06-01,3.99
M,17Y,F,2026-07-01,4.11
M,17Y,F,2026-08-01,4.23
M,17Y,F,2026-09-01,4.53
M,27Y,F,2000-01-01,6.31
M,27Y,F,2000-02-01,6.092
M,27Y,F,2000-03-01,5.915
M,27Y,F,2000-04-01,5.821
M,27Y,F,2000-05-01,5.905
M,27Y,F,2000-06-01,5.781
M,27Y,F,2000-07-01,5.833
M,27Y,F,2000-08-01,5.74
M,27Y,F,2000-09-01,5.9
M,27Y,F,2000-10-01,5.932
M,27Y,F,2000-11-01,5.907
M,27Y,F,2000-12-01,5.779
M,27Y,F,2001-01-01,5.69
M,27Y,F,2001-02-01,5.655
M,27Y,F,2001-03-01,5.638
M,27Y,F,2001-04-01,5.784
M,27Y,F,2001-05-01,5.916
M,27Y,F,2001-06-01,5.879
M,27Y,F,2001-07-01,5.863
M,27Y,F,2001-08-01,5.699
M,27Y,F,2001-09-01,5.805
M,27Y,F,2001-10-01,5.54
M,27Y,F,2001-11-01,5.277
M,27Y,F,2001-12-01,5.384
M,27Y,F,2002-01-01,5.439
M,27Y,F,2002-02-01,5.5
M,27Y,F,2002-03-01,5.7
M,27Y,F,2002-04-01,5.724
M,27Y,F,2002-05-01,5.695
M,27Y,F,2002-06-01,5.554
M,27Y,F,2002-07-01,5.408
M,27Y,F,2002-08-01,5.193
M,27Y,F,2002-09-01,5.055
M,27Y,F,2002-10-01,5.173
M,27Y,F,2002-11-01,5.185
M,27Y,F,2002-12-01,5.031
M,27Y,F,2003-01-01,3.152
M,27Y,F,2003-02-01,0.0
M,27Y,F,2003-03-01,0.0
M,27Y,F,2003-04-01,0.0
M,27Y,F,2003-05-01,0.0
M,27Y,F,2003-06-01,0.0
M,27Y,F,2003-07-01,0.0
M,27Y,F,2003-08-01,0.0
M,27Y,F,2003-09-01,0.0
M,27Y,F,2003-10-01,0.0
M,27Y,F,2003-11-01,0.0
M,27Y,F,2003-12-01,0.0
M,27Y,F,2004-01-01,0.0
M,27Y,F,2004-02-01,0.0
M,27Y,F,2004-03-01,0.0
M,27Y,F,2004-04-01,0.0
M,27Y,F,2004-05-01,1.402
M,27Y,F,2004-06-01,5.036
M,27Y,F,2004-07-01,4.929
M,27Y,F,2004-08-01,4.793
M,27Y,F,2004-09-01,4.724
M,27Y,F,2004-10-01,4.638
M,27Y,F,2004-11-01,4.506
M,27Y,F,2004-12-01,4.28
M,27Y,F,2005-01-01,4.16
M,27Y,F,2005-02-01,4.043
M,27Y,F,2005-03-01,4.239
M,27Y,F,2005-04-01,4.096
M,27Y,F,2005-05-01,3.903
M,27Y,F,2005-06-01,3.747
M,27Y,F,2005-07-01,3.785
M,27Y,F,2005-08-01,3.76
M,27Y,F,2005-09-01,3.596
M,27Y,F,2005-10-01,3.7
M,27Y,F,2005-11-01,3.838
M,27Y,F,2005-12-01,3.695
M,27Y,F,2006-01-01,3.633
M,27Y,F,2006-02-01,3.782
M,27Y,F,2006-03-01,3.935
M,27Y,F,2006-04-01,4.248
M,27Y,F,2006-05-01,4.33
M,27Y,F,2006-06-01,4.327
M,27Y,F,2006-07-01,4.337
M,27Y,F,2006-08-01,4.189
M,27Y,F,2006-09-01,4.022
M,27Y,F,2006-10-01,4.017
M,27Y,F,2006-11-01,3.914
M,27Y,F,2006-12-01,3.975
M,27Y,F,2007-01-01,4.21
M,27Y,F,2007-02-01,4.247
M,27Y,F,2007-03-01,4.187
M,27Y,F,2007-04-01,4.411
M,27Y,F,2007-05-01,4.501
M,27Y,F,2007-06-01,4.79
M,27Y,F,2007-07-01,4.749
M,27Y,F,2007-08-01,4.624
M,27Y,F,2007-09-01,4.655
M,27Y,F,2007-10-01,4.668
M,27Y,F,2007-11-01,4.612
M,27Y,F,2007-12-01,4.75
M,27Y,F,2008-01-01,4.679
M,27Y,F,2008-02-01,4.687
M,27Y,F,2008-03-01,4.734
M,27Y,F,2008-04-01,4.806
M,27Y,F,2008-05-01,4.894
M,27Y,F,2008-06-01,5.026
M,27Y,F,2008-07-01,5.047
M,27Y,F,2008-08-01,4.87
M,27Y,F,2008-09-01,4.922
M,27Y,F,2008-10-01,4.695
M,27Y,F,2008-11-01,4.616
M,27Y,F,2008-12-01,4.11
M,27Y,F,2009-01-01,4.557
M,27Y,F,2009-02-01,4.616
M,27Y,F,2009-03-01,4.68
M,27Y,F,2009-04-01,4.557
M,27Y,F,2009-05-01,4.67
M,27Y,F,2009-06-01,4.718
M,27Y,F,2009-07-01,4.532
M,27Y,F,2009-08-01,4.347
M,27Y,F,2009-09-01,4.435
M,27Y,F,2009-10-01,4.418
M,27Y,F,2009-11-01,4.434
M,27Y,F,2009-12-01,4.389
M,27Y,F,2010-01-01,4.411
M,27Y,F,2010-02-01,4.324
M,27Y,F,2010-03-01,4.24
M,27Y,F,2010-04-01,4.206
M,27Y,F,2010-05-01,4.108
M,27Y,F,2010-06-01,4.155
M,27Y,F,2010-07-01,4.036
M,27Y,F,2010-08-01,3.677
M,27Y,F,2010-09-01,3.687
M,27Y,F,2010-10-01,3.757
M,27Y,F,2010-11-01,3.906
M,27Y,F,2010-12-01,4.42
M,27Y,F,2011-01-01,4.585
M,27Y,F,2011-02-01,4.652
M,27Y,F,2011-03-01,4.617
M,27Y,F,2011-04-01,4.742
M,27Y,F,2011-05-01,4.691
M,27Y,F,2011-06-01,4.685
M,27Y,F,2011-07-01,4.712
M,27Y,F,2011-08-01,4.604
M,27Y,F,2011-09-01,4.403
M,27Y,F,2011-10-01,4.667
M,27Y,F,2011-11-01,5.158
M,27Y,F,2011-12-01,4.51
M,27Y,F,2012-01-01,4.4
M,27Y,F,2012-02-01,4.119
M,27Y,F,2012-03-01,3.976
M,27Y,F,2012-04-01,3.951
M,27Y,F,2012-05-01,3.744
M,27Y,F,2012-06-01,3.668
M,27Y,F,2012-07-01,3.519
M,27Y,F,2012-08-01,3.394
M,27Y,F,2012-09-01,3.472
M,27Y,F,2012-10-01,3.308
M,27Y,F,2012-11-01,3.251
M,27Y,F,2012-12-01,3.114
M,27Y,F,2013-01-01,3.208
M,27Y,F,2013-02-01,3.263
M,27Y,F,2013-03-01,3.176
M,27Y,F,2013-04-01,2.982
M,27Y,F,2013-05-01,2.993
M,27Y,F,2013-06-01,3.356
M,27Y,F,2013-07-01,3.414
M,27Y,F,2013-08-01,3.53
M,27Y,F,2013-09-01,3.724
M,27Y,F,2013-10-01,3.618
M,27Y,F,2013-11-01,3.479
M,27Y,F,2013-12-01,3.388
M,27Y,F,2014-01-01,3.374
M,27Y,F,2014-02-01,3.242
M,27Y,F,2014-03-01,3.16
M,27Y,F,2014-04-01,3.065
M,27Y,F,2014-05-01,2.903
M,27Y,F,2014-06-01,2.851
M,27Y,F,2014-07-01,2.642
M,27Y,F,2014-08-01,2.39
M,27Y,F,2014-09-01,2.422
M,27Y,F,2014-10-01,2.291
M,27Y,F,2014-11-01,2.19
M,27Y,F,2014-12-01,1.934
M,27Y,F,2015-01-01,1.557
M,27Y,F,2015-02-01,1.337
M,27Y,F,2015-03-01,1.094
M,27Y,F,2015-04-01,1.028
M,27Y,F,2015-05-01,1.608
M,27Y,F,2015-06-01,2.02
M,27Y,F,2015-07-01,2.036
M,27Y,F,2015-08-01,1.901
M,27Y,F,2015-09-01,1.952
M,27Y,F,2015-10-01,1.816
M,27Y,F,2015-11-01,1.878
M,27Y,F,2015-12-01,1.929
M,27Y,F,2016-01-01,1.889
M,27Y,F,2016-02-01,1.57
M,27Y,F,2016-03-01,1.585
M,27Y,F,2016-04-01,1.577
M,27Y,F,2016-05-01,1.571
M,27Y,F,2016-06-01,1.266
M,27Y,F,2016-07-01,0.973
M,27Y,F,2016-08-01,0.94
M,27Y,F,2016-09-01,1.058
M,27Y,F,2016-10-01,1.159
M,27Y,F,2016-11-01,1.431
M,27Y,F,2016-12-01,1.592
M,27Y,F,2017-01-01,1.78
M,27Y,F,2017-02-01,1.824
M,27Y,F,2017-03-01,1.772
M,27Y,F,2017-04-01,1.666
M,27Y,F,2017-05-01,1.721
M,27Y,F,2017-06-01,1.584
M,27Y,F,2017-07-01,1.769
M,27Y,F,2017-08-01,1.676
M,27Y,F,2017-09-01,1.71
M,27Y,F,2017-10-01,1.709
M,27Y,F,2017-11-01,1.608
M,27Y,F,2017-12-01,1.515
M,27Y,F,2018-01-01,1.65
M,27Y,F,2018-02-01,1.654
M,27Y,F,2018-03-01,1.585
M,27Y,F,2018-04-01,1.55
M,27Y,F,2018-05-01,1.641
M,27Y,F,2018-06-01,1.681
M,27Y,F,2018-07-01,1.597
M,27Y,F,2018-08-01,1.65
M,27Y,F,2018-09-01,1.7
M,27Y,F,2018-10-01,1.757
M,27Y,F,2018-11-01,1.782
M,27Y,F,2018-12-01,1.739
M,27Y,F,2019-01-01,1.689
M,27Y,F,2019-02-01,1.624
M,27Y,F,2019-03-01,1.512
M,27Y,F,2019-04-01,1.476
M,27Y,F,2019-05-01,1.416
M,27Y,F,2019-06-01,1.072
M,27Y,F,2019-07-01,0.912
M,27Y,F,2019-08-01,0.528
M,27Y,F,2019-09-01,0.581
M,27Y,F,2019-10-01,0.628
M,27Y,F,2019-11-01,0.748
M,27Y,F,2019-12-01,0.787
M,27Y,F,2020-01-01,0.778
M,27Y,F,2020-02-01,0.574
M,27Y,F,2020-03-01,0.59
M,27Y,F,2020-04-01,0.766
M,27Y,F,2020-05-01,0.735
M,27Y,F,2020-06-01,0.677
M,27Y,F,2020-07-01,0.543
M,27Y,F,2020-08-01,0.477
M,27Y,F,2020-09-01,0.43
M,27Y,F,2020-10-01,0.34
M,27Y,F,2020-11-01,0.312
M,27Y,F,2020-12-01,0.31
M,27Y,F,2021-01-01,0.352
M,27Y,F,2021-02-01,0.579
M,27Y,F,2021-03-01,0.709
M,27Y,F,2021-04-01,0.788
M,27Y,F,2021-05-01,0.939
M,27Y,F,2021-06-01,0.887
M,27Y,F,2021-07-01,0.726
M,27Y,F,2021-08-01,0.61
M,27Y,F,2021-09-01,0.764
M,27Y,F,2021-10-01,0.862
M,27Y,F,2021-11-01,0.75
M,27Y,F,2021-12-01,0.702
M,27Y,F,2022-01-01,0.94
M,27Y,F,2022-02-01,1.17
M,27Y,F,2022-03-01,1.36
M,27Y,F,2022-04-01,1.74
M,27Y,F,2022-05-01,2.05
M,27Y,F,2022-06-01,2.63
M,27Y,F,2022-07-01,2.46
M,27Y,F,2022-08-01,2.29
M,27Y,F,2022-09-01,2.81
M,27Y,F,2022-10-01,3.23
M,27Y,F,2022-11-01,2.98
M,27Y,F,2022-12-01,2.88
M,27Y,F,2023-01-01,3.07
M,27Y,F,2023-02-01,3.29
M,27Y,F,2023-03-01,3.43
M,27Y,F,2023-04-01,3.48
M,27Y,F,2023-05-01,3.54
M,27Y,F,2023-06-01,3.49
M,27Y,F,2023-07-01,3.49
M,27Y,F,2023-08-01,3.66
M,27Y,F,2023-09-01,3.8
M,27Y,F,2023-10-01,4.09
M,27Y,F,2023-11-01,3.82
M,27Y,F,2023-12-01,3.26
M,27Y,F,2024-01-01,3.38
M,27Y,F,2024-02-01,3.45
M,27Y,F,2024-03-01,3.38
M,27Y,F,2024-04-01,3.48
M,27Y,F,2024-05-01,3.52
M,27Y,F,2024-06-01,3.59
M,27Y,F,2024-07-01,3.58
M,27Y,F,2024-08-01,3.41
M,27Y,F,2024-09-01,3.42
M,27Y,F,2024-10-01,3.48
M,27Y,F,2024-11-01,3.47
M,27Y,F,2024-12-01,3.36
M,27Y,F,2025-01-01,3.72
M,27Y,F,2025-02-01,3.61
M,27Y,F,2025-03-01,4.0
M,27Y,F,2025-04-01,3.89
M,27Y,F,2025-05-01,3.95
M,27Y,F,2025-06-01,3.92
M,27Y,F,2025-07-01,4.09
M,27Y,F,2025-08-01,4.17
M,27Y,F,2025-09-01,4.25
M,27Y,F,2025-10-01,4.15
M,27Y,F,2025-11-01,4.18
M,27Y,F,2025-12-01,4.29
M,27Y,F,2026-01-01,4.29
M,27Y,F,2026-02-01,4.23
M,27Y,F,2026-03-01,4.3
M,27Y,F,2026-04-01,4.38
M,27Y,F,2026-05-01,4.41
M,27Y,F,2026-06-01,4.35
M,27Y,F,2026-07-01,4.48
M,27Y,F,2026-08-01,4.58
M,27Y,F,2026-09-01,4.83
M,4Y,F,2000-01-01,5.064
M,4Y,F,2000-02-01,5.146
M,4Y,F,2000-03-01,5.053
M,4Y,F,2000-04-01,4.992
M,4Y,F,2000-05-01,5.342
M,4Y,F,2000-06-01,5.242
M,4Y,F,2000-07-01,5.377
M,4Y,F,2000-08-01,5.417
M,4Y,F,2000-09-01,5.382
M,4Y,F,2000-10-01,5.283
M,4Y,F,2000-11-01,5.236
M,4Y,F,2000-12-01,4.888
M,4Y,F,2001-01-01,4.692
M,4Y,F,2001-02-01,4.714
M,4Y,F,2001-03-01,4.577
M,4Y,F,2001-04-01,4.666
M,4Y,F,2001-05-01,4.783
M,4Y,F,2001-06-01,4.66
M,4Y,F,2001-07-01,4.656
M,4Y,F,2001-08-01,4.451
M,4Y,F,2001-09-01,4.24
M,4Y,F,2001-10-01,3.978
M,4Y,F,2001-11-01,3.915
M,4Y,F,2001-12-01,4.241
M,4Y,F,2002-01-01,4.404
M,4Y,F,2002-02-01,4.51
M,4Y,F,2002-03-01,4.786
M,4Y,F,2002-04-01,4.775
M,4Y,F,2002-05-01,4.792
M,4Y,F,2002-06-01,4.616
M,4Y,F,2002-07-01,4.382
M,4Y,F,2002-08-01,4.068
M,4Y,F,2002-09-01,3.777
M,4Y,F,2002-10-01,3.766
M,4Y,F,2002-11-01,3.705
M,4Y,F,2002-12-01,3.51
M,4Y,F,2003-01-01,3.266
M,4Y,F,2003-02-01,2.99
M,4Y,F,2003-03-01,3.03
M,4Y,F,2003-04-01,3.155
M,4Y,F,2003-05-01,2.817
M,4Y,F,2003-06-01,2.56
M,4Y,F,2003-07-01,2.885
M,4Y,F,2003-08-01,3.275
M,4Y,F,2003-09-01,3.24
M,4Y,F,2003-10-01,3.322
M,4Y,F,2003-11-01,3.481
M,4Y,F,2003-12-01,3.418
M,4Y,F,2004-01-01,3.202
M,4Y,F,2004-02-01,3.097
M,4Y,F,2004-03-01,2.876
M,4Y,F,2004-04-01,3.113
M,4Y,F,2004-05-01,3.3
M,4Y,F,2004-06-01,3.445
M,4Y,F,2004-07-01,3.328
M,4Y,F,2004-08-01,3.17
M,4Y,F,2004-09-01,3.173
M,4Y,F,2004-10-01,3.022
M,4Y,F,2004-11-01,2.922
M,4Y,F,2004-12-01,2.802
M,4Y,F,2005-01-01,2.818
M,4Y,F,2005-02-01,2.845
M,4Y,F,2005-03-01,2.941
M,4Y,F,2005-04-01,2.754
M,4Y,F,2005-05-01,2.595
M,4Y,F,2005-06-01,2.415
M,4Y,F,2005-07-01,2.487
M,4Y,F,2005-08-01,2.556
M,4Y,F,2005-09-01,2.478
M,4Y,F,2005-10-01,2.735
M,4Y,F,2005-11-01,3.001
M,4Y,F,2005-12-01,2.99
M,4Y,F,2006-01-01,3.027
M,4Y,F,2006-02-01,3.168
M,4Y,F,2006-03-01,3.402
M,4Y,F,2006-04-01,3.608
M,4Y,F,2006-05-01,3.642
M,4Y,F,2006-06-01,3.686
M,4Y,F,2006-07-01,3.762
M,4Y,F,2006-08-01,3.679
M,4Y,F,2006-09-01,3.636
M,4Y,F,2006-10-01,3.695
M,4Y,F,2006-11-01,3.668
M,4Y,F,2006-12-01,3.75
M,4Y,F,2007-01-01,3.957
M,4Y,F,2007-02-01,3.981
M,4Y,F,2007-03-01,3.899
M,4Y,F,2007-04-01,4.121
M,4Y,F,2007-05-01,4.267
M,4Y,F,2007-06-01,4.538
M,4Y,F,2007-07-01,4.525
M,4Y,F,2007-08-01,4.257
M,4Y,F,2007-09-01,4.162
M,4Y,F,2007-10-01,4.199
M,4Y,F,2007-11-01,3.973
M,4Y,F,2007-12-01,4.102
M,4Y,F,2008-01-01,3.82
M,4Y,F,2008-02-01,3.541
M,4Y,F,2008-03-01,3.622
M,4Y,F,2008-04-01,4.015
M,4Y,F,2008-05-01,4.231
M,4Y,F,2008-06-01,4.757
M,4Y,F,2008-07-01,4.711
M,4Y,F,2008-08-01,4.312
M,4Y,F,2008-09-01,4.189
M,4Y,F,2008-10-01,3.817
M,4Y,F,2008-11-01,3.466
M,4Y,F,2008-12-01,3.337
M,4Y,F,2009-01-01,3.139
M,4Y,F,2009-02-01,2.962
M,4Y,F,2009-03-01,2.904
M,4Y,F,2009-04-01,2.768
M,4Y,F,2009-05-01,2.609
M,4Y,F,2009-06-01,2.78
M,4Y,F,2009-07-01,2.494
M,4Y,F,2009-08-01,2.561
M,4Y,F,2009-09-01,2.398
M,4Y,F,2009-10-01,2.397
M,4Y,F,2009-11-01,2.364
M,4Y,F,2009-12-01,2.295
M,4Y,F,2010-01-01,2.308
M,4Y,F,2010-02-01,2.191
M,4Y,F,2010-03-01,2.01
M,4Y,F,2010-04-01,1.98
M,4Y,F,2010-05-01,1.774
M,4Y,F,2010-06-01,1.991
M,4Y,F,2010-07-01,1.87
M,4Y,F,2010-08-01,1.629
M,4Y,F,2010-09-01,1.824
M,4Y,F,2010-10-01,1.954
M,4Y,F,2010-11-01,2.274
M,4Y,F,2010-12-01,2.865
M,4Y,F,2011-01-01,3.086
M,4Y,F,2011-02-01,3.141
M,4Y,F,2011-03-01,3.126
M,4Y,F,2011-04-01,3.278
M,4Y,F,2011-05-01,3.228
M,4Y,F,2011-06-01,3.177
M,4Y,F,2011-07-01,3.274
M,4Y,F,2011-08-01,3.163
M,4Y,F,2011-09-01,3.121
M,4Y,F,2011-10-01,3.42
M,4Y,F,2011-11-01,4.354
M,4Y,F,2011-12-01,3.73
M,4Y,F,2012-01-01,3.078
M,4Y,F,2012-02-01,2.231
M,4Y,F,2012-03-01,2.048
M,4Y,F,2012-04-01,2.054
M,4Y,F,2012-05-01,1.775
M,4Y,F,2012-06-01,1.726
M,4Y,F,2012-07-01,1.124
M,4Y,F,2012-08-01,0.989
M,4Y,F,2012-09-01,0.983
M,4Y,F,2012-10-01,0.853
M,4Y,F,2012-11-01,0.755
M,4Y,F,2012-12-01,0.614
M,4Y,F,2013-01-01,0.785
M,4Y,F,2013-02-01,0.868
M,4Y,F,2013-03-01,0.694
M,4Y,F,2013-04-01,0.59
M,4Y,F,2013-05-01,0.576
M,4Y,F,2013-06-01,0.978
M,4Y,F,2013-07-01,0.974
M,4Y,F,2013-08-01,1.09
M,4Y,F,2013-09-01,1.17
M,4Y,F,2013-10-01,1.025
M,4Y,F,2013-11-01,0.85
M,4Y,F,2013-12-01,0.922
M,4Y,F,2014-01-01,0.909
M,4Y,F,2014-02-01,0.744
M,4Y,F,2014-03-01,0.692
M,4Y,F,2014-04-01,0.657
M,4Y,F,2014-05-01,0.552
M,4Y,F,2014-06-01,0.422
M,4Y,F,2014-07-01,0.313
M,4Y,F,2014-08-01,0.238
M,4Y,F,2014-09-01,0.152
M,4Y,F,2014-10-01,0.141
M,4Y,F,2014-11-01,0.119
M,4Y,F,2014-12-01,0.082
M,4Y,F,2015-01-01,0.007
M,4Y,F,2015-02-01,-0.041
M,4Y,F,2015-03-01,-0.086
M,4Y,F,2015-04-01,-0.115
M,4Y,F,2015-05-01,0.012
M,4Y,F,2015-06-01,0.108
M,4Y,F,2015-07-01,0.05
M,4Y,F,2015-08-01,0.011
M,4Y,F,2015-09-01,0.014
M,4Y,F,2015-10-01,-0.061
M,4Y,F,2015-11-01,-0.125
M,4Y,F,2015-12-01,-0.111
M,4Y,F,2016-01-01,-0.156
M,4Y,F,2016-02-01,-0.29
M,4Y,F,2016-03-01,-0.31
M,4Y,F,2016-04-01,-0.311
M,4Y,F,2016-05-01,-0.329
M,4Y,F,2016-06-01,-0.376
M,4Y,F,2016-07-01,-0.525
M,4Y,F,2016-08-01,-0.528
M,4Y,F,2016-09-01,-0.514
M,4Y,F,2016-10-01,-0.483
M,4Y,F,2016-11-01,-0.368
M,4Y,F,2016-12-01,-0.447
M,4Y,F,2017-01-01,-0.409
M,4Y,F,2017-02-01,-0.406
M,4Y,F,2017-03-01,-0.366
M,4Y,F,2017-04-01,-0.411
M,4Y,F,2017-05-01,-0.381
M,4Y,F,2017-06-01,-0.422
M,4Y,F,2017-07-01,-0.282
M,4Y,F,2017-08-01,-0.387
M,4Y,F,2017-09-01,-0.404
M,4Y,F,2017-10-01,-0.387
M,4Y,F,2017-11-01,-0.43
M,4Y,F,2017-12-01,-0.386
M,4Y,F,2018-01-01,-0.205
M,4Y,F,2018-02-01,-0.105
M,4Y,F,2018-03-01,-0.168
M,4Y,F,2018-04-01,-0.197
M,4Y,F,2018-05-01,-0.213
M,4Y,F,2018-06-01,-0.303
M,4Y,F,2018-07-01,-0.322
M,4Y,F,2018-08-01,-0.28
M,4Y,F,2018-09-01,-0.207
M,4Y,F,2018-10-01,-0.156
M,4Y,F,2018-11-01,-0.216
M,4Y,F,2018-12-01,-0.254
M,4Y,F,2019-01-01,-0.257
M,4Y,F,2019-02-01,-0.267
M,4Y,F,2019-03-01,-0.3
M,4Y,F,2019-04-01,-0.344
M,4Y,F,2019-05-01,-0.376
M,4Y,F,2019-06-01,-0.523
M,4Y,F,2019-07-01,-0.596
M,4Y,F,2019-08-01,-0.727
M,4Y,F,2019-09-01,-0.655
M,4Y,F,2019-10-01,-0.575
M,4Y,F,2019-11-01,-0.488
M,4Y,F,2019-12-01,-0.479
M,4Y,F,2020-01-01,-0.472
M,4Y,F,2020-02-01,-0.556
M,4Y,F,2020-03-01,-0.455
M,4Y,F,2020-04-01,-0.328
M,4Y,F,2020-05-01,-0.448
M,4Y,F,2020-06-01,-0.492
M,4Y,F,2020-07-01,-0.571
M,4Y,F,2020-08-01,-0.593
M,4Y,F,2020-09-01,-0.636
M,4Y,F,2020-10-01,-0.691
M,4Y,F,2020-11-01,-0.701
M,4Y,F,2020-12-01,-0.709
M,4Y,F,2021-01-01,-0.68
M,4Y,F,2021-02-01,-0.608
M,4Y,F,2021-03-01,-0.607
M,4Y,F,2021-04-01,-0.575
M,4Y,F,2021-05-01,-0.524
M,4Y,F,2021-06-01,-0.545
M,4Y,F,2021-07-01,-0.628
M,4Y,F,2021-08-01,-0.687
M,4Y,F,2021-09-01,-0.605
M,4Y,F,2021-10-01,-0.501
M,4Y,F,2021-11-01,-0.566
M,4Y,F,2021-12-01,-0.546
M,4Y,F,2022-01-01,-0.36
M,4Y,F,2022-02-01,0.02
M,4Y,F,2022-03-01,0.1
M,4Y,F,2022-04-01,0.6
M,4Y,F,2022-05-01,0.78
M,4Y,F,2022-06-01,1.43
M,4Y,F,2022-07-01,0.92
M,4Y,F,2022-08-01,0.98
M,4Y,F,2022-09-01,1.84
M,4Y,F,2022-10-01,2.2
M,4Y,F,2022-11-01,2.22
M,4Y,F,2022-12-01,2.33
M,4Y,F,2023-01-01,2.52
M,4Y,F,2023-02-01,2.72
M,4Y,F,2023-03-01,2.78
M,4Y,F,2023-04-01,2.73
M,4Y,F,2023-05-01,2.67
M,4Y,F,2023-06-01,2.85
M,4Y,F,2023-07-01,3.01
M,4Y,F,2023-08-01,2.92
M,4Y,F,2023-09-01,3.02
M,4Y,F,2023-10-01,3.08
M,4Y,F,2023-11-01,2.84
M,4Y,F,2023-12-01,2.33
M,4Y,F,2024-01-01,2.42
M,4Y,F,2024-02-01,2.62
M,4Y,F,2024-03-01,2.64
M,4Y,F,2024-04-01,2.74
M,4Y,F,2024-05-01,2.85
M,4Y,F,2024-06-01,2.86
M,4Y,F,2024-07-01,2.73
M,4Y,F,2024-08-01,2.42
M,4Y,F,2024-09-01,2.32
M,4Y,F,2024-10-01,2.32
M,4Y,F,2024-11-01,2.4
M,4Y,F,2024-12-01,2.24
M,4Y,F,2025-01-01,2.52
M,4Y,F,2025-02-01,2.39
M,4Y,F,2025-03-01,2.53
M,4Y,F,2025-04-01,2.24
M,4Y,F,2025-05-01,2.26
M,4Y,F,2025-06-01,2.25
M,4Y,F,2025-07-01,2.32
M,4Y,F,2025-08-01,2.37
M,4Y,F,2025-09-01,2.41
M,4Y,F,2025-10-01,2.38
M,4Y,F,2025-11-01,2.41
M,4Y,F,2025-12-01,2.54
M,4Y,F,2026-01-01,2.51
M,4Y,F,2026-02-01,2.41
M,4Y,F,2026-03-01,2.76
M,4Y,F,2026-04-01,2.86
M,4Y,F,2026-05-01,2.91
M,4Y,F,2026-06-01,2.85
M,4Y,F,2026-07-01,2.97
M,4Y,F,2026-08-01,3.08
M,4Y,F,2026-09-01,3.49
M,26Y,F,2000-01-01,6.304
M,26Y,F,2000-02-01,6.091
M,26Y,F,2000-03-01,5.913
M,26Y,F,2000-04-01,5.819
M,26Y,F,2000-05-01,5.905
M,26Y,F,2000-06-01,5.78
M,26Y,F,2000-07-01,5.832
M,26Y,F,2000-08-01,5.74
M,26Y,F,2000-09-01,5.897
M,26Y,F,2000-10-01,5.93
M,26Y,F,2000-11-01,5.905
M,26Y,F,2000-12-01,5.774
M,26Y,F,2001-01-01,5.687
M,26Y,F,2001-02-01,5.655
M,26Y,F,2001-03-01,5.638
M,26Y,F,2001-04-01,5.783
M,26Y,F,2001-05-01,5.916
M,26Y,F,2001-06-01,5.879
M,26Y,F,2001-07-01,5.862
M,26Y,F,2001-08-01,5.699
M,26Y,F,2001-09-01,5.804
M,26Y,F,2001-10-01,5.539
M,26Y,F,2001-11-01,5.277
M,26Y,F,2001-12-01,5.384
M,26Y,F,2002-01-01,5.439
M,26Y,F,2002-02-01,5.5
M,26Y,F,2002-03-01,5.7
M,26Y,F,2002-04-01,5.724
M,26Y,F,2002-05-01,5.695
M,26Y,F,2002-06-01,5.554
M,26Y,F,2002-07-01,5.408
M,26Y,F,2002-08-01,5.193
M,26Y,F,2002-09-01,5.056
M,26Y,F,2002-10-01,5.173
M,26Y,F,2002-11-01,5.185
M,26Y,F,2002-12-01,5.031
M,26Y,F,2003-01-01,3.152
M,26Y,F,2003-02-01,0.0
M,26Y,F,2003-03-01,0.0
M,26Y,F,2003-04-01,0.0
M,26Y,F,2003-05-01,0.0
M,26Y,F,2003-06-01,0.0
M,26Y,F,2003-07-01,0.0
M,26Y,F,2003-08-01,0.0
M,26Y,F,2003-09-01,0.0
M,26Y,F,2003-10-01,0.0
M,26Y,F,2003-11-01,0.0
M,26Y,F,2003-12-01,0.0
M,26Y,F,2004-01-01,0.0
M,26Y,F,2004-02-01,0.0
M,26Y,F,2004-03-01,0.0
M,26Y,F,2004-04-01,0.0
M,26Y,F,2004-05-01,1.399
M,26Y,F,2004-06-01,5.025
M,26Y,F,2004-07-01,4.918
M,26Y,F,2004-08-01,4.782
M,26Y,F,2004-09-01,4.713
M,26Y,F,2004-10-01,4.624
M,26Y,F,2004-11-01,4.493
M,26Y,F,2004-12-01,4.265
M,26Y,F,2005-01-01,4.149
M,26Y,F,2005-02-01,4.032
M,26Y,F,2005-03-01,4.227
M,26Y,F,2005-04-01,4.08
M,26Y,F,2005-05-01,3.888
M,26Y,F,2005-06-01,3.735
M,26Y,F,2005-07-01,3.775
M,26Y,F,2005-08-01,3.748
M,26Y,F,2005-09-01,3.583
M,26Y,F,2005-10-01,3.683
M,26Y,F,2005-11-01,3.823
M,26Y,F,2005-12-01,3.678
M,26Y,F,2006-01-01,3.623
M,26Y,F,2006-02-01,3.778
M,26Y,F,2006-03-01,3.933
M,26Y,F,2006-04-01,4.243
M,26Y,F,2006-05-01,4.325
M,26Y,F,2006-06-01,4.32
M,26Y,F,2006-07-01,4.332
M,26Y,F,2006-08-01,4.184
M,26Y,F,2006-09-01,4.019
M,26Y,F,2006-10-01,4.013
M,26Y,F,2006-11-01,3.91
M,26Y,F,2006-12-01,3.974
M,26Y,F,2007-01-01,4.207
M,26Y,F,2007-02-01,4.243
M,26Y,F,2007-03-01,4.184
M,26Y,F,2007-04-01,4.409
M,26Y,F,2007-05-01,4.499
M,26Y,F,2007-06-01,4.788
M,26Y,F,2007-07-01,4.748
M,26Y,F,2007-08-01,4.623
M,26Y,F,2007-09-01,4.652
M,26Y,F,2007-10-01,4.664
M,26Y,F,2007-11-01,4.609
M,26Y,F,2007-12-01,4.744
M,26Y,F,2008-01-01,4.672
M,26Y,F,2008-02-01,4.677
M,26Y,F,2008-03-01,4.725
M,26Y,F,2008-04-01,4.804
M,26Y,F,2008-05-01,4.894
M,26Y,F,2008-06-01,5.025
M,26Y,F,2008-07-01,5.049
M,26Y,F,2008-08-01,4.871
M,26Y,F,2008-09-01,4.922
M,26Y,F,2008-10-01,4.697
M,26Y,F,2008-11-01,4.616
M,26Y,F,2008-12-01,4.11
M,26Y,F,2009-01-01,4.557
M,26Y,F,2009-02-01,4.615
M,26Y,F,2009-03-01,4.68
M,26Y,F,2009-04-01,4.557
M,26Y,F,2009-05-01,4.67
M,26Y,F,2009-06-01,4.718
M,26Y,F,2009-07-01,4.532
M,26Y,F,2009-08-01,4.347
M,26Y,F,2009-09-01,4.435
M,26Y,F,2009-10-01,4.418
M,26Y,F,2009-11-01,4.434
M,26Y,F,2009-12-01,4.389
M,26Y,F,2010-01-01,4.411
M,26Y,F,2010-02-01,4.324
M,26Y,F,2010-03-01,4.24
M,26Y,F,2010-04-01,4.199
M,26Y,F,2010-05-01,4.099
M,26Y,F,2010-06-01,4.144
M,26Y,F,2010-07-01,4.018
M,26Y,F,2010-08-01,3.656
M,26Y,F,2010-09-01,3.667
M,26Y,F,2010-10-01,3.74
M,26Y,F,2010-11-01,3.894
M,26Y,F,2010-12-01,4.414
M,26Y,F,2011-01-01,4.583
M,26Y,F,2011-02-01,4.653
M,26Y,F,2011-03-01,4.617
M,26Y,F,2011-04-01,4.734
M,26Y,F,2011-05-01,4.69
M,26Y,F,2011-06-01,4.683
M,26Y,F,2011-07-01,4.699
M,26Y,F,2011-08-01,4.59
M,26Y,F,2011-09-01,4.389
M,26Y,F,2011-10-01,4.653
M,26Y,F,2011-11-01,5.15
M,26Y,F,2011-12-01,4.505
M,26Y,F,2012-01-01,4.391
M,26Y,F,2012-02-01,4.112
M,26Y,F,2012-03-01,3.967
M,26Y,F,2012-04-01,3.947
M,26Y,F,2012-05-01,3.739
M,26Y,F,2012-06-01,3.668
M,26Y,F,2012-07-01,3.522
M,26Y,F,2012-08-01,3.396
M,26Y,F,2012-09-01,3.473
M,26Y,F,2012-10-01,3.306
M,26Y,F,2012-11-01,3.243
M,26Y,F,2012-12-01,3.098
M,26Y,F,2013-01-01,3.192
M,26Y,F,2013-02-01,3.249
M,26Y,F,2013-03-01,3.159
M,26Y,F,2013-04-01,2.965
M,26Y,F,2013-05-01,2.978
M,26Y,F,2013-06-01,3.341
M,26Y,F,2013-07-01,3.403
M,26Y,F,2013-08-01,3.521
M,26Y,F,2013-09-01,3.707
M,26Y,F,2013-10-01,3.595
M,26Y,F,2013-11-01,3.454
M,26Y,F,2013-12-01,3.363
M,26Y,F,2014-01-01,3.348
M,26Y,F,2014-02-01,3.214
M,26Y,F,2014-03-01,3.135
M,26Y,F,2014-04-01,3.038
M,26Y,F,2014-05-01,2.878
M,26Y,F,2014-06-01,2.827
M,26Y,F,2014-07-01,2.619
M,26Y,F,2014-08-01,2.365
M,26Y,F,2014-09-01,2.397
M,26Y,F,2014-10-01,2.267
M,26Y,F,2014-11-01,2.163
M,26Y,F,2014-12-01,1.907
M,26Y,F,2015-01-01,1.534
M,26Y,F,2015-02-01,1.32
M,26Y,F,2015-03-01,1.08
M,26Y,F,2015-04-01,1.019
M,26Y,F,2015-05-01,1.596
M,26Y,F,2015-06-01,2.01
M,26Y,F,2015-07-01,2.027
M,26Y,F,2015-08-01,1.891
M,26Y,F,2015-09-01,1.944
M,26Y,F,2015-10-01,1.809
M,26Y,F,2015-11-01,1.867
M,26Y,F,2015-12-01,1.921
M,26Y,F,2016-01-01,1.883
M,26Y,F,2016-02-01,1.558
M,26Y,F,2016-03-01,1.564
M,26Y,F,2016-04-01,1.555
M,26Y,F,2016-05-01,1.546
M,26Y,F,2016-06-01,1.24
M,26Y,F,2016-07-01,0.946
M,26Y,F,2016-08-01,0.912
M,26Y,F,2016-09-01,1.03
M,26Y,F,2016-10-01,1.13
M,26Y,F,2016-11-01,1.402
M,26Y,F,2016-12-01,1.567
M,26Y,F,2017-01-01,1.756
M,26Y,F,2017-02-01,1.797
M,26Y,F,2017-03-01,1.732
M,26Y,F,2017-04-01,1.627
M,26Y,F,2017-05-01,1.684
M,26Y,F,2017-06-01,1.549
M,26Y,F,2017-07-01,1.733
M,26Y,F,2017-08-01,1.639
M,26Y,F,2017-09-01,1.673
M,26Y,F,2017-10-01,1.672
M,26Y,F,2017-11-01,1.571
M,26Y,F,2017-12-01,1.483
M,26Y,F,2018-01-01,1.615
M,26Y,F,2018-02-01,1.622
M,26Y,F,2018-03-01,1.557
M,26Y,F,2018-04-01,1.523
M,26Y,F,2018-05-01,1.619
M,26Y,F,2018-06-01,1.655
M,26Y,F,2018-07-01,1.583
M,26Y,F,2018-08-01,1.638
M,26Y,F,2018-09-01,1.688
M,26Y,F,2018-10-01,1.746
M,26Y,F,2018-11-01,1.772
M,26Y,F,2018-12-01,1.731
M,26Y,F,2019-01-01,1.675
M,26Y,F,2019-02-01,1.594
M,26Y,F,2019-03-01,1.481
M,26Y,F,2019-04-01,1.447
M,26Y,F,2019-05-01,1.386
M,26Y,F,2019-06-01,1.043
M,26Y,F,2019-07-01,0.883
M,26Y,F,2019-08-01,0.499
M,26Y,F,2019-09-01,0.555
M,26Y,F,2019-10-01,0.6
M,26Y,F,2019-11-01,0.721
M,26Y,F,2019-12-01,0.762
M,26Y,F,2020-01-01,0.755
M,26Y,F,2020-02-01,0.553
M,26Y,F,2020-03-01,0.575
M,26Y,F,2020-04-01,0.75
M,26Y,F,2020-05-01,0.725
M,26Y,F,2020-06-01,0.664
M,26Y,F,2020-07-01,0.526
M,26Y,F,2020-08-01,0.463
M,26Y,F,2020-09-01,0.414
M,26Y,F,2020-10-01,0.325
M,26Y,F,2020-11-01,0.296
M,26Y,F,2020-12-01,0.292
M,26Y,F,2021-01-01,0.334
M,26Y,F,2021-02-01,0.561
M,26Y,F,2021-03-01,0.691
M,26Y,F,2021-04-01,0.77
M,26Y,F,2021-05-01,0.922
M,26Y,F,2021-06-01,0.869
M,26Y,F,2021-07-01,0.704
M,26Y,F,2021-08-01,0.591
M,26Y,F,2021-09-01,0.743
M,26Y,F,2021-10-01,0.843
M,26Y,F,2021-11-01,0.734
M,26Y,F,2021-12-01,0.689
M,26Y,F,2022-01-01,0.92
M,26Y,F,2022-02-01,1.16
M,26Y,F,2022-03-01,1.36
M,26Y,F,2022-04-01,1.73
M,26Y,F,2022-05-01,2.04
M,26Y,F,2022-06-01,2.62
M,26Y,F,2022-07-01,2.46
M,26Y,F,2022-08-01,2.3
M,26Y,F,2022-09-01,2.81
M,26Y,F,2022-10-01,3.24
M,26Y,F,2022-11-01,3.0
M,26Y,F,2022-12-01,2.88
M,26Y,F,2023-01-01,3.08
M,26Y,F,2023-02-01,3.29
M,26Y,F,2023-03-01,3.43
M,26Y,F,2023-04-01,3.48
M,26Y,F,2023-05-01,3.53
M,26Y,F,2023-06-01,3.48
M,26Y,F,2023-07-01,3.48
M,26Y,F,2023-08-01,3.66
M,26Y,F,2023-09-01,3.8
M,26Y,F,2023-10-01,4.09
M,26Y,F,2023-11-01,3.82
M,26Y,F,2023-12-01,3.26
M,26Y,F,2024-01-01,3.37
M,26Y,F,2024-02-01,3.44
M,26Y,F,2024-03-01,3.38
M,26Y,F,2024-04-01,3.48
M,26Y,F,2024-05-01,3.52
M,26Y,F,2024-06-01,3.59
M,26Y,F,2024-07-01,3.57
M,26Y,F,2024-08-01,3.41
M,26Y,F,2024-09-01,3.42
M,26Y,F,2024-10-01,3.48
M,26Y,F,2024-11-01,3.47
M,26Y,F,2024-12-01,3.36
M,26Y,F,2025-01-01,3.71
M,26Y,F,2025-02-01,3.61
M,26Y,F,2025-03-01,3.99
M,26Y,F,2025-04-01,3.89
M,26Y,F,2025-05-01,3.94
M,26Y,F,2025-06-01,3.91
M,26Y,F,2025-07-01,4.09
M,26Y,F,2025-08-01,4.17
M,26Y,F,2025-09-01,4.24
M,26Y,F,2025-10-01,4.14
M,26Y,F,2025-11-01,4.16
M,26Y,F,2025-12-01,4.27
M,26Y,F,2026-01-01,4.28
M,26Y,F,2026-02-01,4.21
M,26Y,F,2026-03-01,4.28
M,26Y,F,2026-04-01,4.37
M,26Y,F,2026-05-01,4.39
M,26Y,F,2026-06-01,4.33
M,26Y,F,2026-07-01,4.46
M,26Y,F,2026-08-01,4.57
M,26Y,F,2026-09-01,4.81
M,23Y,F,2000-01-01,6.275
M,23Y,F,2000-02-01,6.072
M,23Y,F,2000-03-01,5.887
M,23Y,F,2000-04-01,5.801
M,23Y,F,2000-05-01,5.895
M,23Y,F,2000-06-01,5.768
M,23Y,F,2000-07-01,5.819
M,23Y,F,2000-08-01,5.733
M,23Y,F,2000-09-01,5.876
M,23Y,F,2000-10-01,5.901
M,23Y,F,2000-11-01,5.886
M,23Y,F,2000-12-01,5.746
M,23Y,F,2001-01-01,5.661
M,23Y,F,2001-02-01,5.646
M,23Y,F,2001-03-01,5.629
M,23Y,F,2001-04-01,5.766
M,23Y,F,2001-05-01,5.896
M,23Y,F,2001-06-01,5.854
M,23Y,F,2001-07-01,5.842
M,23Y,F,2001-08-01,5.682
M,23Y,F,2001-09-01,5.775
M,23Y,F,2001-10-01,5.507
M,23Y,F,2001-11-01,5.248
M,23Y,F,2001-12-01,5.362
M,23Y,F,2002-01-01,5.426
M,23Y,F,2002-02-01,5.492
M,23Y,F,2002-03-01,5.69
M,23Y,F,2002-04-01,5.712
M,23Y,F,2002-05-01,5.684
M,23Y,F,2002-06-01,5.556
M,23Y,F,2002-07-01,5.418
M,23Y,F,2002-08-01,5.199
M,23Y,F,2002-09-01,5.058
M,23Y,F,2002-10-01,5.185
M,23Y,F,2002-11-01,5.193
M,23Y,F,2002-12-01,5.024
M,23Y,F,2003-01-01,4.869
M,23Y,F,2003-02-01,4.766
M,23Y,F,2003-03-01,4.819
M,23Y,F,2003-04-01,4.926
M,23Y,F,2003-05-01,4.683
M,23Y,F,2003-06-01,4.55
M,23Y,F,2003-07-01,4.832
M,23Y,F,2003-08-01,4.873
M,23Y,F,2003-09-01,4.933
M,23Y,F,2003-10-01,4.979
M,23Y,F,2003-11-01,5.043
M,23Y,F,2003-12-01,4.986
M,23Y,F,2004-01-01,4.907
M,23Y,F,2004-02-01,4.884
M,23Y,F,2004-03-01,4.736
M,23Y,F,2004-04-01,4.869
M,23Y,F,2004-05-01,4.974
M,23Y,F,2004-06-01,4.973
M,23Y,F,2004-07-01,4.861
M,23Y,F,2004-08-01,4.724
M,23Y,F,2004-09-01,4.655
M,23Y,F,2004-10-01,4.563
M,23Y,F,2004-11-01,4.432
M,23Y,F,2004-12-01,4.2
M,23Y,F,2005-01-01,4.093
M,23Y,F,2005-02-01,3.989
M,23Y,F,2005-03-01,4.174
M,23Y,F,2005-04-01,4.017
M,23Y,F,2005-05-01,3.826
M,23Y,F,2005-06-01,3.68
M,23Y,F,2005-07-01,3.728
M,23Y,F,2005-08-01,3.697
M,23Y,F,2005-09-01,3.528
M,23Y,F,2005-10-01,3.623
M,23Y,F,2005-11-01,3.767
M,23Y,F,2005-12-01,3.616
M,23Y,F,2006-01-01,3.587
M,23Y,F,2006-02-01,3.76
M,23Y,F,2006-03-01,3.918
M,23Y,F,2006-04-01,4.218
M,23Y,F,2006-05-01,4.296
M,23Y,F,2006-06-01,4.288
M,23Y,F,2006-07-01,4.306
M,23Y,F,2006-08-01,4.158
M,23Y,F,2006-09-01,3.997
M,23Y,F,2006-10-01,3.993
M,23Y,F,2006-11-01,3.893
M,23Y,F,2006-12-01,3.962
M,23Y,F,2007-01-01,4.193
M,23Y,F,2007-02-01,4.23
M,23Y,F,2007-03-01,4.17
M,23Y,F,2007-04-01,4.396
M,23Y,F,2007-05-01,4.488
M,23Y,F,2007-06-01,4.778
M,23Y,F,2007-07-01,4.73
M,23Y,F,2007-08-01,4.614
M,23Y,F,2007-09-01,4.636
M,23Y,F,2007-10-01,4.646
M,23Y,F,2007-11-01,4.586
M,23Y,F,2007-12-01,4.719
M,23Y,F,2008-01-01,4.639
M,23Y,F,2008-02-01,4.632
M,23Y,F,2008-03-01,4.681
M,23Y,F,2008-04-01,4.779
M,23Y,F,2008-05-01,4.877
M,23Y,F,2008-06-01,5.024
M,23Y,F,2008-07-01,5.057
M,23Y,F,2008-08-01,4.872
M,23Y,F,2008-09-01,4.923
M,23Y,F,2008-10-01,4.727
M,23Y,F,2008-11-01,4.625
M,23Y,F,2008-12-01,4.108
M,23Y,F,2009-01-01,4.54
M,23Y,F,2009-02-01,4.606
M,23Y,F,2009-03-01,4.69
M,23Y,F,2009-04-01,4.548
M,23Y,F,2009-05-01,4.626
M,23Y,F,2009-06-01,4.701
M,23Y,F,2009-07-01,4.515
M,23Y,F,2009-08-01,4.314
M,23Y,F,2009-09-01,4.404
M,23Y,F,2009-10-01,4.402
M,23Y,F,2009-11-01,4.412
M,23Y,F,2009-12-01,4.375
M,23Y,F,2010-01-01,4.394
M,23Y,F,2010-02-01,4.31
M,23Y,F,2010-03-01,4.216
M,23Y,F,2010-04-01,4.153
M,23Y,F,2010-05-01,4.047
M,23Y,F,2010-06-01,4.09
M,23Y,F,2010-07-01,3.948
M,23Y,F,2010-08-01,3.575
M,23Y,F,2010-09-01,3.595
M,23Y,F,2010-10-01,3.677
M,23Y,F,2010-11-01,3.858
M,23Y,F,2010-12-01,4.389
M,23Y,F,2011-01-01,4.563
M,23Y,F,2011-02-01,4.634
M,23Y,F,2011-03-01,4.6
M,23Y,F,2011-04-01,4.706
M,23Y,F,2011-05-01,4.674
M,23Y,F,2011-06-01,4.656
M,23Y,F,2011-07-01,4.648
M,23Y,F,2011-08-01,4.539
M,23Y,F,2011-09-01,4.334
M,23Y,F,2011-10-01,4.604
M,23Y,F,2011-11-01,5.126
M,23Y,F,2011-12-01,4.489
M,23Y,F,2012-01-01,4.365
M,23Y,F,2012-02-01,4.086
M,23Y,F,2012-03-01,3.925
M,23Y,F,2012-04-01,3.937
M,23Y,F,2012-05-01,3.732
M,23Y,F,2012-06-01,3.657
M,23Y,F,2012-07-01,3.506
M,23Y,F,2012-08-01,3.376
M,23Y,F,2012-09-01,3.446
M,23Y,F,2012-10-01,3.268
M,23Y,F,2012-11-01,3.192
M,23Y,F,2012-12-01,3.023
M,23Y,F,2013-01-01,3.124
M,23Y,F,2013-02-01,3.184
M,23Y,F,2013-03-01,3.086
M,23Y,F,2013-04-01,2.88
M,23Y,F,2013-05-01,2.899
M,23Y,F,2013-06-01,3.265
M,23Y,F,2013-07-01,3.353
M,23Y,F,2013-08-01,3.475
M,23Y,F,2013-09-01,3.64
M,23Y,F,2013-10-01,3.513
M,23Y,F,2013-11-01,3.365
M,23Y,F,2013-12-01,3.28
M,23Y,F,2014-01-01,3.265
M,23Y,F,2014-02-01,3.119
M,23Y,F,2014-03-01,3.047
M,23Y,F,2014-04-01,2.949
M,23Y,F,2014-05-01,2.787
M,23Y,F,2014-06-01,2.737
M,23Y,F,2014-07-01,2.525
M,23Y,F,2014-08-01,2.274
M,23Y,F,2014-09-01,2.301
M,23Y,F,2014-10-01,2.166
M,23Y,F,2014-11-01,2.059
M,23Y,F,2014-12-01,1.804
M,23Y,F,2015-01-01,1.438
M,23Y,F,2015-02-01,1.248
M,23Y,F,2015-03-01,1.028
M,23Y,F,2015-04-01,0.973
M,23Y,F,2015-05-01,1.535
M,23Y,F,2015-06-01,1.955
M,23Y,F,2015-07-01,1.97
M,23Y,F,2015-08-01,1.836
M,23Y,F,2015-09-01,1.888
M,23Y,F,2015-10-01,1.755
M,23Y,F,2015-11-01,1.805
M,23Y,F,2015-12-01,1.866
M,23Y,F,2016-01-01,1.834
M,23Y,F,2016-02-01,1.493
M,23Y,F,2016-03-01,1.476
M,23Y,F,2016-04-01,1.462
M,23Y,F,2016-05-01,1.444
M,23Y,F,2016-06-01,1.138
M,23Y,F,2016-07-01,0.844
M,23Y,F,2016-08-01,0.811
M,23Y,F,2016-09-01,0.925
M,23Y,F,2016-10-01,1.019
M,23Y,F,2016-11-01,1.294
M,23Y,F,2016-12-01,1.472
M,23Y,F,2017-01-01,1.657
M,23Y,F,2017-02-01,1.682
M,23Y,F,2017-03-01,1.585
M,23Y,F,2017-04-01,1.483
M,23Y,F,2017-05-01,1.542
M,23Y,F,2017-06-01,1.409
M,23Y,F,2017-07-01,1.596
M,23Y,F,2017-08-01,1.5
M,23Y,F,2017-09-01,1.531
M,23Y,F,2017-10-01,1.533
M,23Y,F,2017-11-01,1.431
M,23Y,F,2017-12-01,1.344
M,23Y,F,2018-01-01,1.479
M,23Y,F,2018-02-01,1.502
M,23Y,F,2018-03-01,1.442
M,23Y,F,2018-04-01,1.416
M,23Y,F,2018-05-01,1.516
M,23Y,F,2018-06-01,1.542
M,23Y,F,2018-07-01,1.51
M,23Y,F,2018-08-01,1.563
M,23Y,F,2018-09-01,1.614
M,23Y,F,2018-10-01,1.673
M,23Y,F,2018-11-01,1.702
M,23Y,F,2018-12-01,1.661
M,23Y,F,2019-01-01,1.594
M,23Y,F,2019-02-01,1.48
M,23Y,F,2019-03-01,1.359
M,23Y,F,2019-04-01,1.324
M,23Y,F,2019-05-01,1.266
M,23Y,F,2019-06-01,0.928
M,23Y,F,2019-07-01,0.767
M,23Y,F,2019-08-01,0.39
M,23Y,F,2019-09-01,0.451
M,23Y,F,2019-10-01,0.496
M,23Y,F,2019-11-01,0.624
M,23Y,F,2019-12-01,0.667
M,23Y,F,2020-01-01,0.657
M,23Y,F,2020-02-01,0.464
M,23Y,F,2020-03-01,0.507
M,23Y,F,2020-04-01,0.688
M,23Y,F,2020-05-01,0.667
M,23Y,F,2020-06-01,0.594
M,23Y,F,2020-07-01,0.453
M,23Y,F,2020-08-01,0.392
M,23Y,F,2020-09-01,0.342
M,23Y,F,2020-10-01,0.253
M,23Y,F,2020-11-01,0.223
M,23Y,F,2020-12-01,0.221
M,23Y,F,2021-01-01,0.261
M,23Y,F,2021-02-01,0.478
M,23Y,F,2021-03-01,0.609
M,23Y,F,2021-04-01,0.686
M,23Y,F,2021-05-01,0.837
M,23Y,F,2021-06-01,0.781
M,23Y,F,2021-07-01,0.612
M,23Y,F,2021-08-01,0.504
M,23Y,F,2021-09-01,0.649
M,23Y,F,2021-10-01,0.761
M,23Y,F,2021-11-01,0.66
M,23Y,F,2021-12-01,0.619
M,23Y,F,2022-01-01,0.85
M,23Y,F,2022-02-01,1.09
M,23Y,F,2022-03-01,1.31
M,23Y,F,2022-04-01,1.69
M,23Y,F,2022-05-01,2.02
M,23Y,F,2022-06-01,2.57
M,23Y,F,2022-07-01,2.44
M,23Y,F,2022-08-01,2.28
M,23Y,F,2022-09-01,2.83
M,23Y,F,2022-10-01,3.27
M,23Y,F,2022-11-01,3.03
M,23Y,F,2022-12-01,2.9
M,23Y,F,2023-01-01,3.08
M,23Y,F,2023-02-01,3.28
M,23Y,F,2023-03-01,3.41
M,23Y,F,2023-04-01,3.45
M,23Y,F,2023-05-01,3.5
M,23Y,F,2023-06-01,3.45
M,23Y,F,2023-07-01,3.45
M,23Y,F,2023-08-01,3.63
M,23Y,F,2023-09-01,3.77
M,23Y,F,2023-10-01,4.07
M,23Y,F,2023-11-01,3.8
M,23Y,F,2023-12-01,3.23
M,23Y,F,2024-01-01,3.34
M,23Y,F,2024-02-01,3.42
M,23Y,F,2024-03-01,3.35
M,23Y,F,2024-04-01,3.46
M,23Y,F,2024-05-01,3.5
M,23Y,F,2024-06-01,3.56
M,23Y,F,2024-07-01,3.55
M,23Y,F,2024-08-01,3.38
M,23Y,F,2024-09-01,3.38
M,23Y,F,2024-10-01,3.45
M,23Y,F,2024-11-01,3.44
M,23Y,F,2024-12-01,3.32
M,23Y,F,2025-01-01,3.67
M,23Y,F,2025-02-01,3.57
M,23Y,F,2025-03-01,3.95
M,23Y,F,2025-04-01,3.84
M,23Y,F,2025-05-01,3.9
M,23Y,F,2025-06-01,3.87
M,23Y,F,2025-07-01,4.05
M,23Y,F,2025-08-01,4.11
M,23Y,F,2025-09-01,4.18
M,23Y,F,2025-10-01,4.08
M,23Y,F,2025-11-01,4.09
M,23Y,F,2025-12-01,4.19
M,23Y,F,2026-01-01,4.2
M,23Y,F,2026-02-01,4.12
M,23Y,F,2026-03-01,4.2
M,23Y,F,2026-04-01,4.3
M,23Y,F,2026-05-01,4.32
M,23Y,F,2026-06-01,4.25
M,23Y,F,2026-07-01,4.38
M,23Y,F,2026-08-01,4.49
M,23Y,F,2026-09-01,4.75
M,15Y,F,2000-01-01,6.071
M,15Y,F,2000-02-01,5.933
M,15Y,F,2000-03-01,5.737
M,15Y,F,2000-04-01,5.658
M,15Y,F,2000-05-01,5.794
M,15Y,F,2000-06-01,5.648
M,15Y,F,2000-07-01,5.714
M,15Y,F,2000-08-01,5.655
M,15Y,F,2000-09-01,5.748
M,15Y,F,2000-10-01,5.73
M,15Y,F,2000-11-01,5.715
M,15Y,F,2000-12-01,5.522
M,15Y,F,2001-01-01,5.433
M,15Y,F,2001-02-01,5.439
M,15Y,F,2001-03-01,5.402
M,15Y,F,2001-04-01,5.522
M,15Y,F,2001-05-01,5.662
M,15Y,F,2001-06-01,5.608
M,15Y,F,2001-07-01,5.615
M,15Y,F,2001-08-01,5.459
M,15Y,F,2001-09-01,5.487
M,15Y,F,2001-10-01,5.213
M,15Y,F,2001-11-01,4.999
M,15Y,F,2001-12-01,5.177
M,15Y,F,2002-01-01,5.273
M,15Y,F,2002-02-01,5.343
M,15Y,F,2002-03-01,5.547
M,15Y,F,2002-04-01,5.555
M,15Y,F,2002-05-01,5.546
M,15Y,F,2002-06-01,5.425
M,15Y,F,2002-07-01,5.288
M,15Y,F,2002-08-01,5.041
M,15Y,F,2002-09-01,4.873
M,15Y,F,2002-10-01,5.0
M,15Y,F,2002-11-01,4.986
M,15Y,F,2002-12-01,4.79
M,15Y,F,2003-01-01,4.624
M,15Y,F,2003-02-01,4.469
M,15Y,F,2003-03-01,4.5
M,15Y,F,2003-04-01,4.631
M,15Y,F,2003-05-01,4.352
M,15Y,F,2003-06-01,4.182
M,15Y,F,2003-07-01,4.474
M,15Y,F,2003-08-01,4.574
M,15Y,F,2003-09-01,4.618
M,15Y,F,2003-10-01,4.668
M,15Y,F,2003-11-01,4.746
M,15Y,F,2003-12-01,4.686
M,15Y,F,2004-01-01,4.589
M,15Y,F,2004-02-01,4.564
M,15Y,F,2004-03-01,4.401
M,15Y,F,2004-04-01,4.566
M,15Y,F,2004-05-01,4.679
M,15Y,F,2004-06-01,4.705
M,15Y,F,2004-07-01,4.593
M,15Y,F,2004-08-01,4.449
M,15Y,F,2004-09-01,4.383
M,15Y,F,2004-10-01,4.277
M,15Y,F,2004-11-01,4.148
M,15Y,F,2004-12-01,3.924
M,15Y,F,2005-01-01,3.84
M,15Y,F,2005-02-01,3.786
M,15Y,F,2005-03-01,3.96
M,15Y,F,2005-04-01,3.773
M,15Y,F,2005-05-01,3.597
M,15Y,F,2005-06-01,3.447
M,15Y,F,2005-07-01,3.498
M,15Y,F,2005-08-01,3.487
M,15Y,F,2005-09-01,3.31
M,15Y,F,2005-10-01,3.424
M,15Y,F,2005-11-01,3.594
M,15Y,F,2005-12-01,3.449
M,15Y,F,2006-01-01,3.468
M,15Y,F,2006-02-01,3.658
M,15Y,F,2006-03-01,3.818
M,15Y,F,2006-04-01,4.082
M,15Y,F,2006-05-01,4.156
M,15Y,F,2006-06-01,4.146
M,15Y,F,2006-07-01,4.166
M,15Y,F,2006-08-01,4.03
M,15Y,F,2006-09-01,3.89
M,15Y,F,2006-10-01,3.913
M,15Y,F,2006-11-01,3.825
M,15Y,F,2006-12-01,3.887
M,15Y,F,2007-01-01,4.143
M,15Y,F,2007-02-01,4.172
M,15Y,F,2007-03-01,4.083
M,15Y,F,2007-04-01,4.306
M,15Y,F,2007-05-01,4.407
M,15Y,F,2007-06-01,4.708
M,15Y,F,2007-07-01,4.673
M,15Y,F,2007-08-01,4.565
M,15Y,F,2007-09-01,4.56
M,15Y,F,2007-10-01,4.591
M,15Y,F,2007-11-01,4.521
M,15Y,F,2007-12-01,4.673
M,15Y,F,2008-01-01,4.555
M,15Y,F,2008-02-01,4.547
M,15Y,F,2008-03-01,4.591
M,15Y,F,2008-04-01,4.655
M,15Y,F,2008-05-01,4.754
M,15Y,F,2008-06-01,4.99
M,15Y,F,2008-07-01,5.019
M,15Y,F,2008-08-01,4.821
M,15Y,F,2008-09-01,4.829
M,15Y,F,2008-10-01,4.722
M,15Y,F,2008-11-01,4.626
M,15Y,F,2008-12-01,4.063
M,15Y,F,2009-01-01,4.432
M,15Y,F,2009-02-01,4.506
M,15Y,F,2009-03-01,4.397
M,15Y,F,2009-04-01,4.305
M,15Y,F,2009-05-01,4.406
M,15Y,F,2009-06-01,4.502
M,15Y,F,2009-07-01,4.33
M,15Y,F,2009-08-01,4.172
M,15Y,F,2009-09-01,4.222
M,15Y,F,2009-10-01,4.233
M,15Y,F,2009-11-01,4.232
M,15Y,F,2009-12-01,4.19
M,15Y,F,2010-01-01,4.198
M,15Y,F,2010-02-01,4.087
M,15Y,F,2010-03-01,3.97
M,15Y,F,2010-04-01,3.895
M,15Y,F,2010-05-01,3.711
M,15Y,F,2010-06-01,3.802
M,15Y,F,2010-07-01,3.657
M,15Y,F,2010-08-01,3.326
M,15Y,F,2010-09-01,3.422
M,15Y,F,2010-10-01,3.544
M,15Y,F,2010-11-01,3.79
M,15Y,F,2010-12-01,4.274
M,15Y,F,2011-01-01,4.4
M,15Y,F,2011-02-01,4.438
M,15Y,F,2011-03-01,4.44
M,15Y,F,2011-04-01,4.547
M,15Y,F,2011-05-01,4.51
M,15Y,F,2011-06-01,4.446
M,15Y,F,2011-07-01,4.493
M,15Y,F,2011-08-01,4.387
M,15Y,F,2011-09-01,4.167
M,15Y,F,2011-10-01,4.465
M,15Y,F,2011-11-01,5.07
M,15Y,F,2011-12-01,4.518
M,15Y,F,2012-01-01,4.358
M,15Y,F,2012-02-01,3.971
M,15Y,F,2012-03-01,3.827
M,15Y,F,2012-04-01,3.892
M,15Y,F,2012-05-01,3.687
M,15Y,F,2012-06-01,3.576
M,15Y,F,2012-07-01,3.229
M,15Y,F,2012-08-01,3.065
M,15Y,F,2012-09-01,3.146
M,15Y,F,2012-10-01,2.974
M,15Y,F,2012-11-01,2.884
M,15Y,F,2012-12-01,2.728
M,15Y,F,2013-01-01,2.875
M,15Y,F,2013-02-01,2.972
M,15Y,F,2013-03-01,2.834
M,15Y,F,2013-04-01,2.632
M,15Y,F,2013-05-01,2.649
M,15Y,F,2013-06-01,3.046
M,15Y,F,2013-07-01,3.178
M,15Y,F,2013-08-01,3.277
M,15Y,F,2013-09-01,3.404
M,15Y,F,2013-10-01,3.237
M,15Y,F,2013-11-01,3.12
M,15Y,F,2013-12-01,3.108
M,15Y,F,2014-01-01,3.074
M,15Y,F,2014-02-01,2.903
M,15Y,F,2014-03-01,2.796
M,15Y,F,2014-04-01,2.694
M,15Y,F,2014-05-01,2.533
M,15Y,F,2014-06-01,2.422
M,15Y,F,2014-07-01,2.206
M,15Y,F,2014-08-01,1.969
M,15Y,F,2014-09-01,1.91
M,15Y,F,2014-10-01,1.775
M,15Y,F,2014-11-01,1.668
M,15Y,F,2014-12-01,1.444
M,15Y,F,2015-01-01,1.112
M,15Y,F,2015-02-01,0.964
M,15Y,F,2015-03-01,0.775
M,15Y,F,2015-04-01,0.716
M,15Y,F,2015-05-01,1.246
M,15Y,F,2015-06-01,1.649
M,15Y,F,2015-07-01,1.641
M,15Y,F,2015-08-01,1.51
M,15Y,F,2015-09-01,1.539
M,15Y,F,2015-10-01,1.399
M,15Y,F,2015-11-01,1.426
M,15Y,F,2015-12-01,1.495
M,15Y,F,2016-01-01,1.445
M,15Y,F,2016-02-01,1.146
M,15Y,F,2016-03-01,1.067
M,15Y,F,2016-04-01,1.033
M,15Y,F,2016-05-01,1.014
M,15Y,F,2016-06-01,0.792
M,15Y,F,2016-07-01,0.531
M,15Y,F,2016-08-01,0.491
M,15Y,F,2016-09-01,0.569
M,15Y,F,2016-10-01,0.666
M,15Y,F,2016-11-01,0.975
M,15Y,F,2016-12-01,1.092
M,15Y,F,2017-01-01,1.232
M,15Y,F,2017-02-01,1.249
M,15Y,F,2017-03-01,1.177
M,15Y,F,2017-04-01,1.088
M,15Y,F,2017-05-01,1.109
M,15Y,F,2017-06-01,0.966
M,15Y,F,2017-07-01,1.167
M,15Y,F,2017-08-01,1.057
M,15Y,F,2017-09-01,1.066
M,15Y,F,2017-10-01,1.068
M,15Y,F,2017-11-01,0.963
M,15Y,F,2017-12-01,0.895
M,15Y,F,2018-01-01,1.056
M,15Y,F,2018-02-01,1.165
M,15Y,F,2018-03-01,1.085
M,15Y,F,2018-04-01,1.047
M,15Y,F,2018-05-01,1.114
M,15Y,F,2018-06-01,1.103
M,15Y,F,2018-07-01,1.088
M,15Y,F,2018-08-01,1.14
M,15Y,F,2018-09-01,1.193
M,15Y,F,2018-10-01,1.271
M,15Y,F,2018-11-01,1.274
M,15Y,F,2018-12-01,1.224
M,15Y,F,2019-01-01,1.182
M,15Y,F,2019-02-01,1.063
M,15Y,F,2019-03-01,0.918
M,15Y,F,2019-04-01,0.867
M,15Y,F,2019-05-01,0.807
M,15Y,F,2019-06-01,0.5
M,15Y,F,2019-07-01,0.34
M,15Y,F,2019-08-01,0.009
M,15Y,F,2019-09-01,0.061
M,15Y,F,2019-10-01,0.128
M,15Y,F,2019-11-01,0.256
M,15Y,F,2019-12-01,0.305
M,15Y,F,2020-01-01,0.29
M,15Y,F,2020-02-01,0.125
M,15Y,F,2020-03-01,0.224
M,15Y,F,2020-04-01,0.396
M,15Y,F,2020-05-01,0.348
M,15Y,F,2020-06-01,0.259
M,15Y,F,2020-07-01,0.124
M,15Y,F,2020-08-01,0.084
M,15Y,F,2020-09-01,0.041
M,15Y,F,2020-10-01,-0.051
M,15Y,F,2020-11-01,-0.088
M,15Y,F,2020-12-01,-0.089
M,15Y,F,2021-01-01,-0.051
M,15Y,F,2021-02-01,0.153
M,15Y,F,2021-03-01,0.266
M,15Y,F,2021-04-01,0.339
M,15Y,F,2021-05-01,0.486
M,15Y,F,2021-06-01,0.425
M,15Y,F,2021-07-01,0.264
M,15Y,F,2021-08-01,0.163
M,15Y,F,2021-09-01,0.309
M,15Y,F,2021-10-01,0.454
M,15Y,F,2021-11-01,0.369
M,15Y,F,2021-12-01,0.326
M,15Y,F,2022-01-01,0.56
M,15Y,F,2022-02-01,0.85
M,15Y,F,2022-03-01,1.07
M,15Y,F,2022-04-01,1.52
M,15Y,F,2022-05-01,1.86
M,15Y,F,2022-06-01,2.39
M,15Y,F,2022-07-01,2.19
M,15Y,F,2022-08-01,2.07
M,15Y,F,2022-09-01,2.74
M,15Y,F,2022-10-01,3.17
M,15Y,F,2022-11-01,2.94
M,15Y,F,2022-12-01,2.89
M,15Y,F,2023-01-01,3.04
M,15Y,F,2023-02-01,3.2
M,15Y,F,2023-03-01,3.27
M,15Y,F,2023-04-01,3.28
M,15Y,F,2023-05-01,3.3
M,15Y,F,2023-06-01,3.27
M,15Y,F,2023-07-01,3.31
M,15Y,F,2023-08-01,3.46
M,15Y,F,2023-09-01,3.58
M,15Y,F,2023-10-01,3.84
M,15Y,F,2023-11-01,3.56
M,15Y,F,2023-12-01,3.01
M,15Y,F,2024-01-01,3.11
M,15Y,F,2024-02-01,3.19
M,15Y,F,2024-03-01,3.14
M,15Y,F,2024-04-01,3.25
M,15Y,F,2024-05-01,3.29
M,15Y,F,2024-06-01,3.35
M,15Y,F,2024-07-01,3.31
M,15Y,F,2024-08-01,3.12
M,15Y,F,2024-09-01,3.11
M,15Y,F,2024-10-01,3.17
M,15Y,F,2024-11-01,3.2
M,15Y,F,2024-12-01,3.08
M,15Y,F,2025-01-01,3.42
M,15Y,F,2025-02-01,3.3
M,15Y,F,2025-03-01,3.66
M,15Y,F,2025-04-01,3.52
M,15Y,F,2025-05-01,3.56
M,15Y,F,2025-06-01,3.51
M,15Y,F,2025-07-01,3.67
M,15Y,F,2025-08-01,3.7
M,15Y,F,2025-09-01,3.76
M,15Y,F,2025-10-01,3.67
M,15Y,F,2025-11-01,3.68
M,15Y,F,2025-12-01,3.78
M,15Y,F,2026-01-01,3.78
M,15Y,F,2026-02-01,3.69
M,15Y,F,2026-03-01,3.84
M,15Y,F,2026-04-01,3.94
M,15Y,F,2026-05-01,3.96
M,15Y,F,2026-06-01,3.88
M,15Y,F,2026-07-01,4.0
M,15Y,F,2026-08-01,4.12
M,15Y,F,2026-09-01,4.44
M,12Y,F,2000-01-01,5.936
M,12Y,F,2000-02-01,5.839
M,12Y,F,2000-03-01,5.656
M,12Y,F,2000-04-01,5.561
M,12Y,F,2000-05-01,5.72
M,12Y,F,2000-06-01,5.563
M,12Y,F,2000-07-01,5.643
M,12Y,F,2000-08-01,5.598
M,12Y,F,2000-09-01,5.675
M,12Y,F,2000-10-01,5.643
M,12Y,F,2000-11-01,5.601
M,12Y,F,2000-12-01,5.388
M,12Y,F,2001-01-01,5.277
M,12Y,F,2001-02-01,5.246
M,12Y,F,2001-03-01,5.187
M,12Y,F,2001-04-01,5.321
M,12Y,F,2001-05-01,5.483
M,12Y,F,2001-06-01,5.438
M,12Y,F,2001-07-01,5.459
M,12Y,F,2001-08-01,5.285
M,12Y,F,2001-09-01,5.296
M,12Y,F,2001-10-01,5.043
M,12Y,F,2001-11-01,4.872
M,12Y,F,2001-12-01,5.088
M,12Y,F,2002-01-01,5.169
M,12Y,F,2002-02-01,5.213
M,12Y,F,2002-03-01,5.438
M,12Y,F,2002-04-01,5.439
M,12Y,F,2002-05-01,5.445
M,12Y,F,2002-06-01,5.316
M,12Y,F,2002-07-01,5.169
M,12Y,F,2002-08-01,4.91
M,12Y,F,2002-09-01,4.728
M,12Y,F,2002-10-01,4.825
M,12Y,F,2002-11-01,4.815
M,12Y,F,2002-12-01,4.636
M,12Y,F,2003-01-01,4.466
M,12Y,F,2003-02-01,4.243
M,12Y,F,2003-03-01,4.293
M,12Y,F,2003-04-01,4.428
M,12Y,F,2003-05-01,4.126
M,12Y,F,2003-06-01,3.936
M,12Y,F,2003-07-01,4.244
M,12Y,F,2003-08-01,4.378
M,12Y,F,2003-09-01,4.421
M,12Y,F,2003-10-01,4.487
M,12Y,F,2003-11-01,4.592
M,12Y,F,2003-12-01,4.539
M,12Y,F,2004-01-01,4.42
M,12Y,F,2004-02-01,4.373
M,12Y,F,2004-03-01,4.207
M,12Y,F,2004-04-01,4.391
M,12Y,F,2004-05-01,4.513
M,12Y,F,2004-06-01,4.563
M,12Y,F,2004-07-01,4.457
M,12Y,F,2004-08-01,4.31
M,12Y,F,2004-09-01,4.247
M,12Y,F,2004-10-01,4.137
M,12Y,F,2004-11-01,4.011
M,12Y,F,2004-12-01,3.797
M,12Y,F,2005-01-01,3.722
M,12Y,F,2005-02-01,3.688
M,12Y,F,2005-03-01,3.866
M,12Y,F,2005-04-01,3.676
M,12Y,F,2005-05-01,3.506
M,12Y,F,2005-06-01,3.346
M,12Y,F,2005-07-01,3.39
M,12Y,F,2005-08-01,3.397
M,12Y,F,2005-09-01,3.224
M,12Y,F,2005-10-01,3.361
M,12Y,F,2005-11-01,3.546
M,12Y,F,2005-12-01,3.42
M,12Y,F,2006-01-01,3.416
M,12Y,F,2006-02-01,3.582
M,12Y,F,2006-03-01,3.751
M,12Y,F,2006-04-01,4.009
M,12Y,F,2006-05-01,4.079
M,12Y,F,2006-06-01,4.066
M,12Y,F,2006-07-01,4.092
M,12Y,F,2006-08-01,3.961
M,12Y,F,2006-09-01,3.831
M,12Y,F,2006-10-01,3.869
M,12Y,F,2006-11-01,3.79
M,12Y,F,2006-12-01,3.851
M,12Y,F,2007-01-01,4.108
M,12Y,F,2007-02-01,4.138
M,12Y,F,2007-03-01,4.041
M,12Y,F,2007-04-01,4.258
M,12Y,F,2007-05-01,4.369
M,12Y,F,2007-06-01,4.67
M,12Y,F,2007-07-01,4.643
M,12Y,F,2007-08-01,4.511
M,12Y,F,2007-09-01,4.492
M,12Y,F,2007-10-01,4.529
M,12Y,F,2007-11-01,4.435
M,12Y,F,2007-12-01,4.592
M,12Y,F,2008-01-01,4.446
M,12Y,F,2008-02-01,4.41
M,12Y,F,2008-03-01,4.436
M,12Y,F,2008-04-01,4.524
M,12Y,F,2008-05-01,4.64
M,12Y,F,2008-06-01,4.93
M,12Y,F,2008-07-01,4.941
M,12Y,F,2008-08-01,4.719
M,12Y,F,2008-09-01,4.713
M,12Y,F,2008-10-01,4.613
M,12Y,F,2008-11-01,4.498
M,12Y,F,2008-12-01,3.99
M,12Y,F,2009-01-01,4.31
M,12Y,F,2009-02-01,4.373
M,12Y,F,2009-03-01,4.179
M,12Y,F,2009-04-01,4.107
M,12Y,F,2009-05-01,4.243
M,12Y,F,2009-06-01,4.331
M,12Y,F,2009-07-01,4.152
M,12Y,F,2009-08-01,4.027
M,12Y,F,2009-09-01,4.04
M,12Y,F,2009-10-01,4.03
M,12Y,F,2009-11-01,4.028
M,12Y,F,2009-12-01,3.984
M,12Y,F,2010-01-01,4.0
M,12Y,F,2010-02-01,3.879
M,12Y,F,2010-03-01,3.782
M,12Y,F,2010-04-01,3.706
M,12Y,F,2010-05-01,3.473
M,12Y,F,2010-06-01,3.61
M,12Y,F,2010-07-01,3.469
M,12Y,F,2010-08-01,3.172
M,12Y,F,2010-09-01,3.3
M,12Y,F,2010-10-01,3.421
M,12Y,F,2010-11-01,3.69
M,12Y,F,2010-12-01,4.155
M,12Y,F,2011-01-01,4.263
M,12Y,F,2011-02-01,4.286
M,12Y,F,2011-03-01,4.297
M,12Y,F,2011-04-01,4.405
M,12Y,F,2011-05-01,4.35
M,12Y,F,2011-06-01,4.276
M,12Y,F,2011-07-01,4.376
M,12Y,F,2011-08-01,4.268
M,12Y,F,2011-09-01,4.049
M,12Y,F,2011-10-01,4.365
M,12Y,F,2011-11-01,5.012
M,12Y,F,2011-12-01,4.492
M,12Y,F,2012-01-01,4.309
M,12Y,F,2012-02-01,3.839
M,12Y,F,2012-03-01,3.704
M,12Y,F,2012-04-01,3.707
M,12Y,F,2012-05-01,3.498
M,12Y,F,2012-06-01,3.377
M,12Y,F,2012-07-01,2.949
M,12Y,F,2012-08-01,2.785
M,12Y,F,2012-09-01,2.874
M,12Y,F,2012-10-01,2.71
M,12Y,F,2012-11-01,2.605
M,12Y,F,2012-12-01,2.457
M,12Y,F,2013-01-01,2.618
M,12Y,F,2013-02-01,2.722
M,12Y,F,2013-03-01,2.553
M,12Y,F,2013-04-01,2.355
M,12Y,F,2013-05-01,2.385
M,12Y,F,2013-06-01,2.797
M,12Y,F,2013-07-01,2.92
M,12Y,F,2013-08-01,3.019
M,12Y,F,2013-09-01,3.14
M,12Y,F,2013-10-01,2.967
M,12Y,F,2013-11-01,2.856
M,12Y,F,2013-12-01,2.882
M,12Y,F,2014-01-01,2.846
M,12Y,F,2014-02-01,2.668
M,12Y,F,2014-03-01,2.549
M,12Y,F,2014-04-01,2.447
M,12Y,F,2014-05-01,2.295
M,12Y,F,2014-06-01,2.156
M,12Y,F,2014-07-01,1.946
M,12Y,F,2014-08-01,1.727
M,12Y,F,2014-09-01,1.641
M,12Y,F,2014-10-01,1.517
M,12Y,F,2014-11-01,1.416
M,12Y,F,2014-12-01,1.224
M,12Y,F,2015-01-01,0.925
M,12Y,F,2015-02-01,0.793
M,12Y,F,2015-03-01,0.621
M,12Y,F,2015-04-01,0.555
M,12Y,F,2015-05-01,1.059
M,12Y,F,2015-06-01,1.438
M,12Y,F,2015-07-01,1.415
M,12Y,F,2015-08-01,1.286
M,12Y,F,2015-09-01,1.3
M,12Y,F,2015-10-01,1.158
M,12Y,F,2015-11-01,1.177
M,12Y,F,2015-12-01,1.245
M,12Y,F,2016-01-01,1.179
M,12Y,F,2016-02-01,0.929
M,12Y,F,2016-03-01,0.832
M,12Y,F,2016-04-01,0.794
M,12Y,F,2016-05-01,0.79
M,12Y,F,2016-06-01,0.632
M,12Y,F,2016-07-01,0.396
M,12Y,F,2016-08-01,0.357
M,12Y,F,2016-09-01,0.415
M,12Y,F,2016-10-01,0.519
M,12Y,F,2016-11-01,0.852
M,12Y,F,2016-12-01,0.906
M,12Y,F,2017-01-01,1.022
M,12Y,F,2017-02-01,1.047
M,12Y,F,2017-03-01,1.04
M,12Y,F,2017-04-01,0.957
M,12Y,F,2017-05-01,0.955
M,12Y,F,2017-06-01,0.81
M,12Y,F,2017-07-01,1.02
M,12Y,F,2017-08-01,0.909
M,12Y,F,2017-09-01,0.905
M,12Y,F,2017-10-01,0.905
M,12Y,F,2017-11-01,0.799
M,12Y,F,2017-12-01,0.743
M,12Y,F,2018-01-01,0.925
M,12Y,F,2018-02-01,1.082
M,12Y,F,2018-03-01,0.978
M,12Y,F,2018-04-01,0.926
M,12Y,F,2018-05-01,0.956
M,12Y,F,2018-06-01,0.934
M,12Y,F,2018-07-01,0.867
M,12Y,F,2018-08-01,0.92
M,12Y,F,2018-09-01,0.972
M,12Y,F,2018-10-01,1.066
M,12Y,F,2018-11-01,1.044
M,12Y,F,2018-12-01,0.985
M,12Y,F,2019-01-01,0.968
M,12Y,F,2019-02-01,0.862
M,12Y,F,2019-03-01,0.716
M,12Y,F,2019-04-01,0.654
M,12Y,F,2019-05-01,0.596
M,12Y,F,2019-06-01,0.312
M,12Y,F,2019-07-01,0.157
M,12Y,F,2019-08-01,-0.141
M,12Y,F,2019-09-01,-0.097
M,12Y,F,2019-10-01,-0.017
M,12Y,F,2019-11-01,0.108
M,12Y,F,2019-12-01,0.156
M,12Y,F,2020-01-01,0.138
M,12Y,F,2020-02-01,-0.024
M,12Y,F,2020-03-01,0.085
M,12Y,F,2020-04-01,0.242
M,12Y,F,2020-05-01,0.171
M,12Y,F,2020-06-01,0.085
M,12Y,F,2020-07-01,-0.037
M,12Y,F,2020-08-01,-0.069
M,12Y,F,2020-09-01,-0.105
M,12Y,F,2020-10-01,-0.2
M,12Y,F,2020-11-01,-0.232
M,12Y,F,2020-12-01,-0.234
M,12Y,F,2021-01-01,-0.195
M,12Y,F,2021-02-01,-0.002
M,12Y,F,2021-03-01,0.097
M,12Y,F,2021-04-01,0.166
M,12Y,F,2021-05-01,0.308
M,12Y,F,2021-06-01,0.255
M,12Y,F,2021-07-01,0.107
M,12Y,F,2021-08-01,0.008
M,12Y,F,2021-09-01,0.16
M,12Y,F,2021-10-01,0.319
M,12Y,F,2021-11-01,0.235
M,12Y,F,2021-12-01,0.189
M,12Y,F,2022-01-01,0.44
M,12Y,F,2022-02-01,0.76
M,12Y,F,2022-03-01,0.94
M,12Y,F,2022-04-01,1.42
M,12Y,F,2022-05-01,1.74
M,12Y,F,2022-06-01,2.3
M,12Y,F,2022-07-01,2.0
M,12Y,F,2022-08-01,1.91
M,12Y,F,2022-09-01,2.63
M,12Y,F,2022-10-01,3.03
M,12Y,F,2022-11-01,2.81
M,12Y,F,2022-12-01,2.85
M,12Y,F,2023-01-01,2.97
M,12Y,F,2023-02-01,3.14
M,12Y,F,2023-03-01,3.18
M,12Y,F,2023-04-01,3.18
M,12Y,F,2023-05-01,3.18
M,12Y,F,2023-06-01,3.17
M,12Y,F,2023-07-01,3.25
M,12Y,F,2023-08-01,3.35
M,12Y,F,2023-09-01,3.46
M,12Y,F,2023-10-01,3.69
M,12Y,F,2023-11-01,3.4
M,12Y,F,2023-12-01,2.87
M,12Y,F,2024-01-01,2.95
M,12Y,F,2024-02-01,3.03
M,12Y,F,2024-03-01,2.99
M,12Y,F,2024-04-01,3.1
M,12Y,F,2024-05-01,3.15
M,12Y,F,2024-06-01,3.21
M,12Y,F,2024-07-01,3.16
M,12Y,F,2024-08-01,2.96
M,12Y,F,2024-09-01,2.93
M,12Y,F,2024-10-01,2.99
M,12Y,F,2024-11-01,3.05
M,12Y,F,2024-12-01,2.93
M,12Y,F,2025-01-01,3.25
M,12Y,F,2025-02-01,3.13
M,12Y,F,2025-03-01,3.46
M,12Y,F,2025-04-01,3.32
M,12Y,F,2025-05-01,3.32
M,12Y,F,2025-06-01,3.28
M,12Y,F,2025-07-01,3.42
M,12Y,F,2025-08-01,3.46
M,12Y,F,2025-09-01,3.5
M,12Y,F,2025-10-01,3.42
M,12Y,F,2025-11-01,3.45
M,12Y,F,2025-12-01,3.57
M,12Y,F,2026-01-01,3.56
M,12Y,F,2026-02-01,3.46
M,12Y,F,2026-03-01,3.66
M,12Y,F,2026-04-01,3.75
M,12Y,F,2026-05-01,3.77
M,12Y,F,2026-06-01,3.69
M,12Y,F,2026-07-01,3.81
M,12Y,F,2026-08-01,3.93
M,12Y,F,2026-09-01,4.28
M,6Y,F,2000-01-01,5.4
M,6Y,F,2000-02-01,5.435
M,6Y,F,2000-03-01,5.303
M,6Y,F,2000-04-01,5.237
M,6Y,F,2000-05-01,5.514
M,6Y,F,2000-06-01,5.381
M,6Y,F,2000-07-01,5.471
M,6Y,F,2000-08-01,5.474
M,6Y,F,2000-09-01,5.491
M,6Y,F,2000-10-01,5.415
M,6Y,F,2000-11-01,5.366
M,6Y,F,2000-12-01,5.048
M,6Y,F,2001-01-01,4.878
M,6Y,F,2001-02-01,4.871
M,6Y,F,2001-03-01,4.765
M,6Y,F,2001-04-01,4.874
M,6Y,F,2001-05-01,5.028
M,6Y,F,2001-06-01,4.938
M,6Y,F,2001-07-01,4.946
M,6Y,F,2001-08-01,4.753
M,6Y,F,2001-09-01,4.614
M,6Y,F,2001-10-01,4.378
M,6Y,F,2001-11-01,4.295
M,6Y,F,2001-12-01,4.577
M,6Y,F,2002-01-01,4.72
M,6Y,F,2002-02-01,4.818
M,6Y,F,2002-03-01,5.065
M,6Y,F,2002-04-01,5.057
M,6Y,F,2002-05-01,5.067
M,6Y,F,2002-06-01,4.9
M,6Y,F,2002-07-01,4.712
M,6Y,F,2002-08-01,4.42
M,6Y,F,2002-09-01,4.151
M,6Y,F,2002-10-01,4.176
M,6Y,F,2002-11-01,4.13
M,6Y,F,2002-12-01,3.934
M,6Y,F,2003-01-01,3.709
M,6Y,F,2003-02-01,3.458
M,6Y,F,2003-03-01,3.503
M,6Y,F,2003-04-01,3.637
M,6Y,F,2003-05-01,3.295
M,6Y,F,2003-06-01,3.044
M,6Y,F,2003-07-01,3.39
M,6Y,F,2003-08-01,3.689
M,6Y,F,2003-09-01,3.684
M,6Y,F,2003-10-01,3.77
M,6Y,F,2003-11-01,3.924
M,6Y,F,2003-12-01,3.862
M,6Y,F,2004-01-01,3.674
M,6Y,F,2004-02-01,3.585
M,6Y,F,2004-03-01,3.379
M,6Y,F,2004-04-01,3.614
M,6Y,F,2004-05-01,3.783
M,6Y,F,2004-06-01,3.889
M,6Y,F,2004-07-01,3.775
M,6Y,F,2004-08-01,3.617
M,6Y,F,2004-09-01,3.58
M,6Y,F,2004-10-01,3.437
M,6Y,F,2004-11-01,3.32
M,6Y,F,2004-12-01,3.157
M,6Y,F,2005-01-01,3.137
M,6Y,F,2005-02-01,3.152
M,6Y,F,2005-03-01,3.283
M,6Y,F,2005-04-01,3.08
M,6Y,F,2005-05-01,2.91
M,6Y,F,2005-06-01,2.745
M,6Y,F,2005-07-01,2.796
M,6Y,F,2005-08-01,2.843
M,6Y,F,2005-09-01,2.721
M,6Y,F,2005-10-01,2.942
M,6Y,F,2005-11-01,3.199
M,6Y,F,2005-12-01,3.138
M,6Y,F,2006-01-01,3.147
M,6Y,F,2006-02-01,3.297
M,6Y,F,2006-03-01,3.508
M,6Y,F,2006-04-01,3.756
M,6Y,F,2006-05-01,3.799
M,6Y,F,2006-06-01,3.811
M,6Y,F,2006-07-01,3.864
M,6Y,F,2006-08-01,3.753
M,6Y,F,2006-09-01,3.67
M,6Y,F,2006-10-01,3.734
M,6Y,F,2006-11-01,3.692
M,6Y,F,2006-12-01,3.776
M,6Y,F,2007-01-01,3.99
M,6Y,F,2007-02-01,4.017
M,6Y,F,2007-03-01,3.928
M,6Y,F,2007-04-01,4.151
M,6Y,F,2007-05-01,4.286
M,6Y,F,2007-06-01,4.565
M,6Y,F,2007-07-01,4.546
M,6Y,F,2007-08-01,4.305
M,6Y,F,2007-09-01,4.23
M,6Y,F,2007-10-01,4.252
M,6Y,F,2007-11-01,4.053
M,6Y,F,2007-12-01,4.187
M,6Y,F,2008-01-01,3.935
M,6Y,F,2008-02-01,3.737
M,6Y,F,2008-03-01,3.734
M,6Y,F,2008-04-01,4.081
M,6Y,F,2008-05-01,4.277
M,6Y,F,2008-06-01,4.72
M,6Y,F,2008-07-01,4.704
M,6Y,F,2008-08-01,4.35
M,6Y,F,2008-09-01,4.325
M,6Y,F,2008-10-01,4.098
M,6Y,F,2008-11-01,3.687
M,6Y,F,2008-12-01,3.59
M,6Y,F,2009-01-01,3.63
M,6Y,F,2009-02-01,3.564
M,6Y,F,2009-03-01,3.505
M,6Y,F,2009-04-01,3.353
M,6Y,F,2009-05-01,3.303
M,6Y,F,2009-06-01,3.473
M,6Y,F,2009-07-01,3.197
M,6Y,F,2009-08-01,3.1
M,6Y,F,2009-09-01,2.993
M,6Y,F,2009-10-01,2.952
M,6Y,F,2009-11-01,2.923
M,6Y,F,2009-12-01,2.87
M,6Y,F,2010-01-01,2.919
M,6Y,F,2010-02-01,2.827
M,6Y,F,2010-03-01,2.743
M,6Y,F,2010-04-01,2.716
M,6Y,F,2010-05-01,2.505
M,6Y,F,2010-06-01,2.75
M,6Y,F,2010-07-01,2.581
M,6Y,F,2010-08-01,2.314
M,6Y,F,2010-09-01,2.445
M,6Y,F,2010-10-01,2.549
M,6Y,F,2010-11-01,2.829
M,6Y,F,2010-12-01,3.432
M,6Y,F,2011-01-01,3.626
M,6Y,F,2011-02-01,3.655
M,6Y,F,2011-03-01,3.662
M,6Y,F,2011-04-01,3.832
M,6Y,F,2011-05-01,3.757
M,6Y,F,2011-06-01,3.682
M,6Y,F,2011-07-01,3.779
M,6Y,F,2011-08-01,3.634
M,6Y,F,2011-09-01,3.489
M,6Y,F,2011-10-01,3.83
M,6Y,F,2011-11-01,4.53
M,6Y,F,2011-12-01,3.899
M,6Y,F,2012-01-01,3.515
M,6Y,F,2012-02-01,2.776
M,6Y,F,2012-03-01,2.624
M,6Y,F,2012-04-01,2.666
M,6Y,F,2012-05-01,2.441
M,6Y,F,2012-06-01,2.378
M,6Y,F,2012-07-01,1.822
M,6Y,F,2012-08-01,1.676
M,6Y,F,2012-09-01,1.711
M,6Y,F,2012-10-01,1.565
M,6Y,F,2012-11-01,1.432
M,6Y,F,2012-12-01,1.219
M,6Y,F,2013-01-01,1.346
M,6Y,F,2013-02-01,1.407
M,6Y,F,2013-03-01,1.235
M,6Y,F,2013-04-01,1.09
M,6Y,F,2013-05-01,1.124
M,6Y,F,2013-06-01,1.556
M,6Y,F,2013-07-01,1.594
M,6Y,F,2013-08-01,1.733
M,6Y,F,2013-09-01,1.821
M,6Y,F,2013-10-01,1.649
M,6Y,F,2013-11-01,1.458
M,6Y,F,2013-12-01,1.507
M,6Y,F,2014-01-01,1.501
M,6Y,F,2014-02-01,1.342
M,6Y,F,2014-03-01,1.249
M,6Y,F,2014-04-01,1.166
M,6Y,F,2014-05-01,1.028
M,6Y,F,2014-06-01,0.874
M,6Y,F,2014-07-01,0.705
M,6Y,F,2014-08-01,0.568
M,6Y,F,2014-09-01,0.505
M,6Y,F,2014-10-01,0.45
M,6Y,F,2014-11-01,0.382
M,6Y,F,2014-12-01,0.324
M,6Y,F,2015-01-01,0.163
M,6Y,F,2015-02-01,0.096
M,6Y,F,2015-03-01,0.04
M,6Y,F,2015-04-01,0.02
M,6Y,F,2015-05-01,0.278
M,6Y,F,2015-06-01,0.49
M,6Y,F,2015-07-01,0.425
M,6Y,F,2015-08-01,0.325
M,6Y,F,2015-09-01,0.326
M,6Y,F,2015-10-01,0.223
M,6Y,F,2015-11-01,0.181
M,6Y,F,2015-12-01,0.217
M,6Y,F,2016-01-01,0.165
M,6Y,F,2016-02-01,-0.033
M,6Y,F,2016-03-01,-0.094
M,6Y,F,2016-04-01,-0.103
M,6Y,F,2016-05-01,-0.11
M,6Y,F,2016-06-01,-0.187
M,6Y,F,2016-07-01,-0.376
M,6Y,F,2016-08-01,-0.396
M,6Y,F,2016-09-01,-0.377
M,6Y,F,2016-10-01,-0.318
M,6Y,F,2016-11-01,-0.122
M,6Y,F,2016-12-01,-0.11
M,6Y,F,2017-01-01,-0.034
M,6Y,F,2017-02-01,-0.02
M,6Y,F,2017-03-01,0.029
M,6Y,F,2017-04-01,-0.036
M,6Y,F,2017-05-01,-0.015
M,6Y,F,2017-06-01,-0.088
M,6Y,F,2017-07-01,0.117
M,6Y,F,2017-08-01,0.015
M,6Y,F,2017-09-01,-0.012
M,6Y,F,2017-10-01,0.016
M,6Y,F,2017-11-01,-0.047
M,6Y,F,2017-12-01,-0.042
M,6Y,F,2018-01-01,0.159
M,6Y,F,2018-02-01,0.33
M,6Y,F,2018-03-01,0.248
M,6Y,F,2018-04-01,0.216
M,6Y,F,2018-05-01,0.225
M,6Y,F,2018-06-01,0.155
M,6Y,F,2018-07-01,0.084
M,6Y,F,2018-08-01,0.13
M,6Y,F,2018-09-01,0.211
M,6Y,F,2018-10-01,0.285
M,6Y,F,2018-11-01,0.246
M,6Y,F,2018-12-01,0.211
M,6Y,F,2019-01-01,0.156
M,6Y,F,2019-02-01,0.058
M,6Y,F,2019-03-01,-0.031
M,6Y,F,2019-04-01,-0.084
M,6Y,F,2019-05-01,-0.127
M,6Y,F,2019-06-01,-0.301
M,6Y,F,2019-07-01,-0.4
M,6Y,F,2019-08-01,-0.589
M,6Y,F,2019-09-01,-0.523
M,6Y,F,2019-10-01,-0.421
M,6Y,F,2019-11-01,-0.314
M,6Y,F,2019-12-01,-0.293
M,6Y,F,2020-01-01,-0.307
M,6Y,F,2020-02-01,-0.422
M,6Y,F,2020-03-01,-0.264
M,6Y,F,2020-04-01,-0.143
M,6Y,F,2020-05-01,-0.256
M,6Y,F,2020-06-01,-0.336
M,6Y,F,2020-07-01,-0.442
M,6Y,F,2020-08-01,-0.476
M,6Y,F,2020-09-01,-0.525
M,6Y,F,2020-10-01,-0.587
M,6Y,F,2020-11-01,-0.601
M,6Y,F,2020-12-01,-0.618
M,6Y,F,2021-01-01,-0.584
M,6Y,F,2021-02-01,-0.472
M,6Y,F,2021-03-01,-0.445
M,6Y,F,2021-04-01,-0.404
M,6Y,F,2021-05-01,-0.312
M,6Y,F,2021-06-01,-0.346
M,6Y,F,2021-07-01,-0.461
M,6Y,F,2021-08-01,-0.538
M,6Y,F,2021-09-01,-0.432
M,6Y,F,2021-10-01,-0.284
M,6Y,F,2021-11-01,-0.356
M,6Y,F,2021-12-01,-0.382
M,6Y,F,2022-01-01,-0.16
M,6Y,F,2022-02-01,0.22
M,6Y,F,2022-03-01,0.32
M,6Y,F,2022-04-01,0.84
M,6Y,F,2022-05-01,1.04
M,6Y,F,2022-06-01,1.63
M,6Y,F,2022-07-01,1.22
M,6Y,F,2022-08-01,1.22
M,6Y,F,2022-09-01,2.04
M,6Y,F,2022-10-01,2.45
M,6Y,F,2022-11-01,2.38
M,6Y,F,2022-12-01,2.42
M,6Y,F,2023-01-01,2.54
M,6Y,F,2023-02-01,2.72
M,6Y,F,2023-03-01,2.78
M,6Y,F,2023-04-01,2.74
M,6Y,F,2023-05-01,2.68
M,6Y,F,2023-06-01,2.78
M,6Y,F,2023-07-01,2.9
M,6Y,F,2023-08-01,2.94
M,6Y,F,2023-09-01,3.06
M,6Y,F,2023-10-01,3.2
M,6Y,F,2023-11-01,2.94
M,6Y,F,2023-12-01,2.43
M,6Y,F,2024-01-01,2.51
M,6Y,F,2024-02-01,2.65
M,6Y,F,2024-03-01,2.66
M,6Y,F,2024-04-01,2.76
M,6Y,F,2024-05-01,2.85
M,6Y,F,2024-06-01,2.88
M,6Y,F,2024-07-01,2.8
M,6Y,F,2024-08-01,2.55
M,6Y,F,2024-09-01,2.49
M,6Y,F,2024-10-01,2.53
M,6Y,F,2024-11-01,2.61
M,6Y,F,2024-12-01,2.46
M,6Y,F,2025-01-01,2.76
M,6Y,F,2025-02-01,2.6
M,6Y,F,2025-03-01,2.83
M,6Y,F,2025-04-01,2.58
M,6Y,F,2025-05-01,2.6
M,6Y,F,2025-06-01,2.59
M,6Y,F,2025-07-01,2.68
M,6Y,F,2025-08-01,2.73
M,6Y,F,2025-09-01,2.76
M,6Y,F,2025-10-01,2.71
M,6Y,F,2025-11-01,2.73
M,6Y,F,2025-12-01,2.86
M,6Y,F,2026-01-01,2.83
M,6Y,F,2026-02-01,2.71
M,6Y,F,2026-03-01,3.0
M,6Y,F,2026-04-01,3.09
M,6Y,F,2026-05-01,3.13
M,6Y,F,2026-06-01,3.06
M,6Y,F,2026-07-01,3.2
M,6Y,F,2026-08-01,3.31
M,6Y,F,2026-09-01,3.7
M,24Y,F,2000-01-01,6.288
M,24Y,F,2000-02-01,6.08
M,24Y,F,2000-03-01,5.898
M,24Y,F,2000-04-01,5.81
M,24Y,F,2000-05-01,5.899
M,24Y,F,2000-06-01,5.774
M,24Y,F,2000-07-01,5.824
M,24Y,F,2000-08-01,5.737
M,24Y,F,2000-09-01,5.886
M,24Y,F,2000-10-01,5.914
M,24Y,F,2000-11-01,5.896
M,24Y,F,2000-12-01,5.758
M,24Y,F,2001-01-01,5.675
M,24Y,F,2001-02-01,5.651
M,24Y,F,2001-03-01,5.636
M,24Y,F,2001-04-01,5.775
M,24Y,F,2001-05-01,5.906
M,24Y,F,2001-06-01,5.867
M,24Y,F,2001-07-01,5.852
M,24Y,F,2001-08-01,5.69
M,24Y,F,2001-09-01,5.79
M,24Y,F,2001-10-01,5.524
M,24Y,F,2001-11-01,5.262
M,24Y,F,2001-12-01,5.373
M,24Y,F,2002-01-01,5.433
M,24Y,F,2002-02-01,5.497
M,24Y,F,2002-03-01,5.696
M,24Y,F,2002-04-01,5.72
M,24Y,F,2002-05-01,5.693
M,24Y,F,2002-06-01,5.558
M,24Y,F,2002-07-01,5.417
M,24Y,F,2002-08-01,5.201
M,24Y,F,2002-09-01,5.061
M,24Y,F,2002-10-01,5.184
M,24Y,F,2002-11-01,5.193
M,24Y,F,2002-12-01,5.03
M,24Y,F,2003-01-01,4.878
M,24Y,F,2003-02-01,4.769
M,24Y,F,2003-03-01,4.826
M,24Y,F,2003-04-01,4.931
M,24Y,F,2003-05-01,4.688
M,24Y,F,2003-06-01,4.557
M,24Y,F,2003-07-01,4.839
M,24Y,F,2003-08-01,4.876
M,24Y,F,2003-09-01,4.938
M,24Y,F,2003-10-01,4.984
M,24Y,F,2003-11-01,5.052
M,24Y,F,2003-12-01,4.997
M,24Y,F,2004-01-01,4.915
M,24Y,F,2004-02-01,4.892
M,24Y,F,2004-03-01,4.741
M,24Y,F,2004-04-01,4.871
M,24Y,F,2004-05-01,4.985
M,24Y,F,2004-06-01,4.992
M,24Y,F,2004-07-01,4.884
M,24Y,F,2004-08-01,4.747
M,24Y,F,2004-09-01,4.677
M,24Y,F,2004-10-01,4.586
M,24Y,F,2004-11-01,4.453
M,24Y,F,2004-12-01,4.227
M,24Y,F,2005-01-01,4.113
M,24Y,F,2005-02-01,4.008
M,24Y,F,2005-03-01,4.193
M,24Y,F,2005-04-01,4.04
M,24Y,F,2005-05-01,3.85
M,24Y,F,2005-06-01,3.701
M,24Y,F,2005-07-01,3.747
M,24Y,F,2005-08-01,3.717
M,24Y,F,2005-09-01,3.549
M,24Y,F,2005-10-01,3.646
M,24Y,F,2005-11-01,3.786
M,24Y,F,2005-12-01,3.637
M,24Y,F,2006-01-01,3.6
M,24Y,F,2006-02-01,3.768
M,24Y,F,2006-03-01,3.926
M,24Y,F,2006-04-01,4.227
M,24Y,F,2006-05-01,4.307
M,24Y,F,2006-06-01,4.301
M,24Y,F,2006-07-01,4.316
M,24Y,F,2006-08-01,4.169
M,24Y,F,2006-09-01,4.007
M,24Y,F,2006-10-01,4.001
M,24Y,F,2006-11-01,3.9
M,24Y,F,2006-12-01,3.967
M,24Y,F,2007-01-01,4.2
M,24Y,F,2007-02-01,4.235
M,24Y,F,2007-03-01,4.176
M,24Y,F,2007-04-01,4.402
M,24Y,F,2007-05-01,4.494
M,24Y,F,2007-06-01,4.785
M,24Y,F,2007-07-01,4.739
M,24Y,F,2007-08-01,4.618
M,24Y,F,2007-09-01,4.642
M,24Y,F,2007-10-01,4.653
M,24Y,F,2007-11-01,4.595
M,24Y,F,2007-12-01,4.728
M,24Y,F,2008-01-01,4.651
M,24Y,F,2008-02-01,4.648
M,24Y,F,2008-03-01,4.697
M,24Y,F,2008-04-01,4.79
M,24Y,F,2008-05-01,4.885
M,24Y,F,2008-06-01,5.024
M,24Y,F,2008-07-01,5.054
M,24Y,F,2008-08-01,4.874
M,24Y,F,2008-09-01,4.923
M,24Y,F,2008-10-01,4.716
M,24Y,F,2008-11-01,4.622
M,24Y,F,2008-12-01,4.109
M,24Y,F,2009-01-01,4.548
M,24Y,F,2009-02-01,4.611
M,24Y,F,2009-03-01,4.692
M,24Y,F,2009-04-01,4.558
M,24Y,F,2009-05-01,4.647
M,24Y,F,2009-06-01,4.711
M,24Y,F,2009-07-01,4.524
M,24Y,F,2009-08-01,4.33
M,24Y,F,2009-09-01,4.421
M,24Y,F,2009-10-01,4.411
M,24Y,F,2009-11-01,4.424
M,24Y,F,2009-12-01,4.384
M,24Y,F,2010-01-01,4.406
M,24Y,F,2010-02-01,4.321
M,24Y,F,2010-03-01,4.233
M,24Y,F,2010-04-01,4.175
M,24Y,F,2010-05-01,4.068
M,24Y,F,2010-06-01,4.111
M,24Y,F,2010-07-01,3.975
M,24Y,F,2010-08-01,3.603
M,24Y,F,2010-09-01,3.62
M,24Y,F,2010-10-01,3.698
M,24Y,F,2010-11-01,3.87
M,24Y,F,2010-12-01,4.399
M,24Y,F,2011-01-01,4.571
M,24Y,F,2011-02-01,4.641
M,24Y,F,2011-03-01,4.609
M,24Y,F,2011-04-01,4.718
M,24Y,F,2011-05-01,4.682
M,24Y,F,2011-06-01,4.668
M,24Y,F,2011-07-01,4.667
M,24Y,F,2011-08-01,4.557
M,24Y,F,2011-09-01,4.354
M,24Y,F,2011-10-01,4.623
M,24Y,F,2011-11-01,5.134
M,24Y,F,2011-12-01,4.492
M,24Y,F,2012-01-01,4.372
M,24Y,F,2012-02-01,4.096
M,24Y,F,2012-03-01,3.94
M,24Y,F,2012-04-01,3.939
M,24Y,F,2012-05-01,3.734
M,24Y,F,2012-06-01,3.659
M,24Y,F,2012-07-01,3.514
M,24Y,F,2012-08-01,3.387
M,24Y,F,2012-09-01,3.458
M,24Y,F,2012-10-01,3.285
M,24Y,F,2012-11-01,3.215
M,24Y,F,2012-12-01,3.053
M,24Y,F,2013-01-01,3.15
M,24Y,F,2013-02-01,3.208
M,24Y,F,2013-03-01,3.114
M,24Y,F,2013-04-01,2.912
M,24Y,F,2013-05-01,2.928
M,24Y,F,2013-06-01,3.292
M,24Y,F,2013-07-01,3.373
M,24Y,F,2013-08-01,3.494
M,24Y,F,2013-09-01,3.664
M,24Y,F,2013-10-01,3.542
M,24Y,F,2013-11-01,3.395
M,24Y,F,2013-12-01,3.307
M,24Y,F,2014-01-01,3.292
M,24Y,F,2014-02-01,3.151
M,24Y,F,2014-03-01,3.079
M,24Y,F,2014-04-01,2.983
M,24Y,F,2014-05-01,2.819
M,24Y,F,2014-06-01,2.769
M,24Y,F,2014-07-01,2.56
M,24Y,F,2014-08-01,2.307
M,24Y,F,2014-09-01,2.337
M,24Y,F,2014-10-01,2.203
M,24Y,F,2014-11-01,2.098
M,24Y,F,2014-12-01,1.842
M,24Y,F,2015-01-01,1.472
M,24Y,F,2015-02-01,1.273
M,24Y,F,2015-03-01,1.049
M,24Y,F,2015-04-01,0.992
M,24Y,F,2015-05-01,1.559
M,24Y,F,2015-06-01,1.978
M,24Y,F,2015-07-01,1.994
M,24Y,F,2015-08-01,1.858
M,24Y,F,2015-09-01,1.912
M,24Y,F,2015-10-01,1.778
M,24Y,F,2015-11-01,1.833
M,24Y,F,2015-12-01,1.891
M,24Y,F,2016-01-01,1.856
M,24Y,F,2016-02-01,1.52
M,24Y,F,2016-03-01,1.51
M,24Y,F,2016-04-01,1.498
M,24Y,F,2016-05-01,1.483
M,24Y,F,2016-06-01,1.173
M,24Y,F,2016-07-01,0.881
M,24Y,F,2016-08-01,0.848
M,24Y,F,2016-09-01,0.963
M,24Y,F,2016-10-01,1.06
M,24Y,F,2016-11-01,1.332
M,24Y,F,2016-12-01,1.51
M,24Y,F,2017-01-01,1.695
M,24Y,F,2017-02-01,1.726
M,24Y,F,2017-03-01,1.637
M,24Y,F,2017-04-01,1.534
M,24Y,F,2017-05-01,1.593
M,24Y,F,2017-06-01,1.458
M,24Y,F,2017-07-01,1.646
M,24Y,F,2017-08-01,1.55
M,24Y,F,2017-09-01,1.583
M,24Y,F,2017-10-01,1.584
M,24Y,F,2017-11-01,1.483
M,24Y,F,2017-12-01,1.394
M,24Y,F,2018-01-01,1.529
M,24Y,F,2018-02-01,1.545
M,24Y,F,2018-03-01,1.485
M,24Y,F,2018-04-01,1.457
M,24Y,F,2018-05-01,1.554
M,24Y,F,2018-06-01,1.585
M,24Y,F,2018-07-01,1.541
M,24Y,F,2018-08-01,1.594
M,24Y,F,2018-09-01,1.645
M,24Y,F,2018-10-01,1.703
M,24Y,F,2018-11-01,1.732
M,24Y,F,2018-12-01,1.691
M,24Y,F,2019-01-01,1.628
M,24Y,F,2019-02-01,1.521
M,24Y,F,2019-03-01,1.402
M,24Y,F,2019-04-01,1.37
M,24Y,F,2019-05-01,1.312
M,24Y,F,2019-06-01,0.972
M,24Y,F,2019-07-01,0.809
M,24Y,F,2019-08-01,0.43
M,24Y,F,2019-09-01,0.49
M,24Y,F,2019-10-01,0.535
M,24Y,F,2019-11-01,0.659
M,24Y,F,2019-12-01,0.702
M,24Y,F,2020-01-01,0.695
M,24Y,F,2020-02-01,0.497
M,24Y,F,2020-03-01,0.535
M,24Y,F,2020-04-01,0.714
M,24Y,F,2020-05-01,0.692
M,24Y,F,2020-06-01,0.623
M,24Y,F,2020-07-01,0.482
M,24Y,F,2020-08-01,0.417
M,24Y,F,2020-09-01,0.371
M,24Y,F,2020-10-01,0.281
M,24Y,F,2020-11-01,0.251
M,24Y,F,2020-12-01,0.249
M,24Y,F,2021-01-01,0.29
M,24Y,F,2021-02-01,0.511
M,24Y,F,2021-03-01,0.641
M,24Y,F,2021-04-01,0.718
M,24Y,F,2021-05-01,0.869
M,24Y,F,2021-06-01,0.814
M,24Y,F,2021-07-01,0.648
M,24Y,F,2021-08-01,0.536
M,24Y,F,2021-09-01,0.686
M,24Y,F,2021-10-01,0.792
M,24Y,F,2021-11-01,0.689
M,24Y,F,2021-12-01,0.646
M,24Y,F,2022-01-01,0.88
M,24Y,F,2022-02-01,1.12
M,24Y,F,2022-03-01,1.33
M,24Y,F,2022-04-01,1.71
M,24Y,F,2022-05-01,2.03
M,24Y,F,2022-06-01,2.59
M,24Y,F,2022-07-01,2.46
M,24Y,F,2022-08-01,2.29
M,24Y,F,2022-09-01,2.83
M,24Y,F,2022-10-01,3.26
M,24Y,F,2022-11-01,3.02
M,24Y,F,2022-12-01,2.89
M,24Y,F,2023-01-01,3.08
M,24Y,F,2023-02-01,3.29
M,24Y,F,2023-03-01,3.42
M,24Y,F,2023-04-01,3.46
M,24Y,F,2023-05-01,3.51
M,24Y,F,2023-06-01,3.46
M,24Y,F,2023-07-01,3.46
M,24Y,F,2023-08-01,3.64
M,24Y,F,2023-09-01,3.78
M,24Y,F,2023-10-01,4.08
M,24Y,F,2023-11-01,3.81
M,24Y,F,2023-12-01,3.24
M,24Y,F,2024-01-01,3.36
M,24Y,F,2024-02-01,3.43
M,24Y,F,2024-03-01,3.36
M,24Y,F,2024-04-01,3.47
M,24Y,F,2024-05-01,3.51
M,24Y,F,2024-06-01,3.57
M,24Y,F,2024-07-01,3.56
M,24Y,F,2024-08-01,3.39
M,24Y,F,2024-09-01,3.4
M,24Y,F,2024-10-01,3.46
M,24Y,F,2024-11-01,3.45
M,24Y,F,2024-12-01,3.34
M,24Y,F,2025-01-01,3.69
M,24Y,F,2025-02-01,3.59
M,24Y,F,2025-03-01,3.97
M,24Y,F,2025-04-01,3.86
M,24Y,F,2025-05-01,3.92
M,24Y,F,2025-06-01,3.89
M,24Y,F,2025-07-01,4.07
M,24Y,F,2025-08-01,4.13
M,24Y,F,2025-09-01,4.21
M,24Y,F,2025-10-01,4.1
M,24Y,F,2025-11-01,4.12
M,24Y,F,2025-12-01,4.22
M,24Y,F,2026-01-01,4.23
M,24Y,F,2026-02-01,4.15
M,24Y,F,2026-03-01,4.23
M,24Y,F,2026-04-01,4.32
M,24Y,F,2026-05-01,4.34
M,24Y,F,2026-06-01,4.28
M,24Y,F,2026-07-01,4.41
M,24Y,F,2026-08-01,4.52
M,24Y,F,2026-09-01,4.78
M,21Y,F,2000-01-01,6.242
M,21Y,F,2000-02-01,6.05
M,21Y,F,2000-03-01,5.861
M,21Y,F,2000-04-01,5.782
M,21Y,F,2000-05-01,5.879
M,21Y,F,2000-06-01,5.753
M,21Y,F,2000-07-01,5.804
M,21Y,F,2000-08-01,5.723
M,21Y,F,2000-09-01,5.855
M,21Y,F,2000-10-01,5.87
M,21Y,F,2000-11-01,5.86
M,21Y,F,2000-12-01,5.709
M,21Y,F,2001-01-01,5.628
M,21Y,F,2001-02-01,5.626
M,21Y,F,2001-03-01,5.609
M,21Y,F,2001-04-01,5.738
M,21Y,F,2001-05-01,5.867
M,21Y,F,2001-06-01,5.818
M,21Y,F,2001-07-01,5.809
M,21Y,F,2001-08-01,5.654
M,21Y,F,2001-09-01,5.732
M,21Y,F,2001-10-01,5.46
M,21Y,F,2001-11-01,5.205
M,21Y,F,2001-12-01,5.329
M,21Y,F,2002-01-01,5.404
M,21Y,F,2002-02-01,5.475
M,21Y,F,2002-03-01,5.672
M,21Y,F,2002-04-01,5.692
M,21Y,F,2002-05-01,5.667
M,21Y,F,2002-06-01,5.544
M,21Y,F,2002-07-01,5.41
M,21Y,F,2002-08-01,5.185
M,21Y,F,2002-09-01,5.04
M,21Y,F,2002-10-01,5.174
M,21Y,F,2002-11-01,5.175
M,21Y,F,2002-12-01,4.99
M,21Y,F,2003-01-01,4.833
M,21Y,F,2003-02-01,4.736
M,21Y,F,2003-03-01,4.779
M,21Y,F,2003-04-01,4.891
M,21Y,F,2003-05-01,4.644
M,21Y,F,2003-06-01,4.508
M,21Y,F,2003-07-01,4.786
M,21Y,F,2003-08-01,4.836
M,21Y,F,2003-09-01,4.893
M,21Y,F,2003-10-01,4.937
M,21Y,F,2003-11-01,4.998
M,21Y,F,2003-12-01,4.939
M,21Y,F,2004-01-01,4.862
M,21Y,F,2004-02-01,4.847
M,21Y,F,2004-03-01,4.695
M,21Y,F,2004-04-01,4.832
M,21Y,F,2004-05-01,4.933
M,21Y,F,2004-06-01,4.922
M,21Y,F,2004-07-01,4.81
M,21Y,F,2004-08-01,4.671
M,21Y,F,2004-09-01,4.601
M,21Y,F,2004-10-01,4.507
M,21Y,F,2004-11-01,4.374
M,21Y,F,2004-12-01,4.144
M,21Y,F,2005-01-01,4.043
M,21Y,F,2005-02-01,3.949
M,21Y,F,2005-03-01,4.129
M,21Y,F,2005-04-01,3.964
M,21Y,F,2005-05-01,3.776
M,21Y,F,2005-06-01,3.631
M,21Y,F,2005-07-01,3.682
M,21Y,F,2005-08-01,3.654
M,21Y,F,2005-09-01,3.48
M,21Y,F,2005-10-01,3.577
M,21Y,F,2005-11-01,3.723
M,21Y,F,2005-12-01,3.569
M,21Y,F,2006-01-01,3.56
M,21Y,F,2006-02-01,3.744
M,21Y,F,2006-03-01,3.901
M,21Y,F,2006-04-01,4.192
M,21Y,F,2006-05-01,4.268
M,21Y,F,2006-06-01,4.26
M,21Y,F,2006-07-01,4.278
M,21Y,F,2006-08-01,4.134
M,21Y,F,2006-09-01,3.976
M,21Y,F,2006-10-01,3.976
M,21Y,F,2006-11-01,3.88
M,21Y,F,2006-12-01,3.949
M,21Y,F,2007-01-01,4.183
M,21Y,F,2007-02-01,4.217
M,21Y,F,2007-03-01,4.153
M,21Y,F,2007-04-01,4.381
M,21Y,F,2007-05-01,4.474
M,21Y,F,2007-06-01,4.766
M,21Y,F,2007-07-01,4.719
M,21Y,F,2007-08-01,4.605
M,21Y,F,2007-09-01,4.622
M,21Y,F,2007-10-01,4.632
M,21Y,F,2007-11-01,4.57
M,21Y,F,2007-12-01,4.703
M,21Y,F,2008-01-01,4.616
M,21Y,F,2008-02-01,4.603
M,21Y,F,2008-03-01,4.651
M,21Y,F,2008-04-01,4.752
M,21Y,F,2008-05-01,4.855
M,21Y,F,2008-06-01,5.022
M,21Y,F,2008-07-01,5.058
M,21Y,F,2008-08-01,4.87
M,21Y,F,2008-09-01,4.914
M,21Y,F,2008-10-01,4.748
M,21Y,F,2008-11-01,4.637
M,21Y,F,2008-12-01,4.103
M,21Y,F,2009-01-01,4.519
M,21Y,F,2009-02-01,4.592
M,21Y,F,2009-03-01,4.665
M,21Y,F,2009-04-01,4.519
M,21Y,F,2009-05-01,4.572
M,21Y,F,2009-06-01,4.666
M,21Y,F,2009-07-01,4.483
M,21Y,F,2009-08-01,4.274
M,21Y,F,2009-09-01,4.362
M,21Y,F,2009-10-01,4.372
M,21Y,F,2009-11-01,4.376
M,21Y,F,2009-12-01,4.344
M,21Y,F,2010-01-01,4.359
M,21Y,F,2010-02-01,4.274
M,21Y,F,2010-03-01,4.163
M,21Y,F,2010-04-01,4.097
M,21Y,F,2010-05-01,3.99
M,21Y,F,2010-06-01,4.037
M,21Y,F,2010-07-01,3.884
M,21Y,F,2010-08-01,3.515
M,21Y,F,2010-09-01,3.545
M,21Y,F,2010-10-01,3.635
M,21Y,F,2010-11-01,3.834
M,21Y,F,2010-12-01,4.365
M,21Y,F,2011-01-01,4.537
M,21Y,F,2011-02-01,4.604
M,21Y,F,2011-03-01,4.579
M,21Y,F,2011-04-01,4.676
M,21Y,F,2011-05-01,4.653
M,21Y,F,2011-06-01,4.622
M,21Y,F,2011-07-01,4.608
M,21Y,F,2011-08-01,4.5
M,21Y,F,2011-09-01,4.291
M,21Y,F,2011-10-01,4.568
M,21Y,F,2011-11-01,5.107
M,21Y,F,2011-12-01,4.482
M,21Y,F,2012-01-01,4.35
M,21Y,F,2012-02-01,4.06
M,21Y,F,2012-03-01,3.896
M,21Y,F,2012-04-01,3.933
M,21Y,F,2012-05-01,3.73
M,21Y,F,2012-06-01,3.649
M,21Y,F,2012-07-01,3.475
M,21Y,F,2012-08-01,3.339
M,21Y,F,2012-09-01,3.406
M,21Y,F,2012-10-01,3.224
M,21Y,F,2012-11-01,3.14
M,21Y,F,2012-12-01,2.961
M,21Y,F,2013-01-01,3.068
M,21Y,F,2013-02-01,3.134
M,21Y,F,2013-03-01,3.026
M,21Y,F,2013-04-01,2.816
M,21Y,F,2013-05-01,2.837
M,21Y,F,2013-06-01,3.206
M,21Y,F,2013-07-01,3.313
M,21Y,F,2013-08-01,3.433
M,21Y,F,2013-09-01,3.589
M,21Y,F,2013-10-01,3.451
M,21Y,F,2013-11-01,3.304
M,21Y,F,2013-12-01,3.229
M,21Y,F,2014-01-01,3.21
M,21Y,F,2014-02-01,3.059
M,21Y,F,2014-03-01,2.983
M,21Y,F,2014-04-01,2.886
M,21Y,F,2014-05-01,2.723
M,21Y,F,2014-06-01,2.665
M,21Y,F,2014-07-01,2.452
M,21Y,F,2014-08-01,2.202
M,21Y,F,2014-09-01,2.217
M,21Y,F,2014-10-01,2.08
M,21Y,F,2014-11-01,1.972
M,21Y,F,2014-12-01,1.721
M,21Y,F,2015-01-01,1.36
M,21Y,F,2015-02-01,1.185
M,21Y,F,2015-03-01,0.976
M,21Y,F,2015-04-01,0.927
M,21Y,F,2015-05-01,1.48
M,21Y,F,2015-06-01,1.902
M,21Y,F,2015-07-01,1.911
M,21Y,F,2015-08-01,1.777
M,21Y,F,2015-09-01,1.828
M,21Y,F,2015-10-01,1.694
M,21Y,F,2015-11-01,1.739
M,21Y,F,2015-12-01,1.802
M,21Y,F,2016-01-01,1.77
M,21Y,F,2016-02-01,1.426
M,21Y,F,2016-03-01,1.393
M,21Y,F,2016-04-01,1.377
M,21Y,F,2016-05-01,1.355
M,21Y,F,2016-06-01,1.056
M,21Y,F,2016-07-01,0.768
M,21Y,F,2016-08-01,0.732
M,21Y,F,2016-09-01,0.842
M,21Y,F,2016-10-01,0.934
M,21Y,F,2016-11-01,1.213
M,21Y,F,2016-12-01,1.392
M,21Y,F,2017-01-01,1.568
M,21Y,F,2017-02-01,1.586
M,21Y,F,2017-03-01,1.476
M,21Y,F,2017-04-01,1.375
M,21Y,F,2017-05-01,1.43
M,21Y,F,2017-06-01,1.299
M,21Y,F,2017-07-01,1.49
M,21Y,F,2017-08-01,1.389
M,21Y,F,2017-09-01,1.418
M,21Y,F,2017-10-01,1.42
M,21Y,F,2017-11-01,1.318
M,21Y,F,2017-12-01,1.234
M,21Y,F,2018-01-01,1.373
M,21Y,F,2018-02-01,1.412
M,21Y,F,2018-03-01,1.352
M,21Y,F,2018-04-01,1.326
M,21Y,F,2018-05-01,1.427
M,21Y,F,2018-06-01,1.446
M,21Y,F,2018-07-01,1.43
M,21Y,F,2018-08-01,1.483
M,21Y,F,2018-09-01,1.535
M,21Y,F,2018-10-01,1.597
M,21Y,F,2018-11-01,1.624
M,21Y,F,2018-12-01,1.584
M,21Y,F,2019-01-01,1.512
M,21Y,F,2019-02-01,1.385
M,21Y,F,2019-03-01,1.26
M,21Y,F,2019-04-01,1.224
M,21Y,F,2019-05-01,1.165
M,21Y,F,2019-06-01,0.832
M,21Y,F,2019-07-01,0.67
M,21Y,F,2019-08-01,0.302
M,21Y,F,2019-09-01,0.362
M,21Y,F,2019-10-01,0.411
M,21Y,F,2019-11-01,0.54
M,21Y,F,2019-12-01,0.587
M,21Y,F,2020-01-01,0.575
M,21Y,F,2020-02-01,0.387
M,21Y,F,2020-03-01,0.447
M,21Y,F,2020-04-01,0.631
M,21Y,F,2020-05-01,0.608
M,21Y,F,2020-06-01,0.53
M,21Y,F,2020-07-01,0.385
M,21Y,F,2020-08-01,0.327
M,21Y,F,2020-09-01,0.278
M,21Y,F,2020-10-01,0.189
M,21Y,F,2020-11-01,0.158
M,21Y,F,2020-12-01,0.154
M,21Y,F,2021-01-01,0.193
M,21Y,F,2021-02-01,0.406
M,21Y,F,2021-03-01,0.534
M,21Y,F,2021-04-01,0.612
M,21Y,F,2021-05-01,0.761
M,21Y,F,2021-06-01,0.703
M,21Y,F,2021-07-01,0.531
M,21Y,F,2021-08-01,0.426
M,21Y,F,2021-09-01,0.567
M,21Y,F,2021-10-01,0.688
M,21Y,F,2021-11-01,0.592
M,21Y,F,2021-12-01,0.554
M,21Y,F,2022-01-01,0.78
M,21Y,F,2022-02-01,1.03
M,21Y,F,2022-03-01,1.26
M,21Y,F,2022-04-01,1.65
M,21Y,F,2022-05-01,2.0
M,21Y,F,2022-06-01,2.53
M,21Y,F,2022-07-01,2.41
M,21Y,F,2022-08-01,2.25
M,21Y,F,2022-09-01,2.82
M,21Y,F,2022-10-01,3.27
M,21Y,F,2022-11-01,3.03
M,21Y,F,2022-12-01,2.9
M,21Y,F,2023-01-01,3.08
M,21Y,F,2023-02-01,3.27
M,21Y,F,2023-03-01,3.38
M,21Y,F,2023-04-01,3.42
M,21Y,F,2023-05-01,3.46
M,21Y,F,2023-06-01,3.41
M,21Y,F,2023-07-01,3.42
M,21Y,F,2023-08-01,3.61
M,21Y,F,2023-09-01,3.74
M,21Y,F,2023-10-01,4.03
M,21Y,F,2023-11-01,3.76
M,21Y,F,2023-12-01,3.19
M,21Y,F,2024-01-01,3.31
M,21Y,F,2024-02-01,3.39
M,21Y,F,2024-03-01,3.32
M,21Y,F,2024-04-01,3.43
M,21Y,F,2024-05-01,3.47
M,21Y,F,2024-06-01,3.53
M,21Y,F,2024-07-01,3.51
M,21Y,F,2024-08-01,3.34
M,21Y,F,2024-09-01,3.34
M,21Y,F,2024-10-01,3.4
M,21Y,F,2024-11-01,3.4
M,21Y,F,2024-12-01,3.28
M,21Y,F,2025-01-01,3.63
M,21Y,F,2025-02-01,3.52
M,21Y,F,2025-03-01,3.91
M,21Y,F,2025-04-01,3.79
M,21Y,F,2025-05-01,3.85
M,21Y,F,2025-06-01,3.82
M,21Y,F,2025-07-01,3.99
M,21Y,F,2025-08-01,4.04
M,21Y,F,2025-09-01,4.11
M,21Y,F,2025-10-01,4.01
M,21Y,F,2025-11-01,4.01
M,21Y,F,2025-12-01,4.11
M,21Y,F,2026-01-01,4.12
M,21Y,F,2026-02-01,4.04
M,21Y,F,2026-03-01,4.13
M,21Y,F,2026-04-01,4.23
M,21Y,F,2026-05-01,4.24
M,21Y,F,2026-06-01,4.18
M,21Y,F,2026-07-01,4.3
M,21Y,F,2026-08-01,4.42
M,21Y,F,2026-09-01,4.69
M,30Y,F,2000-01-01,6.311
M,30Y,F,2000-02-01,6.093
M,30Y,F,2000-03-01,5.916
M,30Y,F,2000-04-01,5.821
M,30Y,F,2000-05-01,5.905
M,30Y,F,2000-06-01,5.782
M,30Y,F,2000-07-01,5.834
M,30Y,F,2000-08-01,5.74
M,30Y,F,2000-09-01,5.9
M,30Y,F,2000-10-01,5.933
M,30Y,F,2000-11-01,5.907
M,30Y,F,2000-12-01,5.779
M,30Y,F,2001-01-01,5.69
M,30Y,F,2001-02-01,5.655
M,30Y,F,2001-03-01,5.638
M,30Y,F,2001-04-01,5.784
M,30Y,F,2001-05-01,5.916
M,30Y,F,2001-06-01,5.879
M,30Y,F,2001-07-01,5.863
M,30Y,F,2001-08-01,5.699
M,30Y,F,2001-09-01,5.805
M,30Y,F,2001-10-01,5.54
M,30Y,F,2001-11-01,5.277
M,30Y,F,2001-12-01,5.384
M,30Y,F,2002-01-01,5.439
M,30Y,F,2002-02-01,5.5
M,30Y,F,2002-03-01,5.7
M,30Y,F,2002-04-01,5.724
M,30Y,F,2002-05-01,5.695
M,30Y,F,2002-06-01,5.554
M,30Y,F,2002-07-01,5.408
M,30Y,F,2002-08-01,5.193
M,30Y,F,2002-09-01,5.055
M,30Y,F,2002-10-01,5.173
M,30Y,F,2002-11-01,5.185
M,30Y,F,2002-12-01,5.031
M,30Y,F,2003-01-01,3.152
M,30Y,F,2003-02-01,0.0
M,30Y,F,2003-03-01,0.0
M,30Y,F,2003-04-01,0.0
M,30Y,F,2003-05-01,0.0
M,30Y,F,2003-06-01,0.0
M,30Y,F,2003-07-01,0.0
M,30Y,F,2003-08-01,0.0
M,30Y,F,2003-09-01,0.0
M,30Y,F,2003-10-01,0.0
M,30Y,F,2003-11-01,0.0
M,30Y,F,2003-12-01,0.0
M,30Y,F,2004-01-01,0.0
M,30Y,F,2004-02-01,0.0
M,30Y,F,2004-03-01,0.0
M,30Y,F,2004-04-01,0.0
M,30Y,F,2004-05-01,1.404
M,30Y,F,2004-06-01,5.045
M,30Y,F,2004-07-01,4.942
M,30Y,F,2004-08-01,4.809
M,30Y,F,2004-09-01,4.736
M,30Y,F,2004-10-01,4.654
M,30Y,F,2004-11-01,4.523
M,30Y,F,2004-12-01,4.3
M,30Y,F,2005-01-01,4.173
M,30Y,F,2005-02-01,4.053
M,30Y,F,2005-03-01,4.255
M,30Y,F,2005-04-01,4.12
M,30Y,F,2005-05-01,3.927
M,30Y,F,2005-06-01,3.765
M,30Y,F,2005-07-01,3.794
M,30Y,F,2005-08-01,3.773
M,30Y,F,2005-09-01,3.615
M,30Y,F,2005-10-01,3.723
M,30Y,F,2005-11-01,3.862
M,30Y,F,2005-12-01,3.729
M,30Y,F,2006-01-01,3.645
M,30Y,F,2006-02-01,3.784
M,30Y,F,2006-03-01,3.935
M,30Y,F,2006-04-01,4.249
M,30Y,F,2006-05-01,4.332
M,30Y,F,2006-06-01,4.33
M,30Y,F,2006-07-01,4.338
M,30Y,F,2006-08-01,4.19
M,30Y,F,2006-09-01,4.025
M,30Y,F,2006-10-01,4.019
M,30Y,F,2006-11-01,3.916
M,30Y,F,2006-12-01,3.975
M,30Y,F,2007-01-01,4.211
M,30Y,F,2007-02-01,4.248
M,30Y,F,2007-03-01,4.187
M,30Y,F,2007-04-01,4.41
M,30Y,F,2007-05-01,4.5
M,30Y,F,2007-06-01,4.791
M,30Y,F,2007-07-01,4.75
M,30Y,F,2007-08-01,4.624
M,30Y,F,2007-09-01,4.655
M,30Y,F,2007-10-01,4.67
M,30Y,F,2007-11-01,4.614
M,30Y,F,2007-12-01,4.751
M,30Y,F,2008-01-01,4.679
M,30Y,F,2008-02-01,4.688
M,30Y,F,2008-03-01,4.734
M,30Y,F,2008-04-01,4.806
M,30Y,F,2008-05-01,4.894
M,30Y,F,2008-06-01,5.026
M,30Y,F,2008-07-01,5.047
M,30Y,F,2008-08-01,4.87
M,30Y,F,2008-09-01,4.922
M,30Y,F,2008-10-01,4.695
M,30Y,F,2008-11-01,4.616
M,30Y,F,2008-12-01,4.11
M,30Y,F,2009-01-01,4.557
M,30Y,F,2009-02-01,4.616
M,30Y,F,2009-03-01,4.68
M,30Y,F,2009-04-01,4.557
M,30Y,F,2009-05-01,4.67
M,30Y,F,2009-06-01,4.718
M,30Y,F,2009-07-01,4.532
M,30Y,F,2009-08-01,4.347
M,30Y,F,2009-09-01,4.435
M,30Y,F,2009-10-01,4.418
M,30Y,F,2009-11-01,4.434
M,30Y,F,2009-12-01,4.389
M,30Y,F,2010-01-01,4.411
M,30Y,F,2010-02-01,4.324
M,30Y,F,2010-03-01,4.24
M,30Y,F,2010-04-01,4.217
M,30Y,F,2010-05-01,4.11
M,30Y,F,2010-06-01,4.165
M,30Y,F,2010-07-01,4.062
M,30Y,F,2010-08-01,3.716
M,30Y,F,2010-09-01,3.731
M,30Y,F,2010-10-01,3.798
M,30Y,F,2010-11-01,3.932
M,30Y,F,2010-12-01,4.429
M,30Y,F,2011-01-01,4.578
M,30Y,F,2011-02-01,4.64
M,30Y,F,2011-03-01,4.605
M,30Y,F,2011-04-01,4.743
M,30Y,F,2011-05-01,4.679
M,30Y,F,2011-06-01,4.68
M,30Y,F,2011-07-01,4.73
M,30Y,F,2011-08-01,4.625
M,30Y,F,2011-09-01,4.422
M,30Y,F,2011-10-01,4.687
M,30Y,F,2011-11-01,5.169
M,30Y,F,2011-12-01,4.526
M,30Y,F,2012-01-01,4.417
M,30Y,F,2012-02-01,4.125
M,30Y,F,2012-03-01,3.993
M,30Y,F,2012-04-01,3.958
M,30Y,F,2012-05-01,3.748
M,30Y,F,2012-06-01,3.671
M,30Y,F,2012-07-01,3.51
M,30Y,F,2012-08-01,3.383
M,30Y,F,2012-09-01,3.468
M,30Y,F,2012-10-01,3.305
M,30Y,F,2012-11-01,3.252
M,30Y,F,2012-12-01,3.123
M,30Y,F,2013-01-01,3.217
M,30Y,F,2013-02-01,3.273
M,30Y,F,2013-03-01,3.186
M,30Y,F,2013-04-01,2.993
M,30Y,F,2013-05-01,3.003
M,30Y,F,2013-06-01,3.365
M,30Y,F,2013-07-01,3.418
M,30Y,F,2013-08-01,3.531
M,30Y,F,2013-09-01,3.752
M,30Y,F,2013-10-01,3.665
M,30Y,F,2013-11-01,3.539
M,30Y,F,2013-12-01,3.451
M,30Y,F,2014-01-01,3.435
M,30Y,F,2014-02-01,3.308
M,30Y,F,2014-03-01,3.217
M,30Y,F,2014-04-01,3.119
M,30Y,F,2014-05-01,2.958
M,30Y,F,2014-06-01,2.897
M,30Y,F,2014-07-01,2.689
M,30Y,F,2014-08-01,2.436
M,30Y,F,2014-09-01,2.459
M,30Y,F,2014-10-01,2.331
M,30Y,F,2014-11-01,2.231
M,30Y,F,2014-12-01,1.978
M,30Y,F,2015-01-01,1.602
M,30Y,F,2015-02-01,1.363
M,30Y,F,2015-03-01,1.105
M,30Y,F,2015-04-01,1.03
M,30Y,F,2015-05-01,1.614
M,30Y,F,2015-06-01,2.021
M,30Y,F,2015-07-01,2.036
M,30Y,F,2015-08-01,1.901
M,30Y,F,2015-09-01,1.948
M,30Y,F,2015-10-01,1.81
M,30Y,F,2015-11-01,1.874
M,30Y,F,2015-12-01,1.919
M,30Y,F,2016-01-01,1.873
M,30Y,F,2016-02-01,1.576
M,30Y,F,2016-03-01,1.611
M,30Y,F,2016-04-01,1.61
M,30Y,F,2016-05-01,1.611
M,30Y,F,2016-06-01,1.319
M,30Y,F,2016-07-01,1.029
M,30Y,F,2016-08-01,0.994
M,30Y,F,2016-09-01,1.11
M,30Y,F,2016-10-01,1.216
M,30Y,F,2016-11-01,1.493
M,30Y,F,2016-12-01,1.624
M,30Y,F,2017-01-01,1.812
M,30Y,F,2017-02-01,1.871
M,30Y,F,2017-03-01,1.856
M,30Y,F,2017-04-01,1.749
M,30Y,F,2017-05-01,1.797
M,30Y,F,2017-06-01,1.654
M,30Y,F,2017-07-01,1.834
M,30Y,F,2017-08-01,1.74
M,30Y,F,2017-09-01,1.772
M,30Y,F,2017-10-01,1.765
M,30Y,F,2017-11-01,1.661
M,30Y,F,2017-12-01,1.573
M,30Y,F,2018-01-01,1.704
M,30Y,F,2018-02-01,1.707
M,30Y,F,2018-03-01,1.629
M,30Y,F,2018-04-01,1.585
M,30Y,F,2018-05-01,1.668
M,30Y,F,2018-06-01,1.71
M,30Y,F,2018-07-01,1.598
M,30Y,F,2018-08-01,1.652
M,30Y,F,2018-09-01,1.702
M,30Y,F,2018-10-01,1.762
M,30Y,F,2018-11-01,1.78
M,30Y,F,2018-12-01,1.736
M,30Y,F,2019-01-01,1.694
M,30Y,F,2019-02-01,1.679
M,30Y,F,2019-03-01,1.573
M,30Y,F,2019-04-01,1.531
M,30Y,F,2019-05-01,1.471
M,30Y,F,2019-06-01,1.125
M,30Y,F,2019-07-01,0.965
M,30Y,F,2019-08-01,0.58
M,30Y,F,2019-09-01,0.628
M,30Y,F,2019-10-01,0.676
M,30Y,F,2019-11-01,0.79
M,30Y,F,2019-12-01,0.827
M,30Y,F,2020-01-01,0.818
M,30Y,F,2020-02-01,0.608
M,30Y,F,2020-03-01,0.609
M,30Y,F,2020-04-01,0.776
M,30Y,F,2020-05-01,0.739
M,30Y,F,2020-06-01,0.686
M,30Y,F,2020-07-01,0.559
M,30Y,F,2020-08-01,0.492
M,30Y,F,2020-09-01,0.447
M,30Y,F,2020-10-01,0.356
M,30Y,F,2020-11-01,0.329
M,30Y,F,2020-12-01,0.326
M,30Y,F,2021-01-01,0.368
M,30Y,F,2021-02-01,0.6
M,30Y,F,2021-03-01,0.727
M,30Y,F,2021-04-01,0.804
M,30Y,F,2021-05-01,0.954
M,30Y,F,2021-06-01,0.904
M,30Y,F,2021-07-01,0.746
M,30Y,F,2021-08-01,0.629
M,30Y,F,2021-09-01,0.785
M,30Y,F,2021-10-01,0.878
M,30Y,F,2021-11-01,0.763
M,30Y,F,2021-12-01,0.713
M,30Y,F,2022-01-01,0.95
M,30Y,F,2022-02-01,1.18
M,30Y,F,2022-03-01,1.37
M,30Y,F,2022-04-01,1.74
M,30Y,F,2022-05-01,2.04
M,30Y,F,2022-06-01,2.63
M,30Y,F,2022-07-01,2.45
M,30Y,F,2022-08-01,2.29
M,30Y,F,2022-09-01,2.8
M,30Y,F,2022-10-01,3.19
M,30Y,F,2022-11-01,2.93
M,30Y,F,2022-12-01,2.86
M,30Y,F,2023-01-01,3.05
M,30Y,F,2023-02-01,3.28
M,30Y,F,2023-03-01,3.43
M,30Y,F,2023-04-01,3.48
M,30Y,F,2023-05-01,3.54
M,30Y,F,2023-06-01,3.5
M,30Y,F,2023-07-01,3.51
M,30Y,F,2023-08-01,3.65
M,30Y,F,2023-09-01,3.79
M,30Y,F,2023-10-01,4.08
M,30Y,F,2023-11-01,3.8
M,30Y,F,2023-12-01,3.26
M,30Y,F,2024-01-01,3.37
M,30Y,F,2024-02-01,3.43
M,30Y,F,2024-03-01,3.36
M,30Y,F,2024-04-01,3.46
M,30Y,F,2024-05-01,3.5
M,30Y,F,2024-06-01,3.57
M,30Y,F,2024-07-01,3.57
M,30Y,F,2024-08-01,3.4
M,30Y,F,2024-09-01,3.41
M,30Y,F,2024-10-01,3.47
M,30Y,F,2024-11-01,3.46
M,30Y,F,2024-12-01,3.36
M,30Y,F,2025-01-01,3.71
M,30Y,F,2025-02-01,3.61
M,30Y,F,2025-03-01,3.99
M,30Y,F,2025-04-01,3.88
M,30Y,F,2025-05-01,3.93
M,30Y,F,2025-06-01,3.89
M,30Y,F,2025-07-01,4.07
M,30Y,F,2025-08-01,4.16
M,30Y,F,2025-09-01,4.23
M,30Y,F,2025-10-01,4.14
M,30Y,F,2025-11-01,4.18
M,30Y,F,2025-12-01,4.3
M,30Y,F,2026-01-01,4.3
M,30Y,F,2026-02-01,4.24
M,30Y,F,2026-03-01,4.32
M,30Y,F,2026-04-01,4.39
M,30Y,F,2026-05-01,4.42
M,30Y,F,2026-06-01,4.37
M,30Y,F,2026-07-01,4.5
M,30Y,F,2026-08-01,4.6
M,30Y,F,2026-09-01,4.83
M,11Y,F,2000-01-01,5.88
M,11Y,F,2000-02-01,5.802
M,11Y,F,2000-03-01,5.626
M,11Y,F,2000-04-01,5.527
M,11Y,F,2000-05-01,5.695
M,11Y,F,2000-06-01,5.537
M,11Y,F,2000-07-01,5.618
M,11Y,F,2000-08-01,5.577
M,11Y,F,2000-09-01,5.648
M,11Y,F,2000-10-01,5.614
M,11Y,F,2000-11-01,5.562
M,11Y,F,2000-12-01,5.339
M,11Y,F,2001-01-01,5.22
M,11Y,F,2001-02-01,5.178
M,11Y,F,2001-03-01,5.11
M,11Y,F,2001-04-01,5.246
M,11Y,F,2001-05-01,5.414
M,11Y,F,2001-06-01,5.374
M,11Y,F,2001-07-01,5.395
M,11Y,F,2001-08-01,5.215
M,11Y,F,2001-09-01,5.216
M,11Y,F,2001-10-01,4.973
M,11Y,F,2001-11-01,4.819
M,11Y,F,2001-12-01,5.051
M,11Y,F,2002-01-01,5.129
M,11Y,F,2002-02-01,5.168
M,11Y,F,2002-03-01,5.398
M,11Y,F,2002-04-01,5.397
M,11Y,F,2002-05-01,5.406
M,11Y,F,2002-06-01,5.274
M,11Y,F,2002-07-01,5.122
M,11Y,F,2002-08-01,4.854
M,11Y,F,2002-09-01,4.665
M,11Y,F,2002-10-01,4.75
M,11Y,F,2002-11-01,4.737
M,11Y,F,2002-12-01,4.564
M,11Y,F,2003-01-01,4.391
M,11Y,F,2003-02-01,4.154
M,11Y,F,2003-03-01,4.204
M,11Y,F,2003-04-01,4.342
M,11Y,F,2003-05-01,4.03
M,11Y,F,2003-06-01,3.835
M,11Y,F,2003-07-01,4.148
M,11Y,F,2003-08-01,4.299
M,11Y,F,2003-09-01,4.339
M,11Y,F,2003-10-01,4.41
M,11Y,F,2003-11-01,4.528
M,11Y,F,2003-12-01,4.477
M,11Y,F,2004-01-01,4.35
M,11Y,F,2004-02-01,4.293
M,11Y,F,2004-03-01,4.123
M,11Y,F,2004-04-01,4.318
M,11Y,F,2004-05-01,4.443
M,11Y,F,2004-06-01,4.501
M,11Y,F,2004-07-01,4.397
M,11Y,F,2004-08-01,4.248
M,11Y,F,2004-09-01,4.19
M,11Y,F,2004-10-01,4.079
M,11Y,F,2004-11-01,3.953
M,11Y,F,2004-12-01,3.744
M,11Y,F,2005-01-01,3.673
M,11Y,F,2005-02-01,3.648
M,11Y,F,2005-03-01,3.826
M,11Y,F,2005-04-01,3.636
M,11Y,F,2005-05-01,3.471
M,11Y,F,2005-06-01,3.305
M,11Y,F,2005-07-01,3.347
M,11Y,F,2005-08-01,3.361
M,11Y,F,2005-09-01,3.194
M,11Y,F,2005-10-01,3.341
M,11Y,F,2005-11-01,3.532
M,11Y,F,2005-12-01,3.413
M,11Y,F,2006-01-01,3.397
M,11Y,F,2006-02-01,3.551
M,11Y,F,2006-03-01,3.722
M,11Y,F,2006-04-01,3.982
M,11Y,F,2006-05-01,4.047
M,11Y,F,2006-06-01,4.036
M,11Y,F,2006-07-01,4.067
M,11Y,F,2006-08-01,3.936
M,11Y,F,2006-09-01,3.81
M,11Y,F,2006-10-01,3.854
M,11Y,F,2006-11-01,3.776
M,11Y,F,2006-12-01,3.837
M,11Y,F,2007-01-01,4.092
M,11Y,F,2007-02-01,4.124
M,11Y,F,2007-03-01,4.024
M,11Y,F,2007-04-01,4.242
M,11Y,F,2007-05-01,4.356
M,11Y,F,2007-06-01,4.655
M,11Y,F,2007-07-01,4.63
M,11Y,F,2007-08-01,4.485
M,11Y,F,2007-09-01,4.459
M,11Y,F,2007-10-01,4.496
M,11Y,F,2007-11-01,4.388
M,11Y,F,2007-12-01,4.542
M,11Y,F,2008-01-01,4.382
M,11Y,F,2008-02-01,4.325
M,11Y,F,2008-03-01,4.344
M,11Y,F,2008-04-01,4.457
M,11Y,F,2008-05-01,4.586
M,11Y,F,2008-06-01,4.897
M,11Y,F,2008-07-01,4.901
M,11Y,F,2008-08-01,4.665
M,11Y,F,2008-09-01,4.656
M,11Y,F,2008-10-01,4.557
M,11Y,F,2008-11-01,4.419
M,11Y,F,2008-12-01,3.954
M,11Y,F,2009-01-01,4.246
M,11Y,F,2009-02-01,4.302
M,11Y,F,2009-03-01,4.1
M,11Y,F,2009-04-01,4.022
M,11Y,F,2009-05-01,4.156
M,11Y,F,2009-06-01,4.247
M,11Y,F,2009-07-01,4.062
M,11Y,F,2009-08-01,3.938
M,11Y,F,2009-09-01,3.934
M,11Y,F,2009-10-01,3.914
M,11Y,F,2009-11-01,3.91
M,11Y,F,2009-12-01,3.87
M,11Y,F,2010-01-01,3.892
M,11Y,F,2010-02-01,3.772
M,11Y,F,2010-03-01,3.681
M,11Y,F,2010-04-01,3.607
M,11Y,F,2010-05-01,3.369
M,11Y,F,2010-06-01,3.523
M,11Y,F,2010-07-01,3.38
M,11Y,F,2010-08-01,3.09
M,11Y,F,2010-09-01,3.222
M,11Y,F,2010-10-01,3.339
M,11Y,F,2010-11-01,3.615
M,11Y,F,2010-12-01,4.085
M,11Y,F,2011-01-01,4.199
M,11Y,F,2011-02-01,4.217
M,11Y,F,2011-03-01,4.228
M,11Y,F,2011-04-01,4.326
M,11Y,F,2011-05-01,4.267
M,11Y,F,2011-06-01,4.197
M,11Y,F,2011-07-01,4.301
M,11Y,F,2011-08-01,4.189
M,11Y,F,2011-09-01,3.975
M,11Y,F,2011-10-01,4.294
M,11Y,F,2011-11-01,4.961
M,11Y,F,2011-12-01,4.441
M,11Y,F,2012-01-01,4.245
M,11Y,F,2012-02-01,3.741
M,11Y,F,2012-03-01,3.601
M,11Y,F,2012-04-01,3.597
M,11Y,F,2012-05-01,3.385
M,11Y,F,2012-06-01,3.265
M,11Y,F,2012-07-01,2.824
M,11Y,F,2012-08-01,2.667
M,11Y,F,2012-09-01,2.752
M,11Y,F,2012-10-01,2.589
M,11Y,F,2012-11-01,2.472
M,11Y,F,2012-12-01,2.317
M,11Y,F,2013-01-01,2.479
M,11Y,F,2013-02-01,2.58
M,11Y,F,2013-03-01,2.395
M,11Y,F,2013-04-01,2.198
M,11Y,F,2013-05-01,2.232
M,11Y,F,2013-06-01,2.648
M,11Y,F,2013-07-01,2.764
M,11Y,F,2013-08-01,2.872
M,11Y,F,2013-09-01,2.991
M,11Y,F,2013-10-01,2.819
M,11Y,F,2013-11-01,2.703
M,11Y,F,2013-12-01,2.738
M,11Y,F,2014-01-01,2.706
M,11Y,F,2014-02-01,2.52
M,11Y,F,2014-03-01,2.403
M,11Y,F,2014-04-01,2.302
M,11Y,F,2014-05-01,2.154
M,11Y,F,2014-06-01,2.008
M,11Y,F,2014-07-01,1.804
M,11Y,F,2014-08-01,1.594
M,11Y,F,2014-09-01,1.507
M,11Y,F,2014-10-01,1.391
M,11Y,F,2014-11-01,1.293
M,11Y,F,2014-12-01,1.114
M,11Y,F,2015-01-01,0.831
M,11Y,F,2015-02-01,0.706
M,11Y,F,2015-03-01,0.548
M,11Y,F,2015-04-01,0.483
M,11Y,F,2015-05-01,0.969
M,11Y,F,2015-06-01,1.336
M,11Y,F,2015-07-01,1.301
M,11Y,F,2015-08-01,1.173
M,11Y,F,2015-09-01,1.183
M,11Y,F,2015-10-01,1.045
M,11Y,F,2015-11-01,1.057
M,11Y,F,2015-12-01,1.125
M,11Y,F,2016-01-01,1.058
M,11Y,F,2016-02-01,0.814
M,11Y,F,2016-03-01,0.718
M,11Y,F,2016-04-01,0.68
M,11Y,F,2016-05-01,0.679
M,11Y,F,2016-06-01,0.542
M,11Y,F,2016-07-01,0.319
M,11Y,F,2016-08-01,0.278
M,11Y,F,2016-09-01,0.328
M,11Y,F,2016-10-01,0.436
M,11Y,F,2016-11-01,0.769
M,11Y,F,2016-12-01,0.812
M,11Y,F,2017-01-01,0.92
M,11Y,F,2017-02-01,0.947
M,11Y,F,2017-03-01,0.957
M,11Y,F,2017-04-01,0.877
M,11Y,F,2017-05-01,0.874
M,11Y,F,2017-06-01,0.732
M,11Y,F,2017-07-01,0.948
M,11Y,F,2017-08-01,0.838
M,11Y,F,2017-09-01,0.829
M,11Y,F,2017-10-01,0.829
M,11Y,F,2017-11-01,0.725
M,11Y,F,2017-12-01,0.676
M,11Y,F,2018-01-01,0.865
M,11Y,F,2018-02-01,1.033
M,11Y,F,2018-03-01,0.926
M,11Y,F,2018-04-01,0.869
M,11Y,F,2018-05-01,0.896
M,11Y,F,2018-06-01,0.868
M,11Y,F,2018-07-01,0.781
M,11Y,F,2018-08-01,0.833
M,11Y,F,2018-09-01,0.889
M,11Y,F,2018-10-01,0.983
M,11Y,F,2018-11-01,0.954
M,11Y,F,2018-12-01,0.895
M,11Y,F,2019-01-01,0.874
M,11Y,F,2019-02-01,0.765
M,11Y,F,2019-03-01,0.619
M,11Y,F,2019-04-01,0.56
M,11Y,F,2019-05-01,0.503
M,11Y,F,2019-06-01,0.234
M,11Y,F,2019-07-01,0.083
M,11Y,F,2019-08-01,-0.202
M,11Y,F,2019-09-01,-0.159
M,11Y,F,2019-10-01,-0.071
M,11Y,F,2019-11-01,0.053
M,11Y,F,2019-12-01,0.099
M,11Y,F,2020-01-01,0.08
M,11Y,F,2020-02-01,-0.081
M,11Y,F,2020-03-01,0.032
M,11Y,F,2020-04-01,0.182
M,11Y,F,2020-05-01,0.103
M,11Y,F,2020-06-01,0.021
M,11Y,F,2020-07-01,-0.098
M,11Y,F,2020-08-01,-0.128
M,11Y,F,2020-09-01,-0.165
M,11Y,F,2020-10-01,-0.255
M,11Y,F,2020-11-01,-0.287
M,11Y,F,2020-12-01,-0.291
M,11Y,F,2021-01-01,-0.254
M,11Y,F,2021-02-01,-0.069
M,11Y,F,2021-03-01,0.023
M,11Y,F,2021-04-01,0.088
M,11Y,F,2021-05-01,0.228
M,11Y,F,2021-06-01,0.178
M,11Y,F,2021-07-01,0.034
M,11Y,F,2021-08-01,-0.063
M,11Y,F,2021-09-01,0.089
M,11Y,F,2021-10-01,0.249
M,11Y,F,2021-11-01,0.166
M,11Y,F,2021-12-01,0.119
M,11Y,F,2022-01-01,0.37
M,11Y,F,2022-02-01,0.7
M,11Y,F,2022-03-01,0.87
M,11Y,F,2022-04-01,1.36
M,11Y,F,2022-05-01,1.67
M,11Y,F,2022-06-01,2.23
M,11Y,F,2022-07-01,1.91
M,11Y,F,2022-08-01,1.82
M,11Y,F,2022-09-01,2.56
M,11Y,F,2022-10-01,2.96
M,11Y,F,2022-11-01,2.75
M,11Y,F,2022-12-01,2.81
M,11Y,F,2023-01-01,2.92
M,11Y,F,2023-02-01,3.09
M,11Y,F,2023-03-01,3.13
M,11Y,F,2023-04-01,3.12
M,11Y,F,2023-05-01,3.11
M,11Y,F,2023-06-01,3.12
M,11Y,F,2023-07-01,3.21
M,11Y,F,2023-08-01,3.3
M,11Y,F,2023-09-01,3.4
M,11Y,F,2023-10-01,3.62
M,11Y,F,2023-11-01,3.33
M,11Y,F,2023-12-01,2.81
M,11Y,F,2024-01-01,2.89
M,11Y,F,2024-02-01,2.97
M,11Y,F,2024-03-01,2.93
M,11Y,F,2024-04-01,3.04
M,11Y,F,2024-05-01,3.1
M,11Y,F,2024-06-01,3.15
M,11Y,F,2024-07-01,3.1
M,11Y,F,2024-08-01,2.89
M,11Y,F,2024-09-01,2.86
M,11Y,F,2024-10-01,2.92
M,11Y,F,2024-11-01,2.99
M,11Y,F,2024-12-01,2.86
M,11Y,F,2025-01-01,3.19
M,11Y,F,2025-02-01,3.06
M,11Y,F,2025-03-01,3.39
M,11Y,F,2025-04-01,3.22
M,11Y,F,2025-05-01,3.23
M,11Y,F,2025-06-01,3.19
M,11Y,F,2025-07-01,3.32
M,11Y,F,2025-08-01,3.36
M,11Y,F,2025-09-01,3.4
M,11Y,F,2025-10-01,3.33
M,11Y,F,2025-11-01,3.35
M,11Y,F,2025-12-01,3.49
M,11Y,F,2026-01-01,3.47
M,11Y,F,2026-02-01,3.36
M,11Y,F,2026-03-01,3.58
M,11Y,F,2026-04-01,3.66
M,11Y,F,2026-05-01,3.69
M,11Y,F,2026-06-01,3.61
M,11Y,F,2026-07-01,3.73
M,11Y,F,2026-08-01,3.85
M,11Y,F,2026-09-01,4.21
M,5Y,F,2000-01-01,5.244
M,5Y,F,2000-02-01,5.302
M,5Y,F,2000-03-01,5.178
M,5Y,F,2000-04-01,5.116
M,5Y,F,2000-05-01,5.437
M,5Y,F,2000-06-01,5.312
M,5Y,F,2000-07-01,5.43
M,5Y,F,2000-08-01,5.452
M,5Y,F,2000-09-01,5.447
M,5Y,F,2000-10-01,5.351
M,5Y,F,2000-11-01,5.303
M,5Y,F,2000-12-01,4.966
M,5Y,F,2001-01-01,4.785
M,5Y,F,2001-02-01,4.796
M,5Y,F,2001-03-01,4.671
M,5Y,F,2001-04-01,4.777
M,5Y,F,2001-05-01,4.914
M,5Y,F,2001-06-01,4.807
M,5Y,F,2001-07-01,4.811
M,5Y,F,2001-08-01,4.611
M,5Y,F,2001-09-01,4.442
M,5Y,F,2001-10-01,4.194
M,5Y,F,2001-11-01,4.12
M,5Y,F,2001-12-01,4.422
M,5Y,F,2002-01-01,4.57
M,5Y,F,2002-02-01,4.658
M,5Y,F,2002-03-01,4.924
M,5Y,F,2002-04-01,4.919
M,5Y,F,2002-05-01,4.93
M,5Y,F,2002-06-01,4.757
M,5Y,F,2002-07-01,4.552
M,5Y,F,2002-08-01,4.255
M,5Y,F,2002-09-01,3.977
M,5Y,F,2002-10-01,3.99
M,5Y,F,2002-11-01,3.938
M,5Y,F,2002-12-01,3.75
M,5Y,F,2003-01-01,3.51
M,5Y,F,2003-02-01,3.234
M,5Y,F,2003-03-01,3.282
M,5Y,F,2003-04-01,3.415
M,5Y,F,2003-05-01,3.073
M,5Y,F,2003-06-01,2.813
M,5Y,F,2003-07-01,3.159
M,5Y,F,2003-08-01,3.504
M,5Y,F,2003-09-01,3.487
M,5Y,F,2003-10-01,3.575
M,5Y,F,2003-11-01,3.732
M,5Y,F,2003-12-01,3.668
M,5Y,F,2004-01-01,3.465
M,5Y,F,2004-02-01,3.368
M,5Y,F,2004-03-01,3.154
M,5Y,F,2004-04-01,3.389
M,5Y,F,2004-05-01,3.569
M,5Y,F,2004-06-01,3.691
M,5Y,F,2004-07-01,3.578
M,5Y,F,2004-08-01,3.419
M,5Y,F,2004-09-01,3.395
M,5Y,F,2004-10-01,3.24
M,5Y,F,2004-11-01,3.129
M,5Y,F,2004-12-01,2.988
M,5Y,F,2005-01-01,2.985
M,5Y,F,2005-02-01,3.01
M,5Y,F,2005-03-01,3.124
M,5Y,F,2005-04-01,2.925
M,5Y,F,2005-05-01,2.758
M,5Y,F,2005-06-01,2.589
M,5Y,F,2005-07-01,2.65
M,5Y,F,2005-08-01,2.71
M,5Y,F,2005-09-01,2.605
M,5Y,F,2005-10-01,2.847
M,5Y,F,2005-11-01,3.114
M,5Y,F,2005-12-01,3.077
M,5Y,F,2006-01-01,3.093
M,5Y,F,2006-02-01,3.236
M,5Y,F,2006-03-01,3.459
M,5Y,F,2006-04-01,3.689
M,5Y,F,2006-05-01,3.724
M,5Y,F,2006-06-01,3.751
M,5Y,F,2006-07-01,3.812
M,5Y,F,2006-08-01,3.708
M,5Y,F,2006-09-01,3.646
M,5Y,F,2006-10-01,3.709
M,5Y,F,2006-11-01,3.678
M,5Y,F,2006-12-01,3.762
M,5Y,F,2007-01-01,3.97
M,5Y,F,2007-02-01,3.993
M,5Y,F,2007-03-01,3.909
M,5Y,F,2007-04-01,4.134
M,5Y,F,2007-05-01,4.269
M,5Y,F,2007-06-01,4.543
M,5Y,F,2007-07-01,4.529
M,5Y,F,2007-08-01,4.283
M,5Y,F,2007-09-01,4.194
M,5Y,F,2007-10-01,4.223
M,5Y,F,2007-11-01,4.015
M,5Y,F,2007-12-01,4.157
M,5Y,F,2008-01-01,3.886
M,5Y,F,2008-02-01,3.656
M,5Y,F,2008-03-01,3.695
M,5Y,F,2008-04-01,4.071
M,5Y,F,2008-05-01,4.257
M,5Y,F,2008-06-01,4.733
M,5Y,F,2008-07-01,4.709
M,5Y,F,2008-08-01,4.336
M,5Y,F,2008-09-01,4.273
M,5Y,F,2008-10-01,3.972
M,5Y,F,2008-11-01,3.537
M,5Y,F,2008-12-01,3.465
M,5Y,F,2009-01-01,3.41
M,5Y,F,2009-02-01,3.293
M,5Y,F,2009-03-01,3.246
M,5Y,F,2009-04-01,3.101
M,5Y,F,2009-05-01,2.995
M,5Y,F,2009-06-01,3.176
M,5Y,F,2009-07-01,2.883
M,5Y,F,2009-08-01,2.859
M,5Y,F,2009-09-01,2.729
M,5Y,F,2009-10-01,2.711
M,5Y,F,2009-11-01,2.682
M,5Y,F,2009-12-01,2.605
M,5Y,F,2010-01-01,2.64
M,5Y,F,2010-02-01,2.537
M,5Y,F,2010-03-01,2.421
M,5Y,F,2010-04-01,2.401
M,5Y,F,2010-05-01,2.188
M,5Y,F,2010-06-01,2.429
M,5Y,F,2010-07-01,2.28
M,5Y,F,2010-08-01,2.026
M,5Y,F,2010-09-01,2.18
M,5Y,F,2010-10-01,2.301
M,5Y,F,2010-11-01,2.59
M,5Y,F,2010-12-01,3.204
M,5Y,F,2011-01-01,3.403
M,5Y,F,2011-02-01,3.439
M,5Y,F,2011-03-01,3.437
M,5Y,F,2011-04-01,3.613
M,5Y,F,2011-05-01,3.549
M,5Y,F,2011-06-01,3.483
M,5Y,F,2011-07-01,3.582
M,5Y,F,2011-08-01,3.466
M,5Y,F,2011-09-01,3.37
M,5Y,F,2011-10-01,3.7
M,5Y,F,2011-11-01,4.477
M,5Y,F,2011-12-01,3.846
M,5Y,F,2012-01-01,3.342
M,5Y,F,2012-02-01,2.534
M,5Y,F,2012-03-01,2.372
M,5Y,F,2012-04-01,2.396
M,5Y,F,2012-05-01,2.158
M,5Y,F,2012-06-01,2.112
M,5Y,F,2012-07-01,1.505
M,5Y,F,2012-08-01,1.348
M,5Y,F,2012-09-01,1.364
M,5Y,F,2012-10-01,1.23
M,5Y,F,2012-11-01,1.129
M,5Y,F,2012-12-01,0.943
M,5Y,F,2013-01-01,1.072
M,5Y,F,2013-02-01,1.135
M,5Y,F,2013-03-01,0.974
M,5Y,F,2013-04-01,0.861
M,5Y,F,2013-05-01,0.878
M,5Y,F,2013-06-01,1.312
M,5Y,F,2013-07-01,1.33
M,5Y,F,2013-08-01,1.459
M,5Y,F,2013-09-01,1.545
M,5Y,F,2013-10-01,1.369
M,5Y,F,2013-11-01,1.187
M,5Y,F,2013-12-01,1.25
M,5Y,F,2014-01-01,1.238
M,5Y,F,2014-02-01,1.058
M,5Y,F,2014-03-01,0.982
M,5Y,F,2014-04-01,0.919
M,5Y,F,2014-05-01,0.794
M,5Y,F,2014-06-01,0.645
M,5Y,F,2014-07-01,0.502
M,5Y,F,2014-08-01,0.391
M,5Y,F,2014-09-01,0.315
M,5Y,F,2014-10-01,0.28
M,5Y,F,2014-11-01,0.236
M,5Y,F,2014-12-01,0.192
M,5Y,F,2015-01-01,0.07
M,5Y,F,2015-02-01,0.015
M,5Y,F,2015-03-01,-0.035
M,5Y,F,2015-04-01,-0.055
M,5Y,F,2015-05-01,0.14
M,5Y,F,2015-06-01,0.29
M,5Y,F,2015-07-01,0.239
M,5Y,F,2015-08-01,0.166
M,5Y,F,2015-09-01,0.165
M,5Y,F,2015-10-01,0.075
M,5Y,F,2015-11-01,0.022
M,5Y,F,2015-12-01,0.04
M,5Y,F,2016-01-01,-0.006
M,5Y,F,2016-02-01,-0.174
M,5Y,F,2016-03-01,-0.216
M,5Y,F,2016-04-01,-0.217
M,5Y,F,2016-05-01,-0.228
M,5Y,F,2016-06-01,-0.289
M,5Y,F,2016-07-01,-0.467
M,5Y,F,2016-08-01,-0.471
M,5Y,F,2016-09-01,-0.452
M,5Y,F,2016-10-01,-0.405
M,5Y,F,2016-11-01,-0.25
M,5Y,F,2016-12-01,-0.306
M,5Y,F,2017-01-01,-0.247
M,5Y,F,2017-02-01,-0.242
M,5Y,F,2017-03-01,-0.19
M,5Y,F,2017-04-01,-0.243
M,5Y,F,2017-05-01,-0.219
M,5Y,F,2017-06-01,-0.279
M,5Y,F,2017-07-01,-0.103
M,5Y,F,2017-08-01,-0.213
M,5Y,F,2017-09-01,-0.234
M,5Y,F,2017-10-01,-0.204
M,5Y,F,2017-11-01,-0.254
M,5Y,F,2017-12-01,-0.223
M,5Y,F,2018-01-01,-0.039
M,5Y,F,2018-02-01,0.108
M,5Y,F,2018-03-01,0.033
M,5Y,F,2018-04-01,0.006
M,5Y,F,2018-05-01,-0.002
M,5Y,F,2018-06-01,-0.085
M,5Y,F,2018-07-01,-0.139
M,5Y,F,2018-08-01,-0.097
M,5Y,F,2018-09-01,-0.015
M,5Y,F,2018-10-01,0.065
M,5Y,F,2018-11-01,0.003
M,5Y,F,2018-12-01,-0.036
M,5Y,F,2019-01-01,-0.052
M,5Y,F,2019-02-01,-0.095
M,5Y,F,2019-03-01,-0.156
M,5Y,F,2019-04-01,-0.212
M,5Y,F,2019-05-01,-0.246
M,5Y,F,2019-06-01,-0.406
M,5Y,F,2019-07-01,-0.498
M,5Y,F,2019-08-01,-0.654
M,5Y,F,2019-09-01,-0.583
M,5Y,F,2019-10-01,-0.491
M,5Y,F,2019-11-01,-0.392
M,5Y,F,2019-12-01,-0.378
M,5Y,F,2020-01-01,-0.384
M,5Y,F,2020-02-01,-0.488
M,5Y,F,2020-03-01,-0.349
M,5Y,F,2020-04-01,-0.229
M,5Y,F,2020-05-01,-0.343
M,5Y,F,2020-06-01,-0.413
M,5Y,F,2020-07-01,-0.509
M,5Y,F,2020-08-01,-0.537
M,5Y,F,2020-09-01,-0.584
M,5Y,F,2020-10-01,-0.642
M,5Y,F,2020-11-01,-0.651
M,5Y,F,2020-12-01,-0.665
M,5Y,F,2021-01-01,-0.634
M,5Y,F,2021-02-01,-0.544
M,5Y,F,2021-03-01,-0.53
M,5Y,F,2021-04-01,-0.492
M,5Y,F,2021-05-01,-0.418
M,5Y,F,2021-06-01,-0.444
M,5Y,F,2021-07-01,-0.544
M,5Y,F,2021-08-01,-0.613
M,5Y,F,2021-09-01,-0.513
M,5Y,F,2021-10-01,-0.382
M,5Y,F,2021-11-01,-0.446
M,5Y,F,2021-12-01,-0.454
M,5Y,F,2022-01-01,-0.24
M,5Y,F,2022-02-01,0.14
M,5Y,F,2022-03-01,0.23
M,5Y,F,2022-04-01,0.73
M,5Y,F,2022-05-01,0.92
M,5Y,F,2022-06-01,1.53
M,5Y,F,2022-07-01,1.09
M,5Y,F,2022-08-01,1.11
M,5Y,F,2022-09-01,1.96
M,5Y,F,2022-10-01,2.35
M,5Y,F,2022-11-01,2.32
M,5Y,F,2022-12-01,2.39
M,5Y,F,2023-01-01,2.55
M,5Y,F,2023-02-01,2.72
M,5Y,F,2023-03-01,2.79
M,5Y,F,2023-04-01,2.75
M,5Y,F,2023-05-01,2.69
M,5Y,F,2023-06-01,2.82
M,5Y,F,2023-07-01,2.95
M,5Y,F,2023-08-01,2.92
M,5Y,F,2023-09-01,3.02
M,5Y,F,2023-10-01,3.13
M,5Y,F,2023-11-01,2.88
M,5Y,F,2023-12-01,2.39
M,5Y,F,2024-01-01,2.46
M,5Y,F,2024-02-01,2.61
M,5Y,F,2024-03-01,2.63
M,5Y,F,2024-04-01,2.73
M,5Y,F,2024-05-01,2.83
M,5Y,F,2024-06-01,2.85
M,5Y,F,2024-07-01,2.76
M,5Y,F,2024-08-01,2.49
M,5Y,F,2024-09-01,2.41
M,5Y,F,2024-10-01,2.44
M,5Y,F,2024-11-01,2.52
M,5Y,F,2024-12-01,2.36
M,5Y,F,2025-01-01,2.65
M,5Y,F,2025-02-01,2.5
M,5Y,F,2025-03-01,2.68
M,5Y,F,2025-04-01,2.43
M,5Y,F,2025-05-01,2.44
M,5Y,F,2025-06-01,2.43
M,5Y,F,2025-07-01,2.51
M,5Y,F,2025-08-01,2.56
M,5Y,F,2025-09-01,2.6
M,5Y,F,2025-10-01,2.56
M,5Y,F,2025-11-01,2.59
M,5Y,F,2025-12-01,2.72
M,5Y,F,2026-01-01,2.69
M,5Y,F,2026-02-01,2.57
M,5Y,F,2026-03-01,2.88
M,5Y,F,2026-04-01,2.97
M,5Y,F,2026-05-01,3.02
M,5Y,F,2026-06-01,2.96
M,5Y,F,2026-07-01,3.09
M,5Y,F,2026-08-01,3.21
M,5Y,F,2026-09-01,3.6
M,28Y,F,2000-01-01,6.311
M,28Y,F,2000-02-01,6.093
M,28Y,F,2000-03-01,5.916
M,28Y,F,2000-04-01,5.821
M,28Y,F,2000-05-01,5.905
M,28Y,F,2000-06-01,5.782
M,28Y,F,2000-07-01,5.834
M,28Y,F,2000-08-01,5.74
M,28Y,F,2000-09-01,5.9
M,28Y,F,2000-10-01,5.933
M,28Y,F,2000-11-01,5.907
M,28Y,F,2000-12-01,5.779
M,28Y,F,2001-01-01,5.69
M,28Y,F,2001-02-01,5.655
M,28Y,F,2001-03-01,5.638
M,28Y,F,2001-04-01,5.784
M,28Y,F,2001-05-01,5.916
M,28Y,F,2001-06-01,5.879
M,28Y,F,2001-07-01,5.863
M,28Y,F,2001-08-01,5.699
M,28Y,F,2001-09-01,5.805
M,28Y,F,2001-10-01,5.54
M,28Y,F,2001-11-01,5.277
M,28Y,F,2001-12-01,5.384
M,28Y,F,2002-01-01,5.439
M,28Y,F,2002-02-01,5.5
M,28Y,F,2002-03-01,5.7
M,28Y,F,2002-04-01,5.724
M,28Y,F,2002-05-01,5.695
M,28Y,F,2002-06-01,5.554
M,28Y,F,2002-07-01,5.408
M,28Y,F,2002-08-01,5.193
M,28Y,F,2002-09-01,5.055
M,28Y,F,2002-10-01,5.173
M,28Y,F,2002-11-01,5.185
M,28Y,F,2002-12-01,5.031
M,28Y,F,2003-01-01,3.152
M,28Y,F,2003-02-01,0.0
M,28Y,F,2003-03-01,0.0
M,28Y,F,2003-04-01,0.0
M,28Y,F,2003-05-01,0.0
M,28Y,F,2003-06-01,0.0
M,28Y,F,2003-07-01,0.0
M,28Y,F,2003-08-01,0.0
M,28Y,F,2003-09-01,0.0
M,28Y,F,2003-10-01,0.0
M,28Y,F,2003-11-01,0.0
M,28Y,F,2003-12-01,0.0
M,28Y,F,2004-01-01,0.0
M,28Y,F,2004-02-01,0.0
M,28Y,F,2004-03-01,0.0
M,28Y,F,2004-04-01,0.0
M,28Y,F,2004-05-01,1.404
M,28Y,F,2004-06-01,5.042
M,28Y,F,2004-07-01,4.937
M,28Y,F,2004-08-01,4.803
M,28Y,F,2004-09-01,4.732
M,28Y,F,2004-10-01,4.647
M,28Y,F,2004-11-01,4.515
M,28Y,F,2004-12-01,4.29
M,28Y,F,2005-01-01,4.169
M,28Y,F,2005-02-01,4.05
M,28Y,F,2005-03-01,4.248
M,28Y,F,2005-04-01,4.106
M,28Y,F,2005-05-01,3.914
M,28Y,F,2005-06-01,3.756
M,28Y,F,2005-07-01,3.791
M,28Y,F,2005-08-01,3.766
M,28Y,F,2005-09-01,3.607
M,28Y,F,2005-10-01,3.711
M,28Y,F,2005-11-01,3.849
M,28Y,F,2005-12-01,3.711
M,28Y,F,2006-01-01,3.639
M,28Y,F,2006-02-01,3.784
M,28Y,F,2006-03-01,3.936
M,28Y,F,2006-04-01,4.249
M,28Y,F,2006-05-01,4.331
M,28Y,F,2006-06-01,4.33
M,28Y,F,2006-07-01,4.338
M,28Y,F,2006-08-01,4.19
M,28Y,F,2006-09-01,4.026
M,28Y,F,2006-10-01,4.019
M,28Y,F,2006-11-01,3.916
M,28Y,F,2006-12-01,3.975
M,28Y,F,2007-01-01,4.211
M,28Y,F,2007-02-01,4.248
M,28Y,F,2007-03-01,4.187
M,28Y,F,2007-04-01,4.41
M,28Y,F,2007-05-01,4.5
M,28Y,F,2007-06-01,4.791
M,28Y,F,2007-07-01,4.75
M,28Y,F,2007-08-01,4.624
M,28Y,F,2007-09-01,4.655
M,28Y,F,2007-10-01,4.67
M,28Y,F,2007-11-01,4.614
M,28Y,F,2007-12-01,4.751
M,28Y,F,2008-01-01,4.679
M,28Y,F,2008-02-01,4.688
M,28Y,F,2008-03-01,4.734
M,28Y,F,2008-04-01,4.806
M,28Y,F,2008-05-01,4.894
M,28Y,F,2008-06-01,5.026
M,28Y,F,2008-07-01,5.047
M,28Y,F,2008-08-01,4.87
M,28Y,F,2008-09-01,4.922
M,28Y,F,2008-10-01,4.695
M,28Y,F,2008-11-01,4.616
M,28Y,F,2008-12-01,4.11
M,28Y,F,2009-01-01,4.557
M,28Y,F,2009-02-01,4.616
M,28Y,F,2009-03-01,4.68
M,28Y,F,2009-04-01,4.557
M,28Y,F,2009-05-01,4.67
M,28Y,F,2009-06-01,4.718
M,28Y,F,2009-07-01,4.532
M,28Y,F,2009-08-01,4.347
M,28Y,F,2009-09-01,4.435
M,28Y,F,2009-10-01,4.418
M,28Y,F,2009-11-01,4.434
M,28Y,F,2009-12-01,4.389
M,28Y,F,2010-01-01,4.411
M,28Y,F,2010-02-01,4.324
M,28Y,F,2010-03-01,4.24
M,28Y,F,2010-04-01,4.212
M,28Y,F,2010-05-01,4.112
M,28Y,F,2010-06-01,4.163
M,28Y,F,2010-07-01,4.051
M,28Y,F,2010-08-01,3.694
M,28Y,F,2010-09-01,3.706
M,28Y,F,2010-10-01,3.775
M,28Y,F,2010-11-01,3.916
M,28Y,F,2010-12-01,4.426
M,28Y,F,2011-01-01,4.587
M,28Y,F,2011-02-01,4.65
M,28Y,F,2011-03-01,4.614
M,28Y,F,2011-04-01,4.744
M,28Y,F,2011-05-01,4.689
M,28Y,F,2011-06-01,4.687
M,28Y,F,2011-07-01,4.721
M,28Y,F,2011-08-01,4.614
M,28Y,F,2011-09-01,4.413
M,28Y,F,2011-10-01,4.676
M,28Y,F,2011-11-01,5.164
M,28Y,F,2011-12-01,4.518
M,28Y,F,2012-01-01,4.409
M,28Y,F,2012-02-01,4.123
M,28Y,F,2012-03-01,3.986
M,28Y,F,2012-04-01,3.955
M,28Y,F,2012-05-01,3.746
M,28Y,F,2012-06-01,3.67
M,28Y,F,2012-07-01,3.516
M,28Y,F,2012-08-01,3.389
M,28Y,F,2012-09-01,3.472
M,28Y,F,2012-10-01,3.306
M,28Y,F,2012-11-01,3.253
M,28Y,F,2012-12-01,3.122
M,28Y,F,2013-01-01,3.217
M,28Y,F,2013-02-01,3.272
M,28Y,F,2013-03-01,3.186
M,28Y,F,2013-04-01,2.993
M,28Y,F,2013-05-01,3.003
M,28Y,F,2013-06-01,3.365
M,28Y,F,2013-07-01,3.418
M,28Y,F,2013-08-01,3.531
M,28Y,F,2013-09-01,3.736
M,28Y,F,2013-10-01,3.637
M,28Y,F,2013-11-01,3.504
M,28Y,F,2013-12-01,3.412
M,28Y,F,2014-01-01,3.396
M,28Y,F,2014-02-01,3.268
M,28Y,F,2014-03-01,3.182
M,28Y,F,2014-04-01,3.086
M,28Y,F,2014-05-01,2.926
M,28Y,F,2014-06-01,2.871
M,28Y,F,2014-07-01,2.663
M,28Y,F,2014-08-01,2.41
M,28Y,F,2014-09-01,2.439
M,28Y,F,2014-10-01,2.311
M,28Y,F,2014-11-01,2.21
M,28Y,F,2014-12-01,1.955
M,28Y,F,2015-01-01,1.578
M,28Y,F,2015-02-01,1.35
M,28Y,F,2015-03-01,1.101
M,28Y,F,2015-04-01,1.031
M,28Y,F,2015-05-01,1.614
M,28Y,F,2015-06-01,2.023
M,28Y,F,2015-07-01,2.043
M,28Y,F,2015-08-01,1.905
M,28Y,F,2015-09-01,1.956
M,28Y,F,2015-10-01,1.817
M,28Y,F,2015-11-01,1.88
M,28Y,F,2015-12-01,1.93
M,28Y,F,2016-01-01,1.887
M,28Y,F,2016-02-01,1.577
M,28Y,F,2016-03-01,1.599
M,28Y,F,2016-04-01,1.594
M,28Y,F,2016-05-01,1.591
M,28Y,F,2016-06-01,1.287
M,28Y,F,2016-07-01,0.996
M,28Y,F,2016-08-01,0.962
M,28Y,F,2016-09-01,1.08
M,28Y,F,2016-10-01,1.184
M,28Y,F,2016-11-01,1.457
M,28Y,F,2016-12-01,1.607
M,28Y,F,2017-01-01,1.796
M,28Y,F,2017-02-01,1.848
M,28Y,F,2017-03-01,1.807
M,28Y,F,2017-04-01,1.701
M,28Y,F,2017-05-01,1.755
M,28Y,F,2017-06-01,1.615
M,28Y,F,2017-07-01,1.798
M,28Y,F,2017-08-01,1.706
M,28Y,F,2017-09-01,1.74
M,28Y,F,2017-10-01,1.736
M,28Y,F,2017-11-01,1.634
M,28Y,F,2017-12-01,1.544
M,28Y,F,2018-01-01,1.678
M,28Y,F,2018-02-01,1.681
M,28Y,F,2018-03-01,1.609
M,28Y,F,2018-04-01,1.572
M,28Y,F,2018-05-01,1.659
M,28Y,F,2018-06-01,1.699
M,28Y,F,2018-07-01,1.6
M,28Y,F,2018-08-01,1.654
M,28Y,F,2018-09-01,1.704
M,28Y,F,2018-10-01,1.763
M,28Y,F,2018-11-01,1.783
M,28Y,F,2018-12-01,1.739
M,28Y,F,2019-01-01,1.694
M,28Y,F,2019-02-01,1.648
M,28Y,F,2019-03-01,1.54
M,28Y,F,2019-04-01,1.502
M,28Y,F,2019-05-01,1.442
M,28Y,F,2019-06-01,1.096
M,28Y,F,2019-07-01,0.936
M,28Y,F,2019-08-01,0.551
M,28Y,F,2019-09-01,0.603
M,28Y,F,2019-10-01,0.649
M,28Y,F,2019-11-01,0.768
M,28Y,F,2019-12-01,0.807
M,28Y,F,2020-01-01,0.797
M,28Y,F,2020-02-01,0.592
M,28Y,F,2020-03-01,0.601
M,28Y,F,2020-04-01,0.774
M,28Y,F,2020-05-01,0.743
M,28Y,F,2020-06-01,0.686
M,28Y,F,2020-07-01,0.555
M,28Y,F,2020-08-01,0.488
M,28Y,F,2020-09-01,0.44
M,28Y,F,2020-10-01,0.35
M,28Y,F,2020-11-01,0.322
M,28Y,F,2020-12-01,0.32
M,28Y,F,2021-01-01,0.362
M,28Y,F,2021-02-01,0.591
M,28Y,F,2021-03-01,0.721
M,28Y,F,2021-04-01,0.8
M,28Y,F,2021-05-01,0.95
M,28Y,F,2021-06-01,0.899
M,28Y,F,2021-07-01,0.739
M,28Y,F,2021-08-01,0.624
M,28Y,F,2021-09-01,0.778
M,28Y,F,2021-10-01,0.874
M,28Y,F,2021-11-01,0.76
M,28Y,F,2021-12-01,0.711
M,28Y,F,2022-01-01,0.95
M,28Y,F,2022-02-01,1.18
M,28Y,F,2022-03-01,1.37
M,28Y,F,2022-04-01,1.74
M,28Y,F,2022-05-01,2.04
M,28Y,F,2022-06-01,2.63
M,28Y,F,2022-07-01,2.45
M,28Y,F,2022-08-01,2.29
M,28Y,F,2022-09-01,2.8
M,28Y,F,2022-10-01,3.21
M,28Y,F,2022-11-01,2.97
M,28Y,F,2022-12-01,2.87
M,28Y,F,2023-01-01,3.06
M,28Y,F,2023-02-01,3.29
M,28Y,F,2023-03-01,3.43
M,28Y,F,2023-04-01,3.48
M,28Y,F,2023-05-01,3.54
M,28Y,F,2023-06-01,3.49
M,28Y,F,2023-07-01,3.5
M,28Y,F,2023-08-01,3.66
M,28Y,F,2023-09-01,3.8
M,28Y,F,2023-10-01,4.09
M,28Y,F,2023-11-01,3.81
M,28Y,F,2023-12-01,3.26
M,28Y,F,2024-01-01,3.38
M,28Y,F,2024-02-01,3.44
M,28Y,F,2024-03-01,3.38
M,28Y,F,2024-04-01,3.48
M,28Y,F,2024-05-01,3.52
M,28Y,F,2024-06-01,3.58
M,28Y,F,2024-07-01,3.58
M,28Y,F,2024-08-01,3.41
M,28Y,F,2024-09-01,3.42
M,28Y,F,2024-10-01,3.48
M,28Y,F,2024-11-01,3.47
M,28Y,F,2024-12-01,3.37
M,28Y,F,2025-01-01,3.72
M,28Y,F,2025-02-01,3.62
M,28Y,F,2025-03-01,4.0
M,28Y,F,2025-04-01,3.89
M,28Y,F,2025-05-01,3.94
M,28Y,F,2025-06-01,3.91
M,28Y,F,2025-07-01,4.09
M,28Y,F,2025-08-01,4.17
M,28Y,F,2025-09-01,4.25
M,28Y,F,2025-10-01,4.15
M,28Y,F,2025-11-01,4.18
M,28Y,F,2025-12-01,4.3
M,28Y,F,2026-01-01,4.3
M,28Y,F,2026-02-01,4.24
M,28Y,F,2026-03-01,4.31
M,28Y,F,2026-04-01,4.39
M,28Y,F,2026-05-01,4.42
M,28Y,F,2026-06-01,4.36
M,28Y,F,2026-07-01,4.49
M,28Y,F,2026-08-01,4.59
M,28Y,F,2026-09-01,4.83
M,19Y,F,2000-01-01,6.197
M,19Y,F,2000-02-01,6.021
M,19Y,F,2000-03-01,5.826
M,19Y,F,2000-04-01,5.75
M,19Y,F,2000-05-01,5.86
M,19Y,F,2000-06-01,5.727
M,19Y,F,2000-07-01,5.781
M,19Y,F,2000-08-01,5.706
M,19Y,F,2000-09-01,5.827
M,19Y,F,2000-10-01,5.83
M,19Y,F,2000-11-01,5.826
M,19Y,F,2000-12-01,5.659
M,19Y,F,2001-01-01,5.579
M,19Y,F,2001-02-01,5.59
M,19Y,F,2001-03-01,5.569
M,19Y,F,2001-04-01,5.69
M,19Y,F,2001-05-01,5.819
M,19Y,F,2001-06-01,5.767
M,19Y,F,2001-07-01,5.76
M,19Y,F,2001-08-01,5.609
M,19Y,F,2001-09-01,5.669
M,19Y,F,2001-10-01,5.394
M,19Y,F,2001-11-01,5.147
M,19Y,F,2001-12-01,5.284
M,19Y,F,2002-01-01,5.37
M,19Y,F,2002-02-01,5.448
M,19Y,F,2002-03-01,5.643
M,19Y,F,2002-04-01,5.659
M,19Y,F,2002-05-01,5.637
M,19Y,F,2002-06-01,5.518
M,19Y,F,2002-07-01,5.386
M,19Y,F,2002-08-01,5.155
M,19Y,F,2002-09-01,5.001
M,19Y,F,2002-10-01,5.14
M,19Y,F,2002-11-01,5.133
M,19Y,F,2002-12-01,4.939
M,19Y,F,2003-01-01,4.78
M,19Y,F,2003-02-01,4.674
M,19Y,F,2003-03-01,4.71
M,19Y,F,2003-04-01,4.828
M,19Y,F,2003-05-01,4.574
M,19Y,F,2003-06-01,4.428
M,19Y,F,2003-07-01,4.708
M,19Y,F,2003-08-01,4.772
M,19Y,F,2003-09-01,4.825
M,19Y,F,2003-10-01,4.868
M,19Y,F,2003-11-01,4.929
M,19Y,F,2003-12-01,4.867
M,19Y,F,2004-01-01,4.788
M,19Y,F,2004-02-01,4.773
M,19Y,F,2004-03-01,4.62
M,19Y,F,2004-04-01,4.762
M,19Y,F,2004-05-01,4.867
M,19Y,F,2004-06-01,4.86
M,19Y,F,2004-07-01,4.748
M,19Y,F,2004-08-01,4.606
M,19Y,F,2004-09-01,4.538
M,19Y,F,2004-10-01,4.439
M,19Y,F,2004-11-01,4.306
M,19Y,F,2004-12-01,4.077
M,19Y,F,2005-01-01,3.981
M,19Y,F,2005-02-01,3.9
M,19Y,F,2005-03-01,4.077
M,19Y,F,2005-04-01,3.903
M,19Y,F,2005-05-01,3.718
M,19Y,F,2005-06-01,3.575
M,19Y,F,2005-07-01,3.628
M,19Y,F,2005-08-01,3.604
M,19Y,F,2005-09-01,3.427
M,19Y,F,2005-10-01,3.527
M,19Y,F,2005-11-01,3.679
M,19Y,F,2005-12-01,3.524
M,19Y,F,2006-01-01,3.532
M,19Y,F,2006-02-01,3.722
M,19Y,F,2006-03-01,3.88
M,19Y,F,2006-04-01,4.162
M,19Y,F,2006-05-01,4.237
M,19Y,F,2006-06-01,4.226
M,19Y,F,2006-07-01,4.246
M,19Y,F,2006-08-01,4.104
M,19Y,F,2006-09-01,3.952
M,19Y,F,2006-10-01,3.957
M,19Y,F,2006-11-01,3.863
M,19Y,F,2006-12-01,3.931
M,19Y,F,2007-01-01,4.172
M,19Y,F,2007-02-01,4.204
M,19Y,F,2007-03-01,4.133
M,19Y,F,2007-04-01,4.358
M,19Y,F,2007-05-01,4.455
M,19Y,F,2007-06-01,4.751
M,19Y,F,2007-07-01,4.703
M,19Y,F,2007-08-01,4.595
M,19Y,F,2007-09-01,4.606
M,19Y,F,2007-10-01,4.621
M,19Y,F,2007-11-01,4.558
M,19Y,F,2007-12-01,4.696
M,19Y,F,2008-01-01,4.6
M,19Y,F,2008-02-01,4.587
M,19Y,F,2008-03-01,4.634
M,19Y,F,2008-04-01,4.727
M,19Y,F,2008-05-01,4.83
M,19Y,F,2008-06-01,5.019
M,19Y,F,2008-07-01,5.056
M,19Y,F,2008-08-01,4.864
M,19Y,F,2008-09-01,4.897
M,19Y,F,2008-10-01,4.76
M,19Y,F,2008-11-01,4.648
M,19Y,F,2008-12-01,4.096
M,19Y,F,2009-01-01,4.496
M,19Y,F,2009-02-01,4.574
M,19Y,F,2009-03-01,4.609
M,19Y,F,2009-04-01,4.469
M,19Y,F,2009-05-01,4.516
M,19Y,F,2009-06-01,4.622
M,19Y,F,2009-07-01,4.442
M,19Y,F,2009-08-01,4.237
M,19Y,F,2009-09-01,4.317
M,19Y,F,2009-10-01,4.334
M,19Y,F,2009-11-01,4.334
M,19Y,F,2009-12-01,4.3
M,19Y,F,2010-01-01,4.312
M,19Y,F,2010-02-01,4.223
M,19Y,F,2010-03-01,4.1
M,19Y,F,2010-04-01,4.032
M,19Y,F,2010-05-01,3.916
M,19Y,F,2010-06-01,3.973
M,19Y,F,2010-07-01,3.815
M,19Y,F,2010-08-01,3.451
M,19Y,F,2010-09-01,3.498
M,19Y,F,2010-10-01,3.598
M,19Y,F,2010-11-01,3.814
M,19Y,F,2010-12-01,4.338
M,19Y,F,2011-01-01,4.502
M,19Y,F,2011-02-01,4.564
M,19Y,F,2011-03-01,4.544
M,19Y,F,2011-04-01,4.641
M,19Y,F,2011-05-01,4.618
M,19Y,F,2011-06-01,4.577
M,19Y,F,2011-07-01,4.569
M,19Y,F,2011-08-01,4.46
M,19Y,F,2011-09-01,4.247
M,19Y,F,2011-10-01,4.53
M,19Y,F,2011-11-01,5.091
M,19Y,F,2011-12-01,4.487
M,19Y,F,2012-01-01,4.344
M,19Y,F,2012-02-01,4.03
M,19Y,F,2012-03-01,3.87
M,19Y,F,2012-04-01,3.935
M,19Y,F,2012-05-01,3.733
M,19Y,F,2012-06-01,3.642
M,19Y,F,2012-07-01,3.424
M,19Y,F,2012-08-01,3.279
M,19Y,F,2012-09-01,3.347
M,19Y,F,2012-10-01,3.164
M,19Y,F,2012-11-01,3.077
M,19Y,F,2012-12-01,2.893
M,19Y,F,2013-01-01,3.013
M,19Y,F,2013-02-01,3.087
M,19Y,F,2013-03-01,2.97
M,19Y,F,2013-04-01,2.757
M,19Y,F,2013-05-01,2.778
M,19Y,F,2013-06-01,3.151
M,19Y,F,2013-07-01,3.274
M,19Y,F,2013-08-01,3.39
M,19Y,F,2013-09-01,3.536
M,19Y,F,2013-10-01,3.389
M,19Y,F,2013-11-01,3.245
M,19Y,F,2013-12-01,3.187
M,19Y,F,2014-01-01,3.163
M,19Y,F,2014-02-01,3.004
M,19Y,F,2014-03-01,2.923
M,19Y,F,2014-04-01,2.822
M,19Y,F,2014-05-01,2.659
M,19Y,F,2014-06-01,2.589
M,19Y,F,2014-07-01,2.375
M,19Y,F,2014-08-01,2.128
M,19Y,F,2014-09-01,2.124
M,19Y,F,2014-10-01,1.986
M,19Y,F,2014-11-01,1.877
M,19Y,F,2014-12-01,1.631
M,19Y,F,2015-01-01,1.278
M,19Y,F,2015-02-01,1.116
M,19Y,F,2015-03-01,0.917
M,19Y,F,2015-04-01,0.866
M,19Y,F,2015-05-01,1.412
M,19Y,F,2015-06-01,1.83
M,19Y,F,2015-07-01,1.835
M,19Y,F,2015-08-01,1.702
M,19Y,F,2015-09-01,1.749
M,19Y,F,2015-10-01,1.614
M,19Y,F,2015-11-01,1.653
M,19Y,F,2015-12-01,1.72
M,19Y,F,2016-01-01,1.684
M,19Y,F,2016-02-01,1.345
M,19Y,F,2016-03-01,1.297
M,19Y,F,2016-04-01,1.275
M,19Y,F,2016-05-01,1.251
M,19Y,F,2016-06-01,0.969
M,19Y,F,2016-07-01,0.685
M,19Y,F,2016-08-01,0.653
M,19Y,F,2016-09-01,0.753
M,19Y,F,2016-10-01,0.844
M,19Y,F,2016-11-01,1.128
M,19Y,F,2016-12-01,1.3
M,19Y,F,2017-01-01,1.465
M,19Y,F,2017-02-01,1.479
M,19Y,F,2017-03-01,1.366
M,19Y,F,2017-04-01,1.269
M,19Y,F,2017-05-01,1.318
M,19Y,F,2017-06-01,1.184
M,19Y,F,2017-07-01,1.378
M,19Y,F,2017-08-01,1.275
M,19Y,F,2017-09-01,1.298
M,19Y,F,2017-10-01,1.3
M,19Y,F,2017-11-01,1.197
M,19Y,F,2017-12-01,1.116
M,19Y,F,2018-01-01,1.262
M,19Y,F,2018-02-01,1.32
M,19Y,F,2018-03-01,1.26
M,19Y,F,2018-04-01,1.231
M,19Y,F,2018-05-01,1.326
M,19Y,F,2018-06-01,1.335
M,19Y,F,2018-07-01,1.332
M,19Y,F,2018-08-01,1.385
M,19Y,F,2018-09-01,1.437
M,19Y,F,2018-10-01,1.5
M,19Y,F,2018-11-01,1.525
M,19Y,F,2018-12-01,1.485
M,19Y,F,2019-01-01,1.413
M,19Y,F,2019-02-01,1.283
M,19Y,F,2019-03-01,1.148
M,19Y,F,2019-04-01,1.113
M,19Y,F,2019-05-01,1.054
M,19Y,F,2019-06-01,0.728
M,19Y,F,2019-07-01,0.566
M,19Y,F,2019-08-01,0.207
M,19Y,F,2019-09-01,0.267
M,19Y,F,2019-10-01,0.319
M,19Y,F,2019-11-01,0.448
M,19Y,F,2019-12-01,0.498
M,19Y,F,2020-01-01,0.485
M,19Y,F,2020-02-01,0.305
M,19Y,F,2020-03-01,0.379
M,19Y,F,2020-04-01,0.56
M,19Y,F,2020-05-01,0.536
M,19Y,F,2020-06-01,0.45
M,19Y,F,2020-07-01,0.306
M,19Y,F,2020-08-01,0.253
M,19Y,F,2020-09-01,0.205
M,19Y,F,2020-10-01,0.114
M,19Y,F,2020-11-01,0.081
M,19Y,F,2020-12-01,0.08
M,19Y,F,2021-01-01,0.116
M,19Y,F,2021-02-01,0.325
M,19Y,F,2021-03-01,0.45
M,19Y,F,2021-04-01,0.527
M,19Y,F,2021-05-01,0.676
M,19Y,F,2021-06-01,0.615
M,19Y,F,2021-07-01,0.443
M,19Y,F,2021-08-01,0.338
M,19Y,F,2021-09-01,0.48
M,19Y,F,2021-10-01,0.609
M,19Y,F,2021-11-01,0.518
M,19Y,F,2021-12-01,0.481
M,19Y,F,2022-01-01,0.71
M,19Y,F,2022-02-01,0.97
M,19Y,F,2022-03-01,1.2
M,19Y,F,2022-04-01,1.61
M,19Y,F,2022-05-01,1.96
M,19Y,F,2022-06-01,2.48
M,19Y,F,2022-07-01,2.36
M,19Y,F,2022-08-01,2.21
M,19Y,F,2022-09-01,2.81
M,19Y,F,2022-10-01,3.26
M,19Y,F,2022-11-01,3.02
M,19Y,F,2022-12-01,2.91
M,19Y,F,2023-01-01,3.07
M,19Y,F,2023-02-01,3.25
M,19Y,F,2023-03-01,3.35
M,19Y,F,2023-04-01,3.38
M,19Y,F,2023-05-01,3.42
M,19Y,F,2023-06-01,3.37
M,19Y,F,2023-07-01,3.38
M,19Y,F,2023-08-01,3.57
M,19Y,F,2023-09-01,3.7
M,19Y,F,2023-10-01,3.99
M,19Y,F,2023-11-01,3.71
M,19Y,F,2023-12-01,3.14
M,19Y,F,2024-01-01,3.26
M,19Y,F,2024-02-01,3.34
M,19Y,F,2024-03-01,3.27
M,19Y,F,2024-04-01,3.38
M,19Y,F,2024-05-01,3.42
M,19Y,F,2024-06-01,3.48
M,19Y,F,2024-07-01,3.46
M,19Y,F,2024-08-01,3.29
M,19Y,F,2024-09-01,3.28
M,19Y,F,2024-10-01,3.34
M,19Y,F,2024-11-01,3.35
M,19Y,F,2024-12-01,3.23
M,19Y,F,2025-01-01,3.57
M,19Y,F,2025-02-01,3.46
M,19Y,F,2025-03-01,3.84
M,19Y,F,2025-04-01,3.72
M,19Y,F,2025-05-01,3.77
M,19Y,F,2025-06-01,3.74
M,19Y,F,2025-07-01,3.91
M,19Y,F,2025-08-01,3.95
M,19Y,F,2025-09-01,4.02
M,19Y,F,2025-10-01,3.92
M,19Y,F,2025-11-01,3.91
M,19Y,F,2025-12-01,4.01
M,19Y,F,2026-01-01,4.02
M,19Y,F,2026-02-01,3.93
M,19Y,F,2026-03-01,4.04
M,19Y,F,2026-04-01,4.14
M,19Y,F,2026-05-01,4.16
M,19Y,F,2026-06-01,4.09
M,19Y,F,2026-07-01,4.21
M,19Y,F,2026-08-01,4.33
M,19Y,F,2026-09-01,4.62
M,13Y,F,2000-01-01,5.985
M,13Y,F,2000-02-01,5.874
M,13Y,F,2000-03-01,5.684
M,13Y,F,2000-04-01,5.593
M,13Y,F,2000-05-01,5.746
M,13Y,F,2000-06-01,5.593
M,13Y,F,2000-07-01,5.669
M,13Y,F,2000-08-01,5.62
M,13Y,F,2000-09-01,5.701
M,13Y,F,2000-10-01,5.674
M,13Y,F,2000-11-01,5.641
M,13Y,F,2000-12-01,5.435
M,13Y,F,2001-01-01,5.333
M,13Y,F,2001-02-01,5.315
M,13Y,F,2001-03-01,5.264
M,13Y,F,2001-04-01,5.394
M,13Y,F,2001-05-01,5.548
M,13Y,F,2001-06-01,5.501
M,13Y,F,2001-07-01,5.516
M,13Y,F,2001-08-01,5.35
M,13Y,F,2001-09-01,5.366
M,13Y,F,2001-10-01,5.103
M,13Y,F,2001-11-01,4.916
M,13Y,F,2001-12-01,5.118
M,13Y,F,2002-01-01,5.205
M,13Y,F,2002-02-01,5.26
M,13Y,F,2002-03-01,5.478
M,13Y,F,2002-04-01,5.481
M,13Y,F,2002-05-01,5.481
M,13Y,F,2002-06-01,5.357
M,13Y,F,2002-07-01,5.213
M,13Y,F,2002-08-01,4.958
M,13Y,F,2002-09-01,4.783
M,13Y,F,2002-10-01,4.892
M,13Y,F,2002-11-01,4.88
M,13Y,F,2002-12-01,4.694
M,13Y,F,2003-01-01,4.527
M,13Y,F,2003-02-01,4.326
M,13Y,F,2003-03-01,4.369
M,13Y,F,2003-04-01,4.504
M,13Y,F,2003-05-01,4.208
M,13Y,F,2003-06-01,4.024
M,13Y,F,2003-07-01,4.327
M,13Y,F,2003-08-01,4.448
M,13Y,F,2003-09-01,4.493
M,13Y,F,2003-10-01,4.552
M,13Y,F,2003-11-01,4.646
M,13Y,F,2003-12-01,4.59
M,13Y,F,2004-01-01,4.48
M,13Y,F,2004-02-01,4.44
M,13Y,F,2004-03-01,4.276
M,13Y,F,2004-04-01,4.452
M,13Y,F,2004-05-01,4.571
M,13Y,F,2004-06-01,4.613
M,13Y,F,2004-07-01,4.507
M,13Y,F,2004-08-01,4.358
M,13Y,F,2004-09-01,4.295
M,13Y,F,2004-10-01,4.187
M,13Y,F,2004-11-01,4.057
M,13Y,F,2004-12-01,3.841
M,13Y,F,2005-01-01,3.762
M,13Y,F,2005-02-01,3.721
M,13Y,F,2005-03-01,3.895
M,13Y,F,2005-04-01,3.707
M,13Y,F,2005-05-01,3.536
M,13Y,F,2005-06-01,3.38
M,13Y,F,2005-07-01,3.426
M,13Y,F,2005-08-01,3.427
M,13Y,F,2005-09-01,3.252
M,13Y,F,2005-10-01,3.38
M,13Y,F,2005-11-01,3.56
M,13Y,F,2005-12-01,3.426
M,13Y,F,2006-01-01,3.435
M,13Y,F,2006-02-01,3.611
M,13Y,F,2006-03-01,3.773
M,13Y,F,2006-04-01,4.036
M,13Y,F,2006-05-01,4.106
M,13Y,F,2006-06-01,4.095
M,13Y,F,2006-07-01,4.118
M,13Y,F,2006-08-01,3.985
M,13Y,F,2006-09-01,3.853
M,13Y,F,2006-10-01,3.886
M,13Y,F,2006-11-01,3.803
M,13Y,F,2006-12-01,3.862
M,13Y,F,2007-01-01,4.12
M,13Y,F,2007-02-01,4.151
M,13Y,F,2007-03-01,4.055
M,13Y,F,2007-04-01,4.274
M,13Y,F,2007-05-01,4.383
M,13Y,F,2007-06-01,4.684
M,13Y,F,2007-07-01,4.653
M,13Y,F,2007-08-01,4.534
M,13Y,F,2007-09-01,4.519
M,13Y,F,2007-10-01,4.555
M,13Y,F,2007-11-01,4.473
M,13Y,F,2007-12-01,4.629
M,13Y,F,2008-01-01,4.494
M,13Y,F,2008-02-01,4.473
M,13Y,F,2008-03-01,4.508
M,13Y,F,2008-04-01,4.579
M,13Y,F,2008-05-01,4.686
M,13Y,F,2008-06-01,4.954
M,13Y,F,2008-07-01,4.973
M,13Y,F,2008-08-01,4.763
M,13Y,F,2008-09-01,4.759
M,13Y,F,2008-10-01,4.659
M,13Y,F,2008-11-01,4.557
M,13Y,F,2008-12-01,4.021
M,13Y,F,2009-01-01,4.363
M,13Y,F,2009-02-01,4.43
M,13Y,F,2009-03-01,4.254
M,13Y,F,2009-04-01,4.182
M,13Y,F,2009-05-01,4.313
M,13Y,F,2009-06-01,4.4
M,13Y,F,2009-07-01,4.226
M,13Y,F,2009-08-01,4.092
M,13Y,F,2009-09-01,4.119
M,13Y,F,2009-10-01,4.118
M,13Y,F,2009-11-01,4.117
M,13Y,F,2009-12-01,4.074
M,13Y,F,2010-01-01,4.085
M,13Y,F,2010-02-01,3.964
M,13Y,F,2010-03-01,3.862
M,13Y,F,2010-04-01,3.784
M,13Y,F,2010-05-01,3.564
M,13Y,F,2010-06-01,3.684
M,13Y,F,2010-07-01,3.543
M,13Y,F,2010-08-01,3.235
M,13Y,F,2010-09-01,3.354
M,13Y,F,2010-10-01,3.479
M,13Y,F,2010-11-01,3.741
M,13Y,F,2010-12-01,4.207
M,13Y,F,2011-01-01,4.317
M,13Y,F,2011-02-01,4.344
M,13Y,F,2011-03-01,4.354
M,13Y,F,2011-04-01,4.465
M,13Y,F,2011-05-01,4.415
M,13Y,F,2011-06-01,4.345
M,13Y,F,2011-07-01,4.429
M,13Y,F,2011-08-01,4.325
M,13Y,F,2011-09-01,4.104
M,13Y,F,2011-10-01,4.411
M,13Y,F,2011-11-01,5.044
M,13Y,F,2011-12-01,4.517
M,13Y,F,2012-01-01,4.345
M,13Y,F,2012-02-01,3.904
M,13Y,F,2012-03-01,3.769
M,13Y,F,2012-04-01,3.791
M,13Y,F,2012-05-01,3.584
M,13Y,F,2012-06-01,3.463
M,13Y,F,2012-07-01,3.059
M,13Y,F,2012-08-01,2.894
M,13Y,F,2012-09-01,2.981
M,13Y,F,2012-10-01,2.813
M,13Y,F,2012-11-01,2.716
M,13Y,F,2012-12-01,2.568
M,13Y,F,2013-01-01,2.728
M,13Y,F,2013-02-01,2.831
M,13Y,F,2013-03-01,2.676
M,13Y,F,2013-04-01,2.478
M,13Y,F,2013-05-01,2.501
M,13Y,F,2013-06-01,2.907
M,13Y,F,2013-07-01,3.036
M,13Y,F,2013-08-01,3.132
M,13Y,F,2013-09-01,3.255
M,13Y,F,2013-10-01,3.08
M,13Y,F,2013-11-01,2.972
M,13Y,F,2013-12-01,2.986
M,13Y,F,2014-01-01,2.952
M,13Y,F,2014-02-01,2.774
M,13Y,F,2014-03-01,2.658
M,13Y,F,2014-04-01,2.556
M,13Y,F,2014-05-01,2.398
M,13Y,F,2014-06-01,2.268
M,13Y,F,2014-07-01,2.058
M,13Y,F,2014-08-01,1.83
M,13Y,F,2014-09-01,1.749
M,13Y,F,2014-10-01,1.622
M,13Y,F,2014-11-01,1.518
M,13Y,F,2014-12-01,1.312
M,13Y,F,2015-01-01,0.999
M,13Y,F,2015-02-01,0.864
M,13Y,F,2015-03-01,0.681
M,13Y,F,2015-04-01,0.616
M,13Y,F,2015-05-01,1.135
M,13Y,F,2015-06-01,1.521
M,13Y,F,2015-07-01,1.507
M,13Y,F,2015-08-01,1.376
M,13Y,F,2015-09-01,1.395
M,13Y,F,2015-10-01,1.253
M,13Y,F,2015-11-01,1.275
M,13Y,F,2015-12-01,1.344
M,13Y,F,2016-01-01,1.282
M,13Y,F,2016-02-01,1.017
M,13Y,F,2016-03-01,0.926
M,13Y,F,2016-04-01,0.889
M,13Y,F,2016-05-01,0.877
M,13Y,F,2016-06-01,0.698
M,13Y,F,2016-07-01,0.452
M,13Y,F,2016-08-01,0.412
M,13Y,F,2016-09-01,0.477
M,13Y,F,2016-10-01,0.579
M,13Y,F,2016-11-01,0.905
M,13Y,F,2016-12-01,0.978
M,13Y,F,2017-01-01,1.103
M,13Y,F,2017-02-01,1.126
M,13Y,F,2017-03-01,1.097
M,13Y,F,2017-04-01,1.013
M,13Y,F,2017-05-01,1.016
M,13Y,F,2017-06-01,0.869
M,13Y,F,2017-07-01,1.076
M,13Y,F,2017-08-01,0.963
M,13Y,F,2017-09-01,0.964
M,13Y,F,2017-10-01,0.964
M,13Y,F,2017-11-01,0.857
M,13Y,F,2017-12-01,0.798
M,13Y,F,2018-01-01,0.971
M,13Y,F,2018-02-01,1.111
M,13Y,F,2018-03-01,1.016
M,13Y,F,2018-04-01,0.967
M,13Y,F,2018-05-01,1.013
M,13Y,F,2018-06-01,0.992
M,13Y,F,2018-07-01,0.947
M,13Y,F,2018-08-01,0.998
M,13Y,F,2018-09-01,1.052
M,13Y,F,2018-10-01,1.14
M,13Y,F,2018-11-01,1.127
M,13Y,F,2018-12-01,1.068
M,13Y,F,2019-01-01,1.049
M,13Y,F,2019-02-01,0.941
M,13Y,F,2019-03-01,0.792
M,13Y,F,2019-04-01,0.733
M,13Y,F,2019-05-01,0.675
M,13Y,F,2019-06-01,0.381
M,13Y,F,2019-07-01,0.222
M,13Y,F,2019-08-01,-0.089
M,13Y,F,2019-09-01,-0.042
M,13Y,F,2019-10-01,0.034
M,13Y,F,2019-11-01,0.158
M,13Y,F,2019-12-01,0.209
M,13Y,F,2020-01-01,0.192
M,13Y,F,2020-02-01,0.028
M,13Y,F,2020-03-01,0.135
M,13Y,F,2020-04-01,0.297
M,13Y,F,2020-05-01,0.234
M,13Y,F,2020-06-01,0.147
M,13Y,F,2020-07-01,0.021
M,13Y,F,2020-08-01,-0.014
M,13Y,F,2020-09-01,-0.052
M,13Y,F,2020-10-01,-0.146
M,13Y,F,2020-11-01,-0.182
M,13Y,F,2020-12-01,-0.182
M,13Y,F,2021-01-01,-0.144
M,13Y,F,2021-02-01,0.056
M,13Y,F,2021-03-01,0.16
M,13Y,F,2021-04-01,0.232
M,13Y,F,2021-05-01,0.377
M,13Y,F,2021-06-01,0.32
M,13Y,F,2021-07-01,0.168
M,13Y,F,2021-08-01,0.068
M,13Y,F,2021-09-01,0.218
M,13Y,F,2021-10-01,0.372
M,13Y,F,2021-11-01,0.289
M,13Y,F,2021-12-01,0.242
M,13Y,F,2022-01-01,0.49
M,13Y,F,2022-02-01,0.8
M,13Y,F,2022-03-01,0.99
M,13Y,F,2022-04-01,1.47
M,13Y,F,2022-05-01,1.79
M,13Y,F,2022-06-01,2.34
M,13Y,F,2022-07-01,2.07
M,13Y,F,2022-08-01,1.97
M,13Y,F,2022-09-01,2.67
M,13Y,F,2022-10-01,3.09
M,13Y,F,2022-11-01,2.86
M,13Y,F,2022-12-01,2.87
M,13Y,F,2023-01-01,3.0
M,13Y,F,2023-02-01,3.17
M,13Y,F,2023-03-01,3.22
M,13Y,F,2023-04-01,3.22
M,13Y,F,2023-05-01,3.22
M,13Y,F,2023-06-01,3.21
M,13Y,F,2023-07-01,3.27
M,13Y,F,2023-08-01,3.4
M,13Y,F,2023-09-01,3.5
M,13Y,F,2023-10-01,3.75
M,13Y,F,2023-11-01,3.46
M,13Y,F,2023-12-01,2.92
M,13Y,F,2024-01-01,3.01
M,13Y,F,2024-02-01,3.09
M,13Y,F,2024-03-01,3.04
M,13Y,F,2024-04-01,3.16
M,13Y,F,2024-05-01,3.2
M,13Y,F,2024-06-01,3.26
M,13Y,F,2024-07-01,3.21
M,13Y,F,2024-08-01,3.02
M,13Y,F,2024-09-01,3.0
M,13Y,F,2024-10-01,3.05
M,13Y,F,2024-11-01,3.11
M,13Y,F,2024-12-01,2.98
M,13Y,F,2025-01-01,3.31
M,13Y,F,2025-02-01,3.19
M,13Y,F,2025-03-01,3.53
M,13Y,F,2025-04-01,3.4
M,13Y,F,2025-05-01,3.41
M,13Y,F,2025-06-01,3.36
M,13Y,F,2025-07-01,3.51
M,13Y,F,2025-08-01,3.55
M,13Y,F,2025-09-01,3.6
M,13Y,F,2025-10-01,3.51
M,13Y,F,2025-11-01,3.53
M,13Y,F,2025-12-01,3.65
M,13Y,F,2026-01-01,3.65
M,13Y,F,2026-02-01,3.54
M,13Y,F,2026-03-01,3.73
M,13Y,F,2026-04-01,3.82
M,13Y,F,2026-05-01,3.84
M,13Y,F,2026-06-01,3.76
M,13Y,F,2026-07-01,3.88
M,13Y,F,2026-08-01,4.0
M,13Y,F,2026-09-01,4.34
M,9Y,F,2000-01-01,5.748
M,9Y,F,2000-02-01,5.714
M,9Y,F,2000-03-01,5.555
M,9Y,F,2000-04-01,5.466
M,9Y,F,2000-05-01,5.65
M,9Y,F,2000-06-01,5.494
M,9Y,F,2000-07-01,5.566
M,9Y,F,2000-08-01,5.534
M,9Y,F,2000-09-01,5.59
M,9Y,F,2000-10-01,5.55
M,9Y,F,2000-11-01,5.493
M,9Y,F,2000-12-01,5.237
M,9Y,F,2001-01-01,5.102
M,9Y,F,2001-02-01,5.055
M,9Y,F,2001-03-01,4.975
M,9Y,F,2001-04-01,5.105
M,9Y,F,2001-05-01,5.278
M,9Y,F,2001-06-01,5.229
M,9Y,F,2001-07-01,5.251
M,9Y,F,2001-08-01,5.064
M,9Y,F,2001-09-01,5.023
M,9Y,F,2001-10-01,4.794
M,9Y,F,2001-11-01,4.672
M,9Y,F,2001-12-01,4.924
M,9Y,F,2002-01-01,5.028
M,9Y,F,2002-02-01,5.103
M,9Y,F,2002-03-01,5.326
M,9Y,F,2002-04-01,5.312
M,9Y,F,2002-05-01,5.325
M,9Y,F,2002-06-01,5.18
M,9Y,F,2002-07-01,5.017
M,9Y,F,2002-08-01,4.731
M,9Y,F,2002-09-01,4.513
M,9Y,F,2002-10-01,4.571
M,9Y,F,2002-11-01,4.547
M,9Y,F,2002-12-01,4.367
M,9Y,F,2003-01-01,4.181
M,9Y,F,2003-02-01,3.946
M,9Y,F,2003-03-01,3.986
M,9Y,F,2003-04-01,4.118
M,9Y,F,2003-05-01,3.789
M,9Y,F,2003-06-01,3.581
M,9Y,F,2003-07-01,3.905
M,9Y,F,2003-08-01,4.101
M,9Y,F,2003-09-01,4.127
M,9Y,F,2003-10-01,4.208
M,9Y,F,2003-11-01,4.344
M,9Y,F,2003-12-01,4.293
M,9Y,F,2004-01-01,4.147
M,9Y,F,2004-02-01,4.071
M,9Y,F,2004-03-01,3.892
M,9Y,F,2004-04-01,4.103
M,9Y,F,2004-05-01,4.241
M,9Y,F,2004-06-01,4.321
M,9Y,F,2004-07-01,4.211
M,9Y,F,2004-08-01,4.059
M,9Y,F,2004-09-01,4.008
M,9Y,F,2004-10-01,3.893
M,9Y,F,2004-11-01,3.772
M,9Y,F,2004-12-01,3.577
M,9Y,F,2005-01-01,3.515
M,9Y,F,2005-02-01,3.506
M,9Y,F,2005-03-01,3.675
M,9Y,F,2005-04-01,3.475
M,9Y,F,2005-05-01,3.305
M,9Y,F,2005-06-01,3.141
M,9Y,F,2005-07-01,3.181
M,9Y,F,2005-08-01,3.211
M,9Y,F,2005-09-01,3.056
M,9Y,F,2005-10-01,3.232
M,9Y,F,2005-11-01,3.444
M,9Y,F,2005-12-01,3.347
M,9Y,F,2006-01-01,3.327
M,9Y,F,2006-02-01,3.472
M,9Y,F,2006-03-01,3.66
M,9Y,F,2006-04-01,3.922
M,9Y,F,2006-05-01,3.977
M,9Y,F,2006-06-01,3.971
M,9Y,F,2006-07-01,4.006
M,9Y,F,2006-08-01,3.88
M,9Y,F,2006-09-01,3.76
M,9Y,F,2006-10-01,3.813
M,9Y,F,2006-11-01,3.746
M,9Y,F,2006-12-01,3.813
M,9Y,F,2007-01-01,4.054
M,9Y,F,2007-02-01,4.088
M,9Y,F,2007-03-01,3.99
M,9Y,F,2007-04-01,4.205
M,9Y,F,2007-05-01,4.33
M,9Y,F,2007-06-01,4.626
M,9Y,F,2007-07-01,4.602
M,9Y,F,2007-08-01,4.417
M,9Y,F,2007-09-01,4.371
M,9Y,F,2007-10-01,4.401
M,9Y,F,2007-11-01,4.254
M,9Y,F,2007-12-01,4.396
M,9Y,F,2008-01-01,4.208
M,9Y,F,2008-02-01,4.086
M,9Y,F,2008-03-01,4.075
M,9Y,F,2008-04-01,4.278
M,9Y,F,2008-05-01,4.451
M,9Y,F,2008-06-01,4.813
M,9Y,F,2008-07-01,4.803
M,9Y,F,2008-08-01,4.518
M,9Y,F,2008-09-01,4.512
M,9Y,F,2008-10-01,4.407
M,9Y,F,2008-11-01,4.195
M,9Y,F,2008-12-01,3.856
M,9Y,F,2009-01-01,4.067
M,9Y,F,2009-02-01,4.104
M,9Y,F,2009-03-01,3.938
M,9Y,F,2009-04-01,3.821
M,9Y,F,2009-05-01,3.914
M,9Y,F,2009-06-01,4.027
M,9Y,F,2009-07-01,3.816
M,9Y,F,2009-08-01,3.676
M,9Y,F,2009-09-01,3.632
M,9Y,F,2009-10-01,3.59
M,9Y,F,2009-11-01,3.575
M,9Y,F,2009-12-01,3.555
M,9Y,F,2010-01-01,3.588
M,9Y,F,2010-02-01,3.485
M,9Y,F,2010-03-01,3.396
M,9Y,F,2010-04-01,3.334
M,9Y,F,2010-05-01,3.113
M,9Y,F,2010-06-01,3.313
M,9Y,F,2010-07-01,3.148
M,9Y,F,2010-08-01,2.868
M,9Y,F,2010-09-01,2.989
M,9Y,F,2010-10-01,3.083
M,9Y,F,2010-11-01,3.372
M,9Y,F,2010-12-01,3.882
M,9Y,F,2011-01-01,4.031
M,9Y,F,2011-02-01,4.049
M,9Y,F,2011-03-01,4.053
M,9Y,F,2011-04-01,4.116
M,9Y,F,2011-05-01,4.05
M,9Y,F,2011-06-01,3.988
M,9Y,F,2011-07-01,4.084
M,9Y,F,2011-08-01,3.95
M,9Y,F,2011-09-01,3.75
M,9Y,F,2011-10-01,4.079
M,9Y,F,2011-11-01,4.789
M,9Y,F,2011-12-01,4.243
M,9Y,F,2012-01-01,3.998
M,9Y,F,2012-02-01,3.423
M,9Y,F,2012-03-01,3.264
M,9Y,F,2012-04-01,3.288
M,9Y,F,2012-05-01,3.068
M,9Y,F,2012-06-01,2.959
M,9Y,F,2012-07-01,2.507
M,9Y,F,2012-08-01,2.374
M,9Y,F,2012-09-01,2.444
M,9Y,F,2012-10-01,2.284
M,9Y,F,2012-11-01,2.13
M,9Y,F,2012-12-01,1.942
M,9Y,F,2013-01-01,2.1
M,9Y,F,2013-02-01,2.182
M,9Y,F,2013-03-01,1.962
M,9Y,F,2013-04-01,1.754
M,9Y,F,2013-05-01,1.805
M,9Y,F,2013-06-01,2.225
M,9Y,F,2013-07-01,2.318
M,9Y,F,2013-08-01,2.456
M,9Y,F,2013-09-01,2.571
M,9Y,F,2013-10-01,2.411
M,9Y,F,2013-11-01,2.266
M,9Y,F,2013-12-01,2.309
M,9Y,F,2014-01-01,2.289
M,9Y,F,2014-02-01,2.1
M,9Y,F,2014-03-01,1.992
M,9Y,F,2014-04-01,1.894
M,9Y,F,2014-05-01,1.749
M,9Y,F,2014-06-01,1.601
M,9Y,F,2014-07-01,1.407
M,9Y,F,2014-08-01,1.218
M,9Y,F,2014-09-01,1.151
M,9Y,F,2014-10-01,1.054
M,9Y,F,2014-11-01,0.955
M,9Y,F,2014-12-01,0.816
M,9Y,F,2015-01-01,0.581
M,9Y,F,2015-02-01,0.468
M,9Y,F,2015-03-01,0.354
M,9Y,F,2015-04-01,0.305
M,9Y,F,2015-05-01,0.722
M,9Y,F,2015-06-01,1.055
M,9Y,F,2015-07-01,0.99
M,9Y,F,2015-08-01,0.861
M,9Y,F,2015-09-01,0.866
M,9Y,F,2015-10-01,0.736
M,9Y,F,2015-11-01,0.735
M,9Y,F,2015-12-01,0.808
M,9Y,F,2016-01-01,0.738
M,9Y,F,2016-02-01,0.492
M,9Y,F,2016-03-01,0.405
M,9Y,F,2016-04-01,0.367
M,9Y,F,2016-05-01,0.373
M,9Y,F,2016-06-01,0.267
M,9Y,F,2016-07-01,0.064
M,9Y,F,2016-08-01,0.022
M,9Y,F,2016-09-01,0.058
M,9Y,F,2016-10-01,0.159
M,9Y,F,2016-11-01,0.468
M,9Y,F,2016-12-01,0.527
M,9Y,F,2017-01-01,0.624
M,9Y,F,2017-02-01,0.643
M,9Y,F,2017-03-01,0.68
M,9Y,F,2017-04-01,0.6
M,9Y,F,2017-05-01,0.61
M,9Y,F,2017-06-01,0.49
M,9Y,F,2017-07-01,0.718
M,9Y,F,2017-08-01,0.619
M,9Y,F,2017-09-01,0.597
M,9Y,F,2017-10-01,0.603
M,9Y,F,2017-11-01,0.503
M,9Y,F,2017-12-01,0.466
M,9Y,F,2018-01-01,0.67
M,9Y,F,2018-02-01,0.851
M,9Y,F,2018-03-01,0.749
M,9Y,F,2018-04-01,0.694
M,9Y,F,2018-05-01,0.718
M,9Y,F,2018-06-01,0.679
M,9Y,F,2018-07-01,0.577
M,9Y,F,2018-08-01,0.625
M,9Y,F,2018-09-01,0.69
M,9Y,F,2018-10-01,0.771
M,9Y,F,2018-11-01,0.743
M,9Y,F,2018-12-01,0.691
M,9Y,F,2019-01-01,0.629
M,9Y,F,2019-02-01,0.497
M,9Y,F,2019-03-01,0.362
M,9Y,F,2019-04-01,0.315
M,9Y,F,2019-05-01,0.264
M,9Y,F,2019-06-01,0.034
M,9Y,F,2019-07-01,-0.095
M,9Y,F,2019-08-01,-0.352
M,9Y,F,2019-09-01,-0.3
M,9Y,F,2019-10-01,-0.2
M,9Y,F,2019-11-01,-0.081
M,9Y,F,2019-12-01,-0.041
M,9Y,F,2020-01-01,-0.06
M,9Y,F,2020-02-01,-0.216
M,9Y,F,2020-03-01,-0.087
M,9Y,F,2020-04-01,0.054
M,9Y,F,2020-05-01,-0.043
M,9Y,F,2020-06-01,-0.119
M,9Y,F,2020-07-01,-0.232
M,9Y,F,2020-08-01,-0.266
M,9Y,F,2020-09-01,-0.306
M,9Y,F,2020-10-01,-0.39
M,9Y,F,2020-11-01,-0.415
M,9Y,F,2020-12-01,-0.426
M,9Y,F,2021-01-01,-0.388
M,9Y,F,2021-02-01,-0.234
M,9Y,F,2021-03-01,-0.16
M,9Y,F,2021-04-01,-0.108
M,9Y,F,2021-05-01,0.022
M,9Y,F,2021-06-01,-0.024
M,9Y,F,2021-07-01,-0.16
M,9Y,F,2021-08-01,-0.253
M,9Y,F,2021-09-01,-0.113
M,9Y,F,2021-10-01,0.053
M,9Y,F,2021-11-01,-0.03
M,9Y,F,2021-12-01,-0.072
M,9Y,F,2022-01-01,0.17
M,9Y,F,2022-02-01,0.53
M,9Y,F,2022-03-01,0.68
M,9Y,F,2022-04-01,1.17
M,9Y,F,2022-05-01,1.44
M,9Y,F,2022-06-01,2.02
M,9Y,F,2022-07-01,1.66
M,9Y,F,2022-08-01,1.6
M,9Y,F,2022-09-01,2.36
M,9Y,F,2022-10-01,2.76
M,9Y,F,2022-11-01,2.6
M,9Y,F,2022-12-01,2.66
M,9Y,F,2023-01-01,2.74
M,9Y,F,2023-02-01,2.93
M,9Y,F,2023-03-01,2.96
M,9Y,F,2023-04-01,2.95
M,9Y,F,2023-05-01,2.92
M,9Y,F,2023-06-01,2.96
M,9Y,F,2023-07-01,3.06
M,9Y,F,2023-08-01,3.15
M,9Y,F,2023-09-01,3.27
M,9Y,F,2023-10-01,3.46
M,9Y,F,2023-11-01,3.18
M,9Y,F,2023-12-01,2.66
M,9Y,F,2024-01-01,2.74
M,9Y,F,2024-02-01,2.83
M,9Y,F,2024-03-01,2.81
M,9Y,F,2024-04-01,2.92
M,9Y,F,2024-05-01,2.99
M,9Y,F,2024-06-01,3.03
M,9Y,F,2024-07-01,2.97
M,9Y,F,2024-08-01,2.74
M,9Y,F,2024-09-01,2.69
M,9Y,F,2024-10-01,2.75
M,9Y,F,2024-11-01,2.84
M,9Y,F,2024-12-01,2.71
M,9Y,F,2025-01-01,3.03
M,9Y,F,2025-02-01,2.9
M,9Y,F,2025-03-01,3.2
M,9Y,F,2025-04-01,2.99
M,9Y,F,2025-05-01,3.01
M,9Y,F,2025-06-01,2.98
M,9Y,F,2025-07-01,3.1
M,9Y,F,2025-08-01,3.14
M,9Y,F,2025-09-01,3.17
M,9Y,F,2025-10-01,3.1
M,9Y,F,2025-11-01,3.13
M,9Y,F,2025-12-01,3.26
M,9Y,F,2026-01-01,3.24
M,9Y,F,2026-02-01,3.12
M,9Y,F,2026-03-01,3.36
M,9Y,F,2026-04-01,3.44
M,9Y,F,2026-05-01,3.47
M,9Y,F,2026-06-01,3.39
M,9Y,F,2026-07-01,3.53
M,9Y,F,2026-08-01,3.64
M,9Y,F,2026-09-01,4.01
M,29Y,F,2000-01-01,6.311
M,29Y,F,2000-02-01,6.093
M,29Y,F,2000-03-01,5.916
M,29Y,F,2000-04-01,5.821
M,29Y,F,2000-05-01,5.905
M,29Y,F,2000-06-01,5.782
M,29Y,F,2000-07-01,5.834
M,29Y,F,2000-08-01,5.74
M,29Y,F,2000-09-01,5.9
M,29Y,F,2000-10-01,5.933
M,29Y,F,2000-11-01,5.907
M,29Y,F,2000-12-01,5.779
M,29Y,F,2001-01-01,5.69
M,29Y,F,2001-02-01,5.655
M,29Y,F,2001-03-01,5.638
M,29Y,F,2001-04-01,5.784
M,29Y,F,2001-05-01,5.916
M,29Y,F,2001-06-01,5.879
M,29Y,F,2001-07-01,5.863
M,29Y,F,2001-08-01,5.699
M,29Y,F,2001-09-01,5.805
M,29Y,F,2001-10-01,5.54
M,29Y,F,2001-11-01,5.277
M,29Y,F,2001-12-01,5.384
M,29Y,F,2002-01-01,5.439
M,29Y,F,2002-02-01,5.5
M,29Y,F,2002-03-01,5.7
M,29Y,F,2002-04-01,5.724
M,29Y,F,2002-05-01,5.695
M,29Y,F,2002-06-01,5.554
M,29Y,F,2002-07-01,5.408
M,29Y,F,2002-08-01,5.193
M,29Y,F,2002-09-01,5.055
M,29Y,F,2002-10-01,5.173
M,29Y,F,2002-11-01,5.185
M,29Y,F,2002-12-01,5.031
M,29Y,F,2003-01-01,3.152
M,29Y,F,2003-02-01,0.0
M,29Y,F,2003-03-01,0.0
M,29Y,F,2003-04-01,0.0
M,29Y,F,2003-05-01,0.0
M,29Y,F,2003-06-01,0.0
M,29Y,F,2003-07-01,0.0
M,29Y,F,2003-08-01,0.0
M,29Y,F,2003-09-01,0.0
M,29Y,F,2003-10-01,0.0
M,29Y,F,2003-11-01,0.0
M,29Y,F,2003-12-01,0.0
M,29Y,F,2004-01-01,0.0
M,29Y,F,2004-02-01,0.0
M,29Y,F,2004-03-01,0.0
M,29Y,F,2004-04-01,0.0
M,29Y,F,2004-05-01,1.404
M,29Y,F,2004-06-01,5.046
M,29Y,F,2004-07-01,4.942
M,29Y,F,2004-08-01,4.808
M,29Y,F,2004-09-01,4.736
M,29Y,F,2004-10-01,4.652
M,29Y,F,2004-11-01,4.52
M,29Y,F,2004-12-01,4.297
M,29Y,F,2005-01-01,4.172
M,29Y,F,2005-02-01,4.052
M,29Y,F,2005-03-01,4.254
M,29Y,F,2005-04-01,4.115
M,29Y,F,2005-05-01,3.924
M,29Y,F,2005-06-01,3.763
M,29Y,F,2005-07-01,3.794
M,29Y,F,2005-08-01,3.771
M,29Y,F,2005-09-01,3.612
M,29Y,F,2005-10-01,3.721
M,29Y,F,2005-11-01,3.859
M,29Y,F,2005-12-01,3.725
M,29Y,F,2006-01-01,3.644
M,29Y,F,2006-02-01,3.784
M,29Y,F,2006-03-01,3.935
M,29Y,F,2006-04-01,4.249
M,29Y,F,2006-05-01,4.332
M,29Y,F,2006-06-01,4.33
M,29Y,F,2006-07-01,4.338
M,29Y,F,2006-08-01,4.19
M,29Y,F,2006-09-01,4.025
M,29Y,F,2006-10-01,4.019
M,29Y,F,2006-11-01,3.916
M,29Y,F,2006-12-01,3.975
M,29Y,F,2007-01-01,4.211
M,29Y,F,2007-02-01,4.248
M,29Y,F,2007-03-01,4.187
M,29Y,F,2007-04-01,4.41
M,29Y,F,2007-05-01,4.5
M,29Y,F,2007-06-01,4.791
M,29Y,F,2007-07-01,4.75
M,29Y,F,2007-08-01,4.624
M,29Y,F,2007-09-01,4.655
M,29Y,F,2007-10-01,4.67
M,29Y,F,2007-11-01,4.614
M,29Y,F,2007-12-01,4.751
M,29Y,F,2008-01-01,4.679
M,29Y,F,2008-02-01,4.688
M,29Y,F,2008-03-01,4.734
M,29Y,F,2008-04-01,4.806
M,29Y,F,2008-05-01,4.894
M,29Y,F,2008-06-01,5.026
M,29Y,F,2008-07-01,5.047
M,29Y,F,2008-08-01,4.87
M,29Y,F,2008-09-01,4.922
M,29Y,F,2008-10-01,4.695
M,29Y,F,2008-11-01,4.616
M,29Y,F,2008-12-01,4.11
M,29Y,F,2009-01-01,4.557
M,29Y,F,2009-02-01,4.616
M,29Y,F,2009-03-01,4.68
M,29Y,F,2009-04-01,4.557
M,29Y,F,2009-05-01,4.67
M,29Y,F,2009-06-01,4.718
M,29Y,F,2009-07-01,4.532
M,29Y,F,2009-08-01,4.347
M,29Y,F,2009-09-01,4.435
M,29Y,F,2009-10-01,4.418
M,29Y,F,2009-11-01,4.434
M,29Y,F,2009-12-01,4.389
M,29Y,F,2010-01-01,4.411
M,29Y,F,2010-02-01,4.324
M,29Y,F,2010-03-01,4.24
M,29Y,F,2010-04-01,4.215
M,29Y,F,2010-05-01,4.113
M,29Y,F,2010-06-01,4.165
M,29Y,F,2010-07-01,4.057
M,29Y,F,2010-08-01,3.707
M,29Y,F,2010-09-01,3.721
M,29Y,F,2010-10-01,3.787
M,29Y,F,2010-11-01,3.926
M,29Y,F,2010-12-01,4.429
M,29Y,F,2011-01-01,4.583
M,29Y,F,2011-02-01,4.646
M,29Y,F,2011-03-01,4.612
M,29Y,F,2011-04-01,4.745
M,29Y,F,2011-05-01,4.684
M,29Y,F,2011-06-01,4.684
M,29Y,F,2011-07-01,4.728
M,29Y,F,2011-08-01,4.622
M,29Y,F,2011-09-01,4.42
M,29Y,F,2011-10-01,4.684
M,29Y,F,2011-11-01,5.17
M,29Y,F,2011-12-01,4.525
M,29Y,F,2012-01-01,4.416
M,29Y,F,2012-02-01,4.125
M,29Y,F,2012-03-01,3.993
M,29Y,F,2012-04-01,3.958
M,29Y,F,2012-05-01,3.748
M,29Y,F,2012-06-01,3.671
M,29Y,F,2012-07-01,3.51
M,29Y,F,2012-08-01,3.383
M,29Y,F,2012-09-01,3.468
M,29Y,F,2012-10-01,3.305
M,29Y,F,2012-11-01,3.252
M,29Y,F,2012-12-01,3.123
M,29Y,F,2013-01-01,3.217
M,29Y,F,2013-02-01,3.273
M,29Y,F,2013-03-01,3.186
M,29Y,F,2013-04-01,2.993
M,29Y,F,2013-05-01,3.003
M,29Y,F,2013-06-01,3.365
M,29Y,F,2013-07-01,3.418
M,29Y,F,2013-08-01,3.531
M,29Y,F,2013-09-01,3.744
M,29Y,F,2013-10-01,3.652
M,29Y,F,2013-11-01,3.524
M,29Y,F,2013-12-01,3.432
M,29Y,F,2014-01-01,3.417
M,29Y,F,2014-02-01,3.289
M,29Y,F,2014-03-01,3.201
M,29Y,F,2014-04-01,3.105
M,29Y,F,2014-05-01,2.944
M,29Y,F,2014-06-01,2.887
M,29Y,F,2014-07-01,2.678
M,29Y,F,2014-08-01,2.425
M,29Y,F,2014-09-01,2.453
M,29Y,F,2014-10-01,2.324
M,29Y,F,2014-11-01,2.223
M,29Y,F,2014-12-01,1.968
M,29Y,F,2015-01-01,1.594
M,29Y,F,2015-02-01,1.359
M,29Y,F,2015-03-01,1.106
M,29Y,F,2015-04-01,1.032
M,29Y,F,2015-05-01,1.616
M,29Y,F,2015-06-01,2.023
M,29Y,F,2015-07-01,2.041
M,29Y,F,2015-08-01,1.904
M,29Y,F,2015-09-01,1.954
M,29Y,F,2015-10-01,1.814
M,29Y,F,2015-11-01,1.878
M,29Y,F,2015-12-01,1.925
M,29Y,F,2016-01-01,1.879
M,29Y,F,2016-02-01,1.577
M,29Y,F,2016-03-01,1.607
M,29Y,F,2016-04-01,1.603
M,29Y,F,2016-05-01,1.603
M,29Y,F,2016-06-01,1.307
M,29Y,F,2016-07-01,1.015
M,29Y,F,2016-08-01,0.981
M,29Y,F,2016-09-01,1.098
M,29Y,F,2016-10-01,1.204
M,29Y,F,2016-11-01,1.478
M,29Y,F,2016-12-01,1.619
M,29Y,F,2017-01-01,1.807
M,29Y,F,2017-02-01,1.862
M,29Y,F,2017-03-01,1.835
M,29Y,F,2017-04-01,1.729
M,29Y,F,2017-05-01,1.781
M,29Y,F,2017-06-01,1.639
M,29Y,F,2017-07-01,1.82
M,29Y,F,2017-08-01,1.727
M,29Y,F,2017-09-01,1.762
M,29Y,F,2017-10-01,1.757
M,29Y,F,2017-11-01,1.655
M,29Y,F,2017-12-01,1.565
M,29Y,F,2018-01-01,1.698
M,29Y,F,2018-02-01,1.703
M,29Y,F,2018-03-01,1.625
M,29Y,F,2018-04-01,1.584
M,29Y,F,2018-05-01,1.668
M,29Y,F,2018-06-01,1.71
M,29Y,F,2018-07-01,1.598
M,29Y,F,2018-08-01,1.652
M,29Y,F,2018-09-01,1.702
M,29Y,F,2018-10-01,1.762
M,29Y,F,2018-11-01,1.78
M,29Y,F,2018-12-01,1.736
M,29Y,F,2019-01-01,1.694
M,29Y,F,2019-02-01,1.665
M,29Y,F,2019-03-01,1.559
M,29Y,F,2019-04-01,1.521
M,29Y,F,2019-05-01,1.459
M,29Y,F,2019-06-01,1.113
M,29Y,F,2019-07-01,0.953
M,29Y,F,2019-08-01,0.57
M,29Y,F,2019-09-01,0.619
M,29Y,F,2019-10-01,0.665
M,29Y,F,2019-11-01,0.781
M,29Y,F,2019-12-01,0.819
M,29Y,F,2020-01-01,0.812
M,29Y,F,2020-02-01,0.604
M,29Y,F,2020-03-01,0.608
M,29Y,F,2020-04-01,0.777
M,29Y,F,2020-05-01,0.744
M,29Y,F,2020-06-01,0.688
M,29Y,F,2020-07-01,0.558
M,29Y,F,2020-08-01,0.492
M,29Y,F,2020-09-01,0.447
M,29Y,F,2020-10-01,0.356
M,29Y,F,2020-11-01,0.329
M,29Y,F,2020-12-01,0.325
M,29Y,F,2021-01-01,0.368
M,29Y,F,2021-02-01,0.599
M,29Y,F,2021-03-01,0.727
M,29Y,F,2021-04-01,0.804
M,29Y,F,2021-05-01,0.954
M,29Y,F,2021-06-01,0.904
M,29Y,F,2021-07-01,0.746
M,29Y,F,2021-08-01,0.629
M,29Y,F,2021-09-01,0.785
M,29Y,F,2021-10-01,0.878
M,29Y,F,2021-11-01,0.763
M,29Y,F,2021-12-01,0.713
M,29Y,F,2022-01-01,0.95
M,29Y,F,2022-02-01,1.18
M,29Y,F,2022-03-01,1.37
M,29Y,F,2022-04-01,1.74
M,29Y,F,2022-05-01,2.04
M,29Y,F,2022-06-01,2.63
M,29Y,F,2022-07-01,2.45
M,29Y,F,2022-08-01,2.29
M,29Y,F,2022-09-01,2.8
M,29Y,F,2022-10-01,3.2
M,29Y,F,2022-11-01,2.95
M,29Y,F,2022-12-01,2.87
M,29Y,F,2023-01-01,3.06
M,29Y,F,2023-02-01,3.29
M,29Y,F,2023-03-01,3.43
M,29Y,F,2023-04-01,3.49
M,29Y,F,2023-05-01,3.55
M,29Y,F,2023-06-01,3.5
M,29Y,F,2023-07-01,3.5
M,29Y,F,2023-08-01,3.66
M,29Y,F,2023-09-01,3.8
M,29Y,F,2023-10-01,4.09
M,29Y,F,2023-11-01,3.81
M,29Y,F,2023-12-01,3.26
M,29Y,F,2024-01-01,3.37
M,29Y,F,2024-02-01,3.44
M,29Y,F,2024-03-01,3.37
M,29Y,F,2024-04-01,3.47
M,29Y,F,2024-05-01,3.51
M,29Y,F,2024-06-01,3.58
M,29Y,F,2024-07-01,3.57
M,29Y,F,2024-08-01,3.41
M,29Y,F,2024-09-01,3.41
M,29Y,F,2024-10-01,3.48
M,29Y,F,2024-11-01,3.47
M,29Y,F,2024-12-01,3.36
M,29Y,F,2025-01-01,3.72
M,29Y,F,2025-02-01,3.61
M,29Y,F,2025-03-01,4.0
M,29Y,F,2025-04-01,3.89
M,29Y,F,2025-05-01,3.94
M,29Y,F,2025-06-01,3.91
M,29Y,F,2025-07-01,4.08
M,29Y,F,2025-08-01,4.17
M,29Y,F,2025-09-01,4.24
M,29Y,F,2025-10-01,4.14
M,29Y,F,2025-11-01,4.18
M,29Y,F,2025-12-01,4.3
M,29Y,F,2026-01-01,4.3
M,29Y,F,2026-02-01,4.24
M,29Y,F,2026-03-01,4.32
M,29Y,F,2026-04-01,4.4
M,29Y,F,2026-05-01,4.42
M,29Y,F,2026-06-01,4.37
M,29Y,F,2026-07-01,4.5
M,29Y,F,2026-08-01,4.6
M,29Y,F,2026-09-01,4.84
M,16Y,F,2000-01-01,6.107
M,16Y,F,2000-02-01,5.958
M,16Y,F,2000-03-01,5.761
M,16Y,F,2000-04-01,5.684
M,16Y,F,2000-05-01,5.813
M,16Y,F,2000-06-01,5.674
M,16Y,F,2000-07-01,5.734
M,16Y,F,2000-08-01,5.672
M,16Y,F,2000-09-01,5.77
M,16Y,F,2000-10-01,5.758
M,16Y,F,2000-11-01,5.749
M,16Y,F,2000-12-01,5.561
M,16Y,F,2001-01-01,5.476
M,16Y,F,2001-02-01,5.488
M,16Y,F,2001-03-01,5.457
M,16Y,F,2001-04-01,5.574
M,16Y,F,2001-05-01,5.71
M,16Y,F,2001-06-01,5.655
M,16Y,F,2001-07-01,5.659
M,16Y,F,2001-08-01,5.505
M,16Y,F,2001-09-01,5.538
M,16Y,F,2001-10-01,5.264
M,16Y,F,2001-11-01,5.04
M,16Y,F,2001-12-01,5.205
M,16Y,F,2002-01-01,5.3
M,16Y,F,2002-02-01,5.376
M,16Y,F,2002-03-01,5.576
M,16Y,F,2002-04-01,5.587
M,16Y,F,2002-05-01,5.572
M,16Y,F,2002-06-01,5.454
M,16Y,F,2002-07-01,5.32
M,16Y,F,2002-08-01,5.077
M,16Y,F,2002-09-01,4.911
M,16Y,F,2002-10-01,5.046
M,16Y,F,2002-11-01,5.031
M,16Y,F,2002-12-01,4.831
M,16Y,F,2003-01-01,4.665
M,16Y,F,2003-02-01,4.529
M,16Y,F,2003-03-01,4.56
M,16Y,F,2003-04-01,4.688
M,16Y,F,2003-05-01,4.416
M,16Y,F,2003-06-01,4.252
M,16Y,F,2003-07-01,4.54
M,16Y,F,2003-08-01,4.63
M,16Y,F,2003-09-01,4.677
M,16Y,F,2003-10-01,4.723
M,16Y,F,2003-11-01,4.795
M,16Y,F,2003-12-01,4.733
M,16Y,F,2004-01-01,4.642
M,16Y,F,2004-02-01,4.621
M,16Y,F,2004-03-01,4.462
M,16Y,F,2004-04-01,4.619
M,16Y,F,2004-05-01,4.731
M,16Y,F,2004-06-01,4.746
M,16Y,F,2004-07-01,4.636
M,16Y,F,2004-08-01,4.491
M,16Y,F,2004-09-01,4.425
M,16Y,F,2004-10-01,4.32
M,16Y,F,2004-11-01,4.189
M,16Y,F,2004-12-01,3.964
M,16Y,F,2005-01-01,3.878
M,16Y,F,2005-02-01,3.816
M,16Y,F,2005-03-01,3.989
M,16Y,F,2005-04-01,3.806
M,16Y,F,2005-05-01,3.627
M,16Y,F,2005-06-01,3.48
M,16Y,F,2005-07-01,3.533
M,16Y,F,2005-08-01,3.517
M,16Y,F,2005-09-01,3.34
M,16Y,F,2005-10-01,3.45
M,16Y,F,2005-11-01,3.613
M,16Y,F,2005-12-01,3.465
M,16Y,F,2006-01-01,3.486
M,16Y,F,2006-02-01,3.678
M,16Y,F,2006-03-01,3.837
M,16Y,F,2006-04-01,4.105
M,16Y,F,2006-05-01,4.18
M,16Y,F,2006-06-01,4.167
M,16Y,F,2006-07-01,4.188
M,16Y,F,2006-08-01,4.05
M,16Y,F,2006-09-01,3.908
M,16Y,F,2006-10-01,3.925
M,16Y,F,2006-11-01,3.836
M,16Y,F,2006-12-01,3.898
M,16Y,F,2007-01-01,4.151
M,16Y,F,2007-02-01,4.181
M,16Y,F,2007-03-01,4.097
M,16Y,F,2007-04-01,4.321
M,16Y,F,2007-05-01,4.421
M,16Y,F,2007-06-01,4.72
M,16Y,F,2007-07-01,4.68
M,16Y,F,2007-08-01,4.575
M,16Y,F,2007-09-01,4.576
M,16Y,F,2007-10-01,4.603
M,16Y,F,2007-11-01,4.537
M,16Y,F,2007-12-01,4.686
M,16Y,F,2008-01-01,4.574
M,16Y,F,2008-02-01,4.569
M,16Y,F,2008-03-01,4.612
M,16Y,F,2008-04-01,4.68
M,16Y,F,2008-05-01,4.779
M,16Y,F,2008-06-01,5.001
M,16Y,F,2008-07-01,5.034
M,16Y,F,2008-08-01,4.839
M,16Y,F,2008-09-01,4.853
M,16Y,F,2008-10-01,4.742
M,16Y,F,2008-11-01,4.643
M,16Y,F,2008-12-01,4.074
M,16Y,F,2009-01-01,4.455
M,16Y,F,2009-02-01,4.531
M,16Y,F,2009-03-01,4.46
M,16Y,F,2009-04-01,4.355
M,16Y,F,2009-05-01,4.44
M,16Y,F,2009-06-01,4.541
M,16Y,F,2009-07-01,4.367
M,16Y,F,2009-08-01,4.193
M,16Y,F,2009-09-01,4.253
M,16Y,F,2009-10-01,4.27
M,16Y,F,2009-11-01,4.267
M,16Y,F,2009-12-01,4.228
M,16Y,F,2010-01-01,4.235
M,16Y,F,2010-02-01,4.129
M,16Y,F,2010-03-01,4.007
M,16Y,F,2010-04-01,3.933
M,16Y,F,2010-05-01,3.772
M,16Y,F,2010-06-01,3.85
M,16Y,F,2010-07-01,3.701
M,16Y,F,2010-08-01,3.36
M,16Y,F,2010-09-01,3.443
M,16Y,F,2010-10-01,3.56
M,16Y,F,2010-11-01,3.801
M,16Y,F,2010-12-01,4.295
M,16Y,F,2011-01-01,4.431
M,16Y,F,2011-02-01,4.476
M,16Y,F,2011-03-01,4.472
M,16Y,F,2011-04-01,4.576
M,16Y,F,2011-05-01,4.544
M,16Y,F,2011-06-01,4.484
M,16Y,F,2011-07-01,4.512
M,16Y,F,2011-08-01,4.406
M,16Y,F,2011-09-01,4.188
M,16Y,F,2011-10-01,4.481
M,16Y,F,2011-11-01,5.074
M,16Y,F,2011-12-01,4.507
M,16Y,F,2012-01-01,4.351
M,16Y,F,2012-02-01,3.988
M,16Y,F,2012-03-01,3.839
M,16Y,F,2012-04-01,3.919
M,16Y,F,2012-05-01,3.714
M,16Y,F,2012-06-01,3.607
M,16Y,F,2012-07-01,3.294
M,16Y,F,2012-08-01,3.132
M,16Y,F,2012-09-01,3.211
M,16Y,F,2012-10-01,3.035
M,16Y,F,2012-11-01,2.947
M,16Y,F,2012-12-01,2.782
M,16Y,F,2013-01-01,2.924
M,16Y,F,2013-02-01,3.014
M,16Y,F,2013-03-01,2.883
M,16Y,F,2013-04-01,2.676
M,16Y,F,2013-05-01,2.696
M,16Y,F,2013-06-01,3.084
M,16Y,F,2013-07-01,3.218
M,16Y,F,2013-08-01,3.319
M,16Y,F,2013-09-01,3.45
M,16Y,F,2013-10-01,3.287
M,16Y,F,2013-11-01,3.162
M,16Y,F,2013-12-01,3.138
M,16Y,F,2014-01-01,3.105
M,16Y,F,2014-02-01,2.937
M,16Y,F,2014-03-01,2.837
M,16Y,F,2014-04-01,2.735
M,16Y,F,2014-05-01,2.573
M,16Y,F,2014-06-01,2.472
M,16Y,F,2014-07-01,2.257
M,16Y,F,2014-08-01,2.015
M,16Y,F,2014-09-01,1.97
M,16Y,F,2014-10-01,1.834
M,16Y,F,2014-11-01,1.726
M,16Y,F,2014-12-01,1.495
M,16Y,F,2015-01-01,1.154
M,16Y,F,2015-02-01,1.006
M,16Y,F,2015-03-01,0.814
M,16Y,F,2015-04-01,0.758
M,16Y,F,2015-05-01,1.292
M,16Y,F,2015-06-01,1.7
M,16Y,F,2015-07-01,1.696
M,16Y,F,2015-08-01,1.563
M,16Y,F,2015-09-01,1.597
M,16Y,F,2015-10-01,1.459
M,16Y,F,2015-11-01,1.49
M,16Y,F,2015-12-01,1.558
M,16Y,F,2016-01-01,1.514
M,16Y,F,2016-02-01,1.199
M,16Y,F,2016-03-01,1.129
M,16Y,F,2016-04-01,1.099
M,16Y,F,2016-05-01,1.077
M,16Y,F,2016-06-01,0.836
M,16Y,F,2016-07-01,0.568
M,16Y,F,2016-08-01,0.53
M,16Y,F,2016-09-01,0.615
M,16Y,F,2016-10-01,0.707
M,16Y,F,2016-11-01,1.01
M,16Y,F,2016-12-01,1.145
M,16Y,F,2017-01-01,1.294
M,16Y,F,2017-02-01,1.306
M,16Y,F,2017-03-01,1.219
M,16Y,F,2017-04-01,1.126
M,16Y,F,2017-05-01,1.157
M,16Y,F,2017-06-01,1.017
M,16Y,F,2017-07-01,1.217
M,16Y,F,2017-08-01,1.107
M,16Y,F,2017-09-01,1.12
M,16Y,F,2017-10-01,1.123
M,16Y,F,2017-11-01,1.018
M,16Y,F,2017-12-01,0.945
M,16Y,F,2018-01-01,1.104
M,16Y,F,2018-02-01,1.199
M,16Y,F,2018-03-01,1.125
M,16Y,F,2018-04-01,1.09
M,16Y,F,2018-05-01,1.167
M,16Y,F,2018-06-01,1.162
M,16Y,F,2018-07-01,1.154
M,16Y,F,2018-08-01,1.205
M,16Y,F,2018-09-01,1.257
M,16Y,F,2018-10-01,1.333
M,16Y,F,2018-11-01,1.342
M,16Y,F,2018-12-01,1.294
M,16Y,F,2019-01-01,1.241
M,16Y,F,2019-02-01,1.119
M,16Y,F,2019-03-01,0.977
M,16Y,F,2019-04-01,0.93
M,16Y,F,2019-05-01,0.87
M,16Y,F,2019-06-01,0.557
M,16Y,F,2019-07-01,0.396
M,16Y,F,2019-08-01,0.058
M,16Y,F,2019-09-01,0.112
M,16Y,F,2019-10-01,0.175
M,16Y,F,2019-11-01,0.305
M,16Y,F,2019-12-01,0.354
M,16Y,F,2020-01-01,0.338
M,16Y,F,2020-02-01,0.17
M,16Y,F,2020-03-01,0.265
M,16Y,F,2020-04-01,0.439
M,16Y,F,2020-05-01,0.399
M,16Y,F,2020-06-01,0.31
M,16Y,F,2020-07-01,0.172
M,16Y,F,2020-08-01,0.129
M,16Y,F,2020-09-01,0.085
M,16Y,F,2020-10-01,-0.009
M,16Y,F,2020-11-01,-0.043
M,16Y,F,2020-12-01,-0.046
M,16Y,F,2021-01-01,-0.01
M,16Y,F,2021-02-01,0.196
M,16Y,F,2021-03-01,0.313
M,16Y,F,2021-04-01,0.388
M,16Y,F,2021-05-01,0.533
M,16Y,F,2021-06-01,0.474
M,16Y,F,2021-07-01,0.307
M,16Y,F,2021-08-01,0.205
M,16Y,F,2021-09-01,0.35
M,16Y,F,2021-10-01,0.49
M,16Y,F,2021-11-01,0.406
M,16Y,F,2021-12-01,0.364
M,16Y,F,2022-01-01,0.6
M,16Y,F,2022-02-01,0.88
M,16Y,F,2022-03-01,1.11
M,16Y,F,2022-04-01,1.54
M,16Y,F,2022-05-01,1.89
M,16Y,F,2022-06-01,2.41
M,16Y,F,2022-07-01,2.24
M,16Y,F,2022-08-01,2.11
M,16Y,F,2022-09-01,2.76
M,16Y,F,2022-10-01,3.2
M,16Y,F,2022-11-01,2.97
M,16Y,F,2022-12-01,2.9
M,16Y,F,2023-01-01,3.05
M,16Y,F,2023-02-01,3.22
M,16Y,F,2023-03-01,3.29
M,16Y,F,2023-04-01,3.31
M,16Y,F,2023-05-01,3.33
M,16Y,F,2023-06-01,3.3
M,16Y,F,2023-07-01,3.33
M,16Y,F,2023-08-01,3.5
M,16Y,F,2023-09-01,3.61
M,16Y,F,2023-10-01,3.89
M,16Y,F,2023-11-01,3.61
M,16Y,F,2023-12-01,3.05
M,16Y,F,2024-01-01,3.15
M,16Y,F,2024-02-01,3.23
M,16Y,F,2024-03-01,3.18
M,16Y,F,2024-04-01,3.29
M,16Y,F,2024-05-01,3.33
M,16Y,F,2024-06-01,3.39
M,16Y,F,2024-07-01,3.35
M,16Y,F,2024-08-01,3.17
M,16Y,F,2024-09-01,3.16
M,16Y,F,2024-10-01,3.22
M,16Y,F,2024-11-01,3.24
M,16Y,F,2024-12-01,3.12
M,16Y,F,2025-01-01,3.46
M,16Y,F,2025-02-01,3.34
M,16Y,F,2025-03-01,3.71
M,16Y,F,2025-04-01,3.58
M,16Y,F,2025-05-01,3.62
M,16Y,F,2025-06-01,3.58
M,16Y,F,2025-07-01,3.74
M,16Y,F,2025-08-01,3.77
M,16Y,F,2025-09-01,3.83
M,16Y,F,2025-10-01,3.74
M,16Y,F,2025-11-01,3.74
M,16Y,F,2025-12-01,3.84
M,16Y,F,2026-01-01,3.85
M,16Y,F,2026-02-01,3.75
M,16Y,F,2026-03-01,3.9
M,16Y,F,2026-04-01,4.0
M,16Y,F,2026-05-01,4.01
M,16Y,F,2026-06-01,3.93
M,16Y,F,2026-07-01,4.06
M,16Y,F,2026-08-01,4.18
M,16Y,F,2026-09-01,4.49
M,1Y,F,2000-01-01,3.808
M,1Y,F,2000-02-01,3.988
M,1Y,F,2000-03-01,4.133
M,1Y,F,2000-04-01,4.221
M,1Y,F,2000-05-01,4.715
M,1Y,F,2000-06-01,4.836
M,1Y,F,2000-07-01,4.962
M,1Y,F,2000-08-01,5.115
M,1Y,F,2000-09-01,5.102
M,1Y,F,2000-10-01,5.102
M,1Y,F,2000-11-01,5.064
M,1Y,F,2000-12-01,4.791
M,1Y,F,2001-01-01,4.441
M,1Y,F,2001-02-01,4.454
M,1Y,F,2001-03-01,4.354
M,1Y,F,2001-04-01,4.394
M,1Y,F,2001-05-01,4.423
M,1Y,F,2001-06-01,4.22
M,1Y,F,2001-07-01,4.223
M,1Y,F,2001-08-01,4.023
M,1Y,F,2001-09-01,3.641
M,1Y,F,2001-10-01,3.264
M,1Y,F,2001-11-01,3.087
M,1Y,F,2001-12-01,3.186
M,1Y,F,2002-01-01,3.369
M,1Y,F,2002-02-01,3.472
M,1Y,F,2002-03-01,3.687
M,1Y,F,2002-04-01,3.726
M,1Y,F,2002-05-01,3.839
M,1Y,F,2002-06-01,3.744
M,1Y,F,2002-07-01,3.524
M,1Y,F,2002-08-01,3.318
M,1Y,F,2002-09-01,3.108
M,1Y,F,2002-10-01,2.976
M,1Y,F,2002-11-01,2.886
M,1Y,F,2002-12-01,2.727
M,1Y,F,2003-01-01,2.54
M,1Y,F,2003-02-01,2.369
M,1Y,F,2003-03-01,2.294
M,1Y,F,2003-04-01,2.326
M,1Y,F,2003-05-01,2.146
M,1Y,F,2003-06-01,1.898
M,1Y,F,2003-07-01,1.969
M,1Y,F,2003-08-01,2.15
M,1Y,F,2003-09-01,2.092
M,1Y,F,2003-10-01,2.169
M,1Y,F,2003-11-01,2.277
M,1Y,F,2003-12-01,2.25
M,1Y,F,2004-01-01,2.092
M,1Y,F,2004-02-01,2.045
M,1Y,F,2004-03-01,1.943
M,1Y,F,2004-04-01,2.059
M,1Y,F,2004-05-01,2.183
M,1Y,F,2004-06-01,2.268
M,1Y,F,2004-07-01,2.245
M,1Y,F,2004-08-01,2.188
M,1Y,F,2004-09-01,2.27
M,1Y,F,2004-10-01,2.209
M,1Y,F,2004-11-01,2.218
M,1Y,F,2004-12-01,2.191
M,1Y,F,2005-01-01,2.198
M,1Y,F,2005-02-01,2.194
M,1Y,F,2005-03-01,2.219
M,1Y,F,2005-04-01,2.148
M,1Y,F,2005-05-01,2.078
M,1Y,F,2005-06-01,2.001
M,1Y,F,2005-07-01,2.064
M,1Y,F,2005-08-01,2.113
M,1Y,F,2005-09-01,2.114
M,1Y,F,2005-10-01,2.299
M,1Y,F,2005-11-01,2.574
M,1Y,F,2005-12-01,2.655
M,1Y,F,2006-01-01,2.694
M,1Y,F,2006-02-01,2.759
M,1Y,F,2006-03-01,2.932
M,1Y,F,2006-04-01,3.049
M,1Y,F,2006-05-01,3.146
M,1Y,F,2006-06-01,3.235
M,1Y,F,2006-07-01,3.372
M,1Y,F,2006-08-01,3.452
M,1Y,F,2006-09-01,3.553
M,1Y,F,2006-10-01,3.629
M,1Y,F,2006-11-01,3.696
M,1Y,F,2006-12-01,3.746
M,1Y,F,2007-01-01,3.875
M,1Y,F,2007-02-01,3.914
M,1Y,F,2007-03-01,3.944
M,1Y,F,2007-04-01,4.098
M,1Y,F,2007-05-01,4.209
M,1Y,F,2007-06-01,4.33
M,1Y,F,2007-07-01,4.385
M,1Y,F,2007-08-01,4.193
M,1Y,F,2007-09-01,4.041
M,1Y,F,2007-10-01,4.058
M,1Y,F,2007-11-01,4.016
M,1Y,F,2007-12-01,4.077
M,1Y,F,2008-01-01,3.84
M,1Y,F,2008-02-01,3.598
M,1Y,F,2008-03-01,3.695
M,1Y,F,2008-04-01,3.953
M,1Y,F,2008-05-01,4.108
M,1Y,F,2008-06-01,4.518
M,1Y,F,2008-07-01,4.478
M,1Y,F,2008-08-01,4.329
M,1Y,F,2008-09-01,4.206
M,1Y,F,2008-10-01,3.03
M,1Y,F,2008-11-01,2.465
M,1Y,F,2008-12-01,2.119
M,1Y,F,2009-01-01,1.582
M,1Y,F,2009-02-01,1.217
M,1Y,F,2009-03-01,1.031
M,1Y,F,2009-04-01,1.064
M,1Y,F,2009-05-01,0.914
M,1Y,F,2009-06-01,0.916
M,1Y,F,2009-07-01,0.721
M,1Y,F,2009-08-01,0.777
M,1Y,F,2009-09-01,0.645
M,1Y,F,2009-10-01,0.784
M,1Y,F,2009-11-01,0.767
M,1Y,F,2009-12-01,0.766
M,1Y,F,2010-01-01,0.711
M,1Y,F,2010-02-01,0.639
M,1Y,F,2010-03-01,0.628
M,1Y,F,2010-04-01,0.616
M,1Y,F,2010-05-01,0.588
M,1Y,F,2010-06-01,0.633
M,1Y,F,2010-07-01,0.71
M,1Y,F,2010-08-01,0.66
M,1Y,F,2010-09-01,0.768
M,1Y,F,2010-10-01,0.971
M,1Y,F,2010-11-01,1.081
M,1Y,F,2010-12-01,1.56
M,1Y,F,2011-01-01,1.424
M,1Y,F,2011-02-01,1.487
M,1Y,F,2011-03-01,1.558
M,1Y,F,2011-04-01,1.622
M,1Y,F,2011-05-01,1.623
M,1Y,F,2011-06-01,1.622
M,1Y,F,2011-07-01,1.72
M,1Y,F,2011-08-01,1.146
M,1Y,F,2011-09-01,1.115
M,1Y,F,2011-10-01,1.281
M,1Y,F,2011-11-01,2.66
M,1Y,F,2011-12-01,1.447
M,1Y,F,2012-01-01,0.945
M,1Y,F,2012-02-01,0.804
M,1Y,F,2012-03-01,0.556
M,1Y,F,2012-04-01,0.619
M,1Y,F,2012-05-01,0.489
M,1Y,F,2012-06-01,0.493
M,1Y,F,2012-07-01,0.131
M,1Y,F,2012-08-01,0.08
M,1Y,F,2012-09-01,0.092
M,1Y,F,2012-10-01,0.095
M,1Y,F,2012-11-01,0.073
M,1Y,F,2012-12-01,0.028
M,1Y,F,2013-01-01,0.121
M,1Y,F,2013-02-01,0.162
M,1Y,F,2013-03-01,0.13
M,1Y,F,2013-04-01,0.084
M,1Y,F,2013-05-01,0.063
M,1Y,F,2013-06-01,0.16
M,1Y,F,2013-07-01,0.16
M,1Y,F,2013-08-01,0.189
M,1Y,F,2013-09-01,0.211
M,1Y,F,2013-10-01,0.181
M,1Y,F,2013-11-01,0.139
M,1Y,F,2013-12-01,0.194
M,1Y,F,2014-01-01,0.185
M,1Y,F,2014-02-01,0.154
M,1Y,F,2014-03-01,0.192
M,1Y,F,2014-04-01,0.193
M,1Y,F,2014-05-01,0.152
M,1Y,F,2014-06-01,0.058
M,1Y,F,2014-07-01,0.026
M,1Y,F,2014-08-01,0.012
M,1Y,F,2014-09-01,-0.038
M,1Y,F,2014-10-01,-0.031
M,1Y,F,2014-11-01,-0.003
M,1Y,F,2014-12-01,-0.042
M,1Y,F,2015-01-01,-0.127
M,1Y,F,2015-02-01,-0.132
M,1Y,F,2015-03-01,-0.154
M,1Y,F,2015-04-01,-0.191
M,1Y,F,2015-05-01,-0.181
M,1Y,F,2015-06-01,-0.169
M,1Y,F,2015-07-01,-0.182
M,1Y,F,2015-08-01,-0.197
M,1Y,F,2015-09-01,-0.197
M,1Y,F,2015-10-01,-0.223
M,1Y,F,2015-11-01,-0.305
M,1Y,F,2015-12-01,-0.353
M,1Y,F,2016-01-01,-0.381
M,1Y,F,2016-02-01,-0.42
M,1Y,F,2016-03-01,-0.438
M,1Y,F,2016-04-01,-0.468
M,1Y,F,2016-05-01,-0.494
M,1Y,F,2016-06-01,-0.514
M,1Y,F,2016-07-01,-0.578
M,1Y,F,2016-08-01,-0.58
M,1Y,F,2016-09-01,-0.597
M,1Y,F,2016-10-01,-0.67
M,1Y,F,2016-11-01,-0.684
M,1Y,F,2016-12-01,-0.726
M,1Y,F,2017-01-01,-0.612
M,1Y,F,2017-02-01,-0.627
M,1Y,F,2017-03-01,-0.616
M,1Y,F,2017-04-01,-0.583
M,1Y,F,2017-05-01,-0.558
M,1Y,F,2017-06-01,-0.586
M,1Y,F,2017-07-01,-0.555
M,1Y,F,2017-08-01,-0.562
M,1Y,F,2017-09-01,-0.578
M,1Y,F,2017-10-01,-0.588
M,1Y,F,2017-11-01,-0.637
M,1Y,F,2017-12-01,-0.634
M,1Y,F,2018-01-01,-0.555
M,1Y,F,2018-02-01,-0.553
M,1Y,F,2018-03-01,-0.567
M,1Y,F,2018-04-01,-0.548
M,1Y,F,2018-05-01,-0.558
M,1Y,F,2018-06-01,-0.567
M,1Y,F,2018-07-01,-0.555
M,1Y,F,2018-08-01,-0.541
M,1Y,F,2018-09-01,-0.535
M,1Y,F,2018-10-01,-0.596
M,1Y,F,2018-11-01,-0.586
M,1Y,F,2018-12-01,-0.588
M,1Y,F,2019-01-01,-0.54
M,1Y,F,2019-02-01,-0.513
M,1Y,F,2019-03-01,-0.531
M,1Y,F,2019-04-01,-0.524
M,1Y,F,2019-05-01,-0.563
M,1Y,F,2019-06-01,-0.566
M,1Y,F,2019-07-01,-0.632
M,1Y,F,2019-08-01,-0.711
M,1Y,F,2019-09-01,-0.663
M,1Y,F,2019-10-01,-0.618
M,1Y,F,2019-11-01,-0.587
M,1Y,F,2019-12-01,-0.595
M,1Y,F,2020-01-01,-0.575
M,1Y,F,2020-02-01,-0.582
M,1Y,F,2020-03-01,-0.61
M,1Y,F,2020-04-01,-0.443
M,1Y,F,2020-05-01,-0.492
M,1Y,F,2020-06-01,-0.511
M,1Y,F,2020-07-01,-0.555
M,1Y,F,2020-08-01,-0.56
M,1Y,F,2020-09-01,-0.576
M,1Y,F,2020-10-01,-0.625
M,1Y,F,2020-11-01,-0.607
M,1Y,F,2020-12-01,-0.667
M,1Y,F,2021-01-01,-0.621
M,1Y,F,2021-02-01,-0.625
M,1Y,F,2021-03-01,-0.613
M,1Y,F,2021-04-01,-0.622
M,1Y,F,2021-05-01,-0.634
M,1Y,F,2021-06-01,-0.648
M,1Y,F,2021-07-01,-0.64
M,1Y,F,2021-08-01,-0.647
M,1Y,F,2021-09-01,-0.646
M,1Y,F,2021-10-01,-0.643
M,1Y,F,2021-11-01,-0.723
M,1Y,F,2021-12-01,-0.685
M,1Y,F,2022-01-01,-0.64
M,1Y,F,2022-02-01,-0.58
M,1Y,F,2022-03-01,-0.59
M,1Y,F,2022-04-01,-0.3
M,1Y,F,2022-05-01,-0.04
M,1Y,F,2022-06-01,0.46
M,1Y,F,2022-07-01,0.45
M,1Y,F,2022-08-01,0.6
M,1Y,F,2022-09-01,1.49
M,1Y,F,2022-10-01,2.03
M,1Y,F,2022-11-01,2.33
M,1Y,F,2022-12-01,2.54
M,1Y,F,2023-01-01,2.86
M,1Y,F,2023-02-01,3.02
M,1Y,F,2023-03-01,3.11
M,1Y,F,2023-04-01,3.24
M,1Y,F,2023-05-01,3.26
M,1Y,F,2023-06-01,3.53
M,1Y,F,2023-07-01,3.7
M,1Y,F,2023-08-01,3.63
M,1Y,F,2023-09-01,3.66
M,1Y,F,2023-10-01,3.75
M,1Y,F,2023-11-01,3.65
M,1Y,F,2023-12-01,3.54
M,1Y,F,2024-01-01,3.43
M,1Y,F,2024-02-01,3.47
M,1Y,F,2024-03-01,3.48
M,1Y,F,2024-04-01,3.49
M,1Y,F,2024-05-01,3.49
M,1Y,F,2024-06-01,3.46
M,1Y,F,2024-07-01,3.32
M,1Y,F,2024-08-01,3.03
M,1Y,F,2024-09-01,2.86
M,1Y,F,2024-10-01,2.67
M,1Y,F,2024-11-01,2.48
M,1Y,F,2024-12-01,2.33
M,1Y,F,2025-01-01,2.4
M,1Y,F,2025-02-01,2.25
M,1Y,F,2025-03-01,2.24
M,1Y,F,2025-04-01,1.99
M,1Y,F,2025-05-01,1.93
M,1Y,F,2025-06-01,1.93
M,1Y,F,2025-07-01,1.93
M,1Y,F,2025-08-01,1.98
M,1Y,F,2025-09-01,2.02
M,1Y,F,2025-10-01,2.01
M,1Y,F,2025-11-01,2.04
M,1Y,F,2025-12-01,2.08
M,1Y,F,2026-01-01,2.06
M,1Y,F,2026-02-01,2.04
M,1Y,F,2026-03-01,2.38
M,1Y,F,2026-04-01,2.52
M,1Y,F,2026-05-01,2.58
M,1Y,F,2026-06-01,2.61
M,1Y,F,2026-07-01,2.68
M,1Y,F,2026-08-01,2.76
M,1Y,F,2026-09-01,3.06
